Payment_ID,Order_ID,Payment_Date,Payment_Method,Payment_Status,Amount
PAY70001,O50001,2025-05-23,Cash on Delivery,Paid,849.15
PAY70002,O50002,2025-03-07,UPI,Paid,1199.25
PAY70003,O50003,2025-05-14,Credit Card,Refunded,1999.2
PAY70004,O50004,2025-07-19,Net Banking,Paid,4497.75
PAY70005,O50005,2025-06-06,Cash on Delivery,Paid,1598.0
PAY70006,O50006,2025-03-21,Cash on Delivery,Paid,1518.1
PAY70007,O50007,2025-09-08,Credit Card,Paid,399.0
PAY70008,O50008,2025-03-30,Cash on Delivery,Paid,4498.2
PAY70009,O50009,2025-10-31,Credit Card,Paid,974.25
PAY70010,O50010,2025-08-31,Cash on Delivery,Paid,1169.1
PAY70011,O50011,2025-03-31,Net Banking,Paid,2399.2
PAY70012,O50012,2025-11-21,UPI,Paid,6747.3
PAY70013,O50013,2025-06-23,Cash on Delivery,Paid,719.1
PAY70014,O50014,2025-12-23,UPI,Paid,224.25
PAY70015,O50015,2025-01-19,Cash on Delivery,Paid,718.2
PAY70016,O50016,2025-08-13,Debit Card,Paid,3198.4
PAY70017,O50017,2025-10-22,Debit Card,Paid,2468.1
PAY70018,O50018,2025-11-06,UPI,Refunded,6747.75
PAY70019,O50019,2025-08-08,UPI,Paid,1359.15
PAY70020,O50020,2025-08-23,Cash on Delivery,Paid,239.2
PAY70021,O50021,2025-09-05,UPI,Refunded,2499.0
PAY70022,O50022,2025-02-21,Net Banking,Paid,678.3
PAY70023,O50023,2025-01-17,Debit Card,Paid,672.75
PAY70024,O50024,2025-11-20,Debit Card,Paid,299.25
PAY70025,O50025,2025-04-23,Debit Card,Paid,499.0
PAY70026,O50026,2025-07-03,UPI,Refunded,2878.2
PAY70027,O50027,2025-12-26,Credit Card,Paid,2338.2
PAY70028,O50028,2025-01-07,Debit Card,Refunded,3702.15
PAY70029,O50029,2025-02-21,Cash on Delivery,Paid,1599.2
PAY70030,O50030,2025-11-12,Debit Card,Paid,949.05
PAY70031,O50031,2025-08-31,UPI,Paid,2249.1
PAY70032,O50032,2025-09-03,Cash on Delivery,Paid,1104.15
PAY70033,O50033,2026-01-02,Debit Card,Paid,254.15
PAY70034,O50034,2025-07-07,Credit Card,Paid,3837.6
PAY70035,O50035,2025-10-15,Net Banking,Paid,3498.6
PAY70036,O50036,2025-04-03,Debit Card,Paid,2598.0
PAY70037,O50037,2025-04-18,Debit Card,Paid,798.4
PAY70038,O50038,2025-01-13,Debit Card,Paid,568.1
PAY70039,O50039,2025-05-28,UPI,Refunded,2338.2
PAY70040,O50040,2025-04-29,Credit Card,Paid,399.0
PAY70041,O50041,2025-07-23,UPI,Paid,5998.0
PAY70042,O50042,2025-05-21,Credit Card,Paid,3598.2
PAY70043,O50043,2025-04-25,UPI,Paid,2699.1
PAY70044,O50044,2025-06-01,UPI,Paid,448.5
PAY70045,O50045,2025-02-27,Net Banking,Refunded,479.2
PAY70046,O50046,2025-06-08,Credit Card,Paid,699.3
PAY70047,O50047,2025-11-08,Debit Card,Paid,1359.15
PAY70048,O50048,2025-05-13,Credit Card,Paid,379.05
PAY70049,O50049,2025-06-14,UPI,Paid,1798.2
PAY70050,O50050,2025-10-03,Credit Card,Paid,539.1
PAY70051,O50051,2025-07-03,Net Banking,Paid,1169.1
PAY70052,O50052,2025-03-19,UPI,Paid,4248.3
PAY70053,O50053,2025-11-22,Credit Card,Paid,2549.15
PAY70054,O50054,2025-02-15,UPI,Paid,449.1
PAY70055,O50055,2025-07-25,UPI,Paid,299.0
PAY70056,O50056,2025-02-07,Cash on Delivery,Refunded,1599.0
PAY70057,O50057,2025-11-14,Net Banking,Paid,949.05
PAY70058,O50058,2025-01-23,UPI,Paid,2999.0
PAY70059,O50059,2025-03-16,UPI,Paid,239.2
PAY70060,O50060,2025-08-31,Credit Card,Paid,1797.0
PAY70061,O50061,2025-06-05,Net Banking,Paid,1999.2
PAY70062,O50062,2025-08-27,UPI,Refunded,359.1
PAY70063,O50063,2025-01-07,Debit Card,Paid,799.0
PAY70064,O50064,2025-08-11,Debit Card,Paid,799.2
PAY70065,O50065,2025-11-06,UPI,Paid,1699.15
PAY70066,O50066,2025-03-28,Debit Card,Paid,2374.05
PAY70067,O50067,2025-06-26,UPI,Paid,4497.75
PAY70068,O50068,2025-09-18,UPI,Paid,3198.0
PAY70069,O50069,2025-08-09,Credit Card,Refunded,1519.05
PAY70070,O50070,2025-02-08,UPI,Paid,1279.2
PAY70071,O50071,2025-05-23,Net Banking,Paid,239.2
PAY70072,O50072,2025-08-24,Debit Card,Paid,3507.3
PAY70073,O50073,2025-07-24,Cash on Delivery,Paid,2499.0
PAY70074,O50074,2025-11-27,Credit Card,Paid,1948.5
PAY70075,O50075,2025-10-22,UPI,Paid,719.1
PAY70076,O50076,2025-06-23,UPI,Paid,4557.15
PAY70077,O50077,2025-05-06,Net Banking,Paid,1104.15
PAY70078,O50078,2025-11-24,Credit Card,Paid,1199.25
PAY70079,O50079,2025-03-07,Credit Card,Paid,999.0
PAY70080,O50080,2025-10-10,Credit Card,Paid,5997.6
PAY70081,O50081,2025-09-29,UPI,Paid,254.15
PAY70082,O50082,2025-09-01,UPI,Paid,3598.2
PAY70083,O50083,2025-01-17,UPI,Refunded,479.2
PAY70084,O50084,2025-08-16,UPI,Paid,418.6
PAY70085,O50085,2025-05-11,UPI,Refunded,569.05
PAY70086,O50086,2025-07-16,Credit Card,Paid,4998.0
PAY70087,O50087,2025-10-21,Debit Card,Paid,974.25
PAY70088,O50088,2025-07-30,Credit Card,Paid,4248.3
PAY70089,O50089,2025-04-25,UPI,Paid,1078.2
PAY70090,O50090,2025-09-01,Debit Card,Paid,849.15
PAY70091,O50091,2025-06-15,Credit Card,Paid,399.2
PAY70092,O50092,2025-07-12,Cash on Delivery,Paid,1598.4
PAY70093,O50093,2025-09-15,Credit Card,Paid,749.25
PAY70094,O50094,2025-11-25,UPI,Paid,1347.3
PAY70095,O50095,2025-08-07,UPI,Paid,899.1
PAY70096,O50096,2025-12-26,Debit Card,Refunded,254.15
PAY70097,O50097,2025-10-04,Credit Card,Paid,2249.1
PAY70098,O50098,2025-02-22,UPI,Paid,1698.3
PAY70099,O50099,2025-06-07,Credit Card,Paid,359.1
PAY70100,O50100,2025-12-30,UPI,Paid,3798.1
PAY70101,O50101,2025-02-25,Credit Card,Refunded,359.1
PAY70102,O50102,2025-01-15,UPI,Paid,1279.2
PAY70103,O50103,2025-09-26,Net Banking,Paid,3117.6
PAY70104,O50104,2025-12-06,UPI,Paid,4077.45
PAY70105,O50105,2025-04-02,Debit Card,Paid,949.05
PAY70106,O50106,2025-01-28,Credit Card,Paid,449.1
PAY70107,O50107,2025-03-30,UPI,Paid,3117.6
PAY70108,O50108,2025-02-11,Cash on Delivery,Paid,269.1
PAY70109,O50109,2025-11-01,Debit Card,Paid,798.4
PAY70110,O50110,2025-09-27,UPI,Paid,1272.45
PAY70111,O50111,2025-05-19,Credit Card,Paid,284.05
PAY70112,O50112,2025-01-06,Cash on Delivery,Paid,798.4
PAY70113,O50113,2025-09-01,Cash on Delivery,Paid,4998.0
PAY70114,O50114,2025-06-13,Debit Card,Paid,509.15
PAY70115,O50115,2025-06-30,Debit Card,Paid,284.05
PAY70116,O50116,2025-10-25,UPI,Paid,2598.0
PAY70117,O50117,2025-01-06,Cash on Delivery,Paid,1699.15
PAY70118,O50118,2025-09-29,UPI,Paid,1272.45
PAY70119,O50119,2025-09-29,UPI,Paid,1599.2
PAY70120,O50120,2025-06-06,Cash on Delivery,Refunded,319.2
PAY70121,O50121,2025-03-26,UPI,Paid,1279.2
PAY70122,O50122,2025-07-20,Credit Card,Paid,2157.3
PAY70123,O50123,2025-01-12,Credit Card,Paid,1017.45
PAY70124,O50124,2025-05-18,Net Banking,Paid,678.3
PAY70125,O50125,2025-09-01,Credit Card,Paid,2249.1
PAY70126,O50126,2025-07-22,Credit Card,Refunded,509.15
PAY70127,O50127,2025-06-07,UPI,Paid,672.75
PAY70128,O50128,2025-10-04,UPI,Paid,2468.1
PAY70129,O50129,2025-08-13,Net Banking,Paid,1499.25
PAY70130,O50130,2025-03-10,Credit Card,Refunded,998.0
PAY70131,O50131,2025-07-05,UPI,Paid,269.1
PAY70132,O50132,2025-07-15,UPI,Paid,5398.2
PAY70133,O50133,2025-02-11,UPI,Paid,1272.45
PAY70134,O50134,2025-06-01,Credit Card,Refunded,499.0
PAY70135,O50135,2025-03-25,UPI,Paid,1499.25
PAY70136,O50136,2025-05-15,UPI,Paid,399.2
PAY70137,O50137,2025-11-05,UPI,Refunded,1359.15
PAY70138,O50138,2025-12-20,Cash on Delivery,Paid,5398.2
PAY70139,O50139,2025-10-26,Debit Card,Paid,1122.75
PAY70140,O50140,2025-02-01,Credit Card,Paid,399.2
PAY70141,O50141,2025-01-11,UPI,Paid,339.15
PAY70142,O50142,2025-06-20,Credit Card,Paid,639.2
PAY70143,O50143,2025-10-19,Cash on Delivery,Paid,2547.45
PAY70144,O50144,2025-06-19,Credit Card,Paid,4248.3
PAY70145,O50145,2025-12-10,UPI,Paid,1439.1
PAY70146,O50146,2025-05-26,Cash on Delivery,Paid,899.1
PAY70147,O50147,2025-08-18,Credit Card,Paid,5998.0
PAY70148,O50148,2025-11-04,UPI,Paid,1438.2
PAY70149,O50149,2025-03-19,Credit Card,Failed,1598.4
PAY70150,O50150,2025-08-12,UPI,Paid,2238.6
PAY70151,O50151,2025-06-28,UPI,Refunded,627.9
PAY70152,O50152,2025-07-10,Cash on Delivery,Paid,2547.45
PAY70153,O50153,2025-10-31,Credit Card,Paid,1272.45
PAY70154,O50154,2025-02-15,Debit Card,Refunded,1234.05
PAY70155,O50155,2025-01-18,Cash on Delivery,Refunded,638.4
PAY70156,O50156,2025-03-09,Debit Card,Paid,599.0
PAY70157,O50157,2025-12-26,Debit Card,Paid,5398.2
PAY70158,O50158,2025-09-19,Cash on Delivery,Paid,2547.45
PAY70159,O50159,2025-05-03,Credit Card,Paid,359.1
PAY70160,O50160,2025-08-19,UPI,Refunded,3998.0
PAY70161,O50161,2025-05-06,Cash on Delivery,Paid,1278.4
PAY70162,O50162,2025-04-24,UPI,Paid,2338.2
PAY70163,O50163,2025-10-01,UPI,Paid,5998.0
PAY70164,O50164,2025-03-22,UPI,Paid,798.0
PAY70165,O50165,2025-09-04,Net Banking,Paid,1518.1
PAY70166,O50166,2025-12-14,Cash on Delivery,Refunded,284.05
PAY70167,O50167,2025-11-26,Credit Card,Paid,1917.6
PAY70168,O50168,2025-08-03,UPI,Paid,719.1
PAY70169,O50169,2025-12-20,UPI,Paid,3198.4
PAY70170,O50170,2025-08-24,Debit Card,Paid,948.1
PAY70171,O50171,2025-03-24,UPI,Paid,3398.3
PAY70172,O50172,2025-10-23,Credit Card,Paid,1018.3
PAY70173,O50173,2025-11-08,Credit Card,Paid,3398.3
PAY70174,O50174,2025-03-18,Debit Card,Paid,1699.15
PAY70175,O50175,2025-01-15,Debit Card,Paid,1499.25
PAY70176,O50176,2025-08-09,UPI,Refunded,1519.05
PAY70177,O50177,2025-08-18,Debit Card,Paid,2124.15
PAY70178,O50178,2025-09-24,UPI,Paid,449.25
PAY70179,O50179,2025-09-23,Credit Card,Paid,1998.0
PAY70180,O50180,2025-04-20,Credit Card,Paid,299.0
PAY70181,O50181,2025-11-04,UPI,Failed,2468.1
PAY70182,O50182,2025-07-20,UPI,Refunded,762.45
PAY70183,O50183,2025-08-14,UPI,Paid,949.05
PAY70184,O50184,2025-07-04,Credit Card,Refunded,1899.05
PAY70185,O50185,2025-01-31,UPI,Paid,1439.1
PAY70186,O50186,2025-04-12,UPI,Paid,339.15
PAY70187,O50187,2025-09-17,UPI,Refunded,3038.1
PAY70188,O50188,2025-04-11,Credit Card,Paid,2338.2
PAY70189,O50189,2025-12-06,Debit Card,Paid,339.15
PAY70190,O50190,2025-10-26,Credit Card,Paid,974.25
PAY70191,O50191,2025-10-13,Debit Card,Paid,1698.3
PAY70192,O50192,2025-09-23,Credit Card,Paid,798.4
PAY70193,O50193,2025-05-20,Cash on Delivery,Paid,807.3
PAY70194,O50194,2025-10-29,UPI,Paid,6747.3
PAY70195,O50195,2025-10-13,Credit Card,Paid,359.1
PAY70196,O50196,2025-12-17,Debit Card,Paid,239.2
PAY70197,O50197,2025-08-04,Credit Card,Refunded,1439.1
PAY70198,O50198,2025-02-02,Credit Card,Paid,399.2
PAY70199,O50199,2025-10-31,Cash on Delivery,Paid,1119.3
PAY70200,O50200,2025-03-31,Cash on Delivery,Paid,798.0
PAY70201,O50201,2025-03-05,Debit Card,Paid,3198.0
PAY70202,O50202,2025-10-08,Credit Card,Paid,799.0
PAY70203,O50203,2025-03-17,Debit Card,Paid,4498.2
PAY70204,O50204,2025-11-04,Credit Card,Refunded,499.0
PAY70205,O50205,2025-05-05,Cash on Delivery,Paid,974.25
PAY70206,O50206,2025-09-28,Debit Card,Paid,2997.0
PAY70207,O50207,2025-10-12,UPI,Paid,1077.3
PAY70208,O50208,2025-05-02,Credit Card,Paid,948.1
PAY70209,O50209,2025-12-12,Debit Card,Paid,1874.25
PAY70210,O50210,2025-08-01,Net Banking,Paid,2547.45
PAY70211,O50211,2025-05-30,Net Banking,Paid,749.25
PAY70212,O50212,2025-03-21,Cash on Delivery,Paid,419.3
PAY70213,O50213,2026-01-01,Credit Card,Paid,4248.3
PAY70214,O50214,2025-01-16,UPI,Paid,1138.1
PAY70215,O50215,2025-05-16,Debit Card,Paid,949.05
PAY70216,O50216,2025-10-31,UPI,Paid,1519.05
PAY70217,O50217,2025-10-09,Cash on Delivery,Paid,1599.2
PAY70218,O50218,2025-03-21,Debit Card,Paid,1998.0
PAY70219,O50219,2025-09-01,Cash on Delivery,Refunded,399.0
PAY70220,O50220,2025-07-12,UPI,Paid,509.15
PAY70221,O50221,2025-09-01,UPI,Paid,1359.15
PAY70222,O50222,2025-02-22,Credit Card,Paid,509.15
PAY70223,O50223,2025-08-20,UPI,Paid,2878.2
PAY70224,O50224,2025-09-17,Debit Card,Paid,319.2
PAY70225,O50225,2025-08-08,Credit Card,Paid,1699.15
PAY70226,O50226,2025-07-26,Debit Card,Paid,399.0
PAY70227,O50227,2025-11-11,UPI,Paid,2399.2
PAY70228,O50228,2025-11-07,Net Banking,Paid,3498.6
PAY70229,O50229,2025-05-01,Debit Card,Paid,499.0
PAY70230,O50230,2025-03-21,Cash on Delivery,Paid,359.1
PAY70231,O50231,2025-02-13,UPI,Failed,762.45
PAY70232,O50232,2025-01-22,UPI,Paid,399.0
PAY70233,O50233,2025-01-10,Net Banking,Paid,974.25
PAY70234,O50234,2025-11-09,UPI,Paid,2338.2
PAY70235,O50235,2025-06-03,Credit Card,Paid,5997.6
PAY70236,O50236,2025-11-08,Cash on Delivery,Paid,4248.3
PAY70237,O50237,2025-10-23,Credit Card,Paid,509.15
PAY70238,O50238,2025-03-28,UPI,Paid,379.05
PAY70239,O50239,2025-04-25,UPI,Paid,2849.05
PAY70240,O50240,2025-07-08,Credit Card,Paid,2499.0
PAY70241,O50241,2025-04-24,Debit Card,Paid,284.05
PAY70242,O50242,2025-06-24,UPI,Paid,2249.1
PAY70243,O50243,2025-11-06,Debit Card,Paid,319.2
PAY70244,O50244,2025-10-31,Credit Card,Paid,5398.2
PAY70245,O50245,2025-01-05,Net Banking,Paid,3117.6
PAY70246,O50246,2025-08-11,UPI,Paid,1077.3
PAY70247,O50247,2025-08-10,Debit Card,Paid,2397.6
PAY70248,O50248,2025-06-22,Cash on Delivery,Paid,1118.6
PAY70249,O50249,2025-11-16,Debit Card,Refunded,759.05
PAY70250,O50250,2025-08-03,Credit Card,Refunded,1122.75
PAY70251,O50251,2025-09-12,UPI,Paid,2549.15
PAY70252,O50252,2025-05-05,UPI,Paid,799.2
PAY70253,O50253,2025-05-09,Debit Card,Paid,5098.3
PAY70254,O50254,2025-08-01,UPI,Paid,1798.2
PAY70255,O50255,2025-04-24,Net Banking,Paid,1898.1
PAY70256,O50256,2025-03-27,Cash on Delivery,Paid,4998.0
PAY70257,O50257,2025-01-05,UPI,Paid,678.3
PAY70258,O50258,2025-03-07,UPI,Paid,2099.3
PAY70259,O50259,2025-11-15,Cash on Delivery,Paid,319.2
PAY70260,O50260,2025-12-13,Credit Card,Paid,807.3
PAY70261,O50261,2025-05-01,Credit Card,Paid,3998.4
PAY70262,O50262,2025-09-02,Debit Card,Paid,239.2
PAY70263,O50263,2025-05-17,UPI,Refunded,2878.2
PAY70264,O50264,2025-09-04,Cash on Delivery,Paid,399.0
PAY70265,O50265,2025-02-16,Net Banking,Paid,999.0
PAY70266,O50266,2025-05-27,UPI,Paid,1797.75
PAY70267,O50267,2025-06-27,UPI,Paid,2399.2
PAY70268,O50268,2025-02-12,Cash on Delivery,Paid,359.1
PAY70269,O50269,2025-10-25,Debit Card,Paid,2699.1
PAY70270,O50270,2025-03-31,UPI,Paid,319.2
PAY70271,O50271,2025-08-07,UPI,Paid,1874.25
PAY70272,O50272,2025-08-17,UPI,Paid,3198.4
PAY70273,O50273,2025-10-27,Cash on Delivery,Paid,5098.3
PAY70274,O50274,2025-10-20,Credit Card,Paid,3702.15
PAY70275,O50275,2025-03-08,Credit Card,Paid,3398.3
PAY70276,O50276,2025-09-09,Cash on Delivery,Paid,1234.05
PAY70277,O50277,2025-02-12,Credit Card,Paid,4798.4
PAY70278,O50278,2025-04-11,Credit Card,Paid,898.2
PAY70279,O50279,2025-11-03,Cash on Delivery,Paid,3998.4
PAY70280,O50280,2025-12-27,UPI,Paid,269.1
PAY70281,O50281,2025-12-10,Cash on Delivery,Paid,1999.2
PAY70282,O50282,2025-03-21,UPI,Failed,1439.1
PAY70283,O50283,2025-10-30,Credit Card,Paid,1439.1
PAY70284,O50284,2025-07-18,UPI,Refunded,762.45
PAY70285,O50285,2025-05-28,Cash on Delivery,Paid,399.0
PAY70286,O50286,2025-04-16,Credit Card,Paid,598.5
PAY70287,O50287,2025-07-12,UPI,Paid,2208.3
PAY70288,O50288,2025-05-02,UPI,Paid,509.15
PAY70289,O50289,2025-03-19,Credit Card,Paid,3117.6
PAY70290,O50290,2025-11-08,Debit Card,Paid,748.5
PAY70291,O50291,2025-04-24,Credit Card,Paid,5098.3
PAY70292,O50292,2025-12-17,Net Banking,Paid,598.5
PAY70293,O50293,2025-10-25,Net Banking,Paid,1999.0
PAY70294,O50294,2025-06-20,Credit Card,Paid,2499.0
PAY70295,O50295,2025-01-06,Credit Card,Paid,2124.15
PAY70296,O50296,2025-07-17,UPI,Paid,539.1
PAY70297,O50297,2025-04-10,Cash on Delivery,Paid,899.1
PAY70298,O50298,2025-11-27,UPI,Paid,1077.3
PAY70299,O50299,2025-08-20,Credit Card,Paid,1078.2
PAY70300,O50300,2025-06-18,Debit Card,Paid,799.2
PAY70301,O50301,2025-10-26,Cash on Delivery,Paid,4077.45
PAY70302,O50302,2025-09-23,Credit Card,Paid,349.3
PAY70303,O50303,2025-01-08,Cash on Delivery,Paid,5997.6
PAY70304,O50304,2025-06-23,UPI,Paid,1078.2
PAY70305,O50305,2025-12-26,Credit Card,Paid,758.1
PAY70306,O50306,2025-07-16,UPI,Paid,1438.2
PAY70307,O50307,2025-09-28,Net Banking,Paid,1917.6
PAY70308,O50308,2025-01-21,Credit Card,Paid,999.0
PAY70309,O50309,2025-12-20,Credit Card,Paid,1898.1
PAY70310,O50310,2025-12-20,UPI,Paid,2398.5
PAY70311,O50311,2025-02-18,Credit Card,Paid,2208.3
PAY70312,O50312,2025-12-23,UPI,Paid,284.05
PAY70313,O50313,2025-12-06,UPI,Paid,1138.1
PAY70314,O50314,2025-06-09,UPI,Paid,3748.5
PAY70315,O50315,2025-03-07,UPI,Failed,1874.25
PAY70316,O50316,2025-12-15,UPI,Paid,3798.1
PAY70317,O50317,2025-03-01,UPI,Paid,2697.3
PAY70318,O50318,2025-11-07,UPI,Paid,2399.2
PAY70319,O50319,2025-11-05,Credit Card,Paid,7197.6
PAY70320,O50320,2025-12-04,Credit Card,Paid,3998.4
PAY70321,O50321,2025-06-10,Net Banking,Paid,424.15
PAY70322,O50322,2025-09-30,Credit Card,Paid,224.25
PAY70323,O50323,2025-05-02,UPI,Paid,539.1
PAY70324,O50324,2025-09-12,Debit Card,Paid,4748.1
PAY70325,O50325,2025-09-19,UPI,Paid,1598.4
PAY70326,O50326,2025-05-17,Debit Card,Paid,1018.3
PAY70327,O50327,2025-10-01,Credit Card,Paid,1874.25
PAY70328,O50328,2025-02-27,Credit Card,Paid,1599.0
PAY70329,O50329,2025-11-27,Credit Card,Paid,399.2
PAY70330,O50330,2025-04-06,Cash on Delivery,Paid,269.1
PAY70331,O50331,2025-04-26,UPI,Refunded,2718.3
PAY70332,O50332,2025-12-23,Cash on Delivery,Paid,4998.0
PAY70333,O50333,2025-01-29,Credit Card,Paid,1698.3
PAY70334,O50334,2025-11-04,Cash on Delivery,Paid,2399.2
PAY70335,O50335,2025-01-02,Credit Card,Paid,1798.2
PAY70336,O50336,2025-08-01,Debit Card,Paid,1137.15
PAY70337,O50337,2025-03-09,Debit Card,Paid,2547.45
PAY70338,O50338,2025-05-08,Net Banking,Paid,478.4
PAY70339,O50339,2025-11-30,Credit Card,Paid,1617.3
PAY70340,O50340,2025-01-25,Debit Card,Paid,1137.15
PAY70341,O50341,2025-09-12,Debit Card,Paid,899.1
PAY70342,O50342,2025-08-18,Credit Card,Refunded,1797.75
PAY70343,O50343,2025-06-27,Net Banking,Paid,2249.1
PAY70344,O50344,2025-08-11,UPI,Paid,2499.0
PAY70345,O50345,2025-02-05,UPI,Paid,479.2
PAY70346,O50346,2025-01-02,Debit Card,Paid,399.2
PAY70347,O50347,2025-12-29,Debit Card,Paid,1299.0
PAY70348,O50348,2025-10-02,UPI,Paid,1399.3
PAY70349,O50349,2025-06-28,Debit Card,Paid,339.15
PAY70350,O50350,2025-09-21,Net Banking,Paid,254.15
PAY70351,O50351,2025-07-06,UPI,Paid,1439.1
PAY70352,O50352,2025-01-17,Credit Card,Paid,1797.75
PAY70353,O50353,2025-10-06,Net Banking,Paid,474.05
PAY70354,O50354,2025-07-14,Credit Card,Paid,359.1
PAY70355,O50355,2025-07-18,Credit Card,Paid,499.0
PAY70356,O50356,2025-12-16,UPI,Paid,1039.2
PAY70357,O50357,2025-11-01,Net Banking,Paid,339.15
PAY70358,O50358,2025-03-07,Net Banking,Paid,424.15
PAY70359,O50359,2025-10-17,Credit Card,Paid,2277.15
PAY70360,O50360,2025-01-18,UPI,Paid,509.15
PAY70361,O50361,2025-03-06,Debit Card,Paid,1917.6
PAY70362,O50362,2025-12-30,Credit Card,Refunded,1798.2
PAY70363,O50363,2025-11-27,Cash on Delivery,Paid,1437.6
PAY70364,O50364,2025-12-24,UPI,Paid,539.1
PAY70365,O50365,2025-09-09,UPI,Paid,1599.2
PAY70366,O50366,2025-01-17,UPI,Paid,799.0
PAY70367,O50367,2025-05-21,Credit Card,Paid,2549.15
PAY70368,O50368,2025-11-04,UPI,Refunded,699.3
PAY70369,O50369,2025-11-17,Cash on Delivery,Paid,1399.3
PAY70370,O50370,2025-09-04,UPI,Paid,538.2
PAY70371,O50371,2025-10-18,Debit Card,Paid,539.1
PAY70372,O50372,2025-12-17,Credit Card,Paid,4998.0
PAY70373,O50373,2025-03-29,Credit Card,Paid,1199.25
PAY70374,O50374,2025-07-18,Cash on Delivery,Paid,1104.15
PAY70375,O50375,2025-12-26,Credit Card,Paid,1439.1
PAY70376,O50376,2025-06-12,UPI,Paid,1599.0
PAY70377,O50377,2025-05-20,UPI,Paid,1948.5
PAY70378,O50378,2025-03-19,Cash on Delivery,Paid,508.3
PAY70379,O50379,2025-01-19,Cash on Delivery,Paid,1439.1
PAY70380,O50380,2025-11-27,UPI,Refunded,539.1
PAY70381,O50381,2025-02-20,Debit Card,Paid,899.1
PAY70382,O50382,2025-08-22,Credit Card,Paid,5098.3
PAY70383,O50383,2025-10-24,Debit Card,Paid,1874.25
PAY70384,O50384,2025-01-12,Cash on Delivery,Paid,598.5
PAY70385,O50385,2025-12-03,UPI,Paid,898.2
PAY70386,O50386,2025-01-17,Debit Card,Paid,479.2
PAY70387,O50387,2025-01-30,Credit Card,Paid,359.1
PAY70388,O50388,2025-10-19,Debit Card,Paid,1519.05
PAY70389,O50389,2025-11-18,Credit Card,Paid,558.6
PAY70390,O50390,2025-09-07,Debit Card,Failed,1438.2
PAY70391,O50391,2025-04-08,UPI,Paid,1799.1
PAY70392,O50392,2025-11-01,Credit Card,Paid,837.9
PAY70393,O50393,2025-12-04,Debit Card,Paid,999.0
PAY70394,O50394,2025-02-08,UPI,Paid,479.2
PAY70395,O50395,2025-02-09,UPI,Paid,1498.5
PAY70396,O50396,2025-10-27,Credit Card,Paid,1359.15
PAY70397,O50397,2025-06-30,UPI,Paid,798.0
PAY70398,O50398,2025-04-08,Debit Card,Paid,2878.2
PAY70399,O50399,2025-10-10,Net Banking,Paid,399.0
PAY70400,O50400,2025-08-28,UPI,Paid,6747.3
PAY70401,O50401,2025-06-13,Debit Card,Paid,799.2
PAY70402,O50402,2025-04-07,Debit Card,Paid,5398.2
PAY70403,O50403,2025-09-15,Credit Card,Paid,2338.2
PAY70404,O50404,2025-11-05,UPI,Paid,254.15
PAY70405,O50405,2025-09-21,Cash on Delivery,Paid,1699.15
PAY70406,O50406,2025-10-22,Credit Card,Paid,1874.25
PAY70407,O50407,2025-09-17,UPI,Paid,1617.3
PAY70408,O50408,2025-09-07,Debit Card,Paid,4798.4
PAY70409,O50409,2025-09-03,Debit Card,Paid,508.3
PAY70410,O50410,2025-09-09,Net Banking,Paid,3598.2
PAY70411,O50411,2025-05-05,Cash on Delivery,Paid,5398.2
PAY70412,O50412,2025-11-22,UPI,Paid,2878.2
PAY70413,O50413,2025-06-20,Debit Card,Paid,849.15
PAY70414,O50414,2025-06-24,Cash on Delivery,Paid,1898.1
PAY70415,O50415,2025-09-27,Credit Card,Paid,1874.25
PAY70416,O50416,2025-07-23,Debit Card,Paid,424.15
PAY70417,O50417,2025-11-21,Credit Card,Paid,1874.25
PAY70418,O50418,2025-03-08,UPI,Paid,499.0
PAY70419,O50419,2025-11-12,Debit Card,Paid,6747.3
PAY70420,O50420,2025-11-20,Cash on Delivery,Paid,4998.0
PAY70421,O50421,2025-02-28,UPI,Paid,718.2
PAY70422,O50422,2025-08-07,Credit Card,Paid,374.25
PAY70423,O50423,2025-09-25,Cash on Delivery,Paid,3198.0
PAY70424,O50424,2025-05-21,UPI,Paid,4498.2
PAY70425,O50425,2025-08-26,Debit Card,Paid,1198.0
PAY70426,O50426,2025-08-07,Credit Card,Paid,718.2
PAY70427,O50427,2025-01-15,UPI,Refunded,3998.4
PAY70428,O50428,2025-10-30,UPI,Refunded,254.15
PAY70429,O50429,2025-05-18,UPI,Paid,799.2
PAY70430,O50430,2025-08-21,Credit Card,Paid,1799.1
PAY70431,O50431,2025-03-30,UPI,Paid,1874.25
PAY70432,O50432,2025-03-20,Credit Card,Paid,2397.6
PAY70433,O50433,2025-05-17,UPI,Paid,2249.1
PAY70434,O50434,2025-04-21,UPI,Failed,4498.2
PAY70435,O50435,2025-12-19,Cash on Delivery,Paid,224.25
PAY70436,O50436,2025-10-30,UPI,Refunded,5097.45
PAY70437,O50437,2025-04-03,Credit Card,Paid,239.2
PAY70438,O50438,2025-07-11,UPI,Paid,359.1
PAY70439,O50439,2025-03-14,Credit Card,Paid,569.05
PAY70440,O50440,2025-06-23,Net Banking,Paid,799.2
PAY70441,O50441,2025-02-04,Credit Card,Paid,849.15
PAY70442,O50442,2025-07-31,Debit Card,Paid,1359.15
PAY70443,O50443,2025-10-27,Credit Card,Paid,339.15
PAY70444,O50444,2025-05-14,UPI,Paid,1898.1
PAY70445,O50445,2025-10-10,UPI,Paid,239.2
PAY70446,O50446,2025-07-17,Debit Card,Refunded,2249.25
PAY70447,O50447,2025-02-03,Credit Card,Paid,224.25
PAY70448,O50448,2025-05-17,Debit Card,Refunded,449.1
PAY70449,O50449,2025-09-06,UPI,Refunded,718.2
PAY70450,O50450,2025-12-27,UPI,Refunded,639.2
PAY70451,O50451,2025-12-07,Net Banking,Refunded,762.45
PAY70452,O50452,2025-05-26,UPI,Paid,2549.15
PAY70453,O50453,2025-12-01,Debit Card,Refunded,599.25
PAY70454,O50454,2025-05-24,Credit Card,Paid,679.15
PAY70455,O50455,2025-08-24,Cash on Delivery,Paid,424.15
PAY70456,O50456,2025-02-14,Cash on Delivery,Paid,4998.0
PAY70457,O50457,2025-02-01,Debit Card,Paid,1197.0
PAY70458,O50458,2025-08-19,Debit Card,Paid,799.0
PAY70459,O50459,2025-01-29,Net Banking,Paid,1498.5
PAY70460,O50460,2025-06-11,Credit Card,Paid,1799.1
PAY70461,O50461,2025-11-29,Cash on Delivery,Paid,5397.3
PAY70462,O50462,2025-07-26,Credit Card,Paid,1999.2
PAY70463,O50463,2025-01-20,UPI,Paid,424.15
PAY70464,O50464,2025-04-14,Cash on Delivery,Paid,509.15
PAY70465,O50465,2025-03-11,Debit Card,Paid,538.2
PAY70466,O50466,2025-04-29,Credit Card,Paid,319.2
PAY70467,O50467,2025-05-21,Cash on Delivery,Paid,1899.05
PAY70468,O50468,2025-06-10,Cash on Delivery,Failed,598.0
PAY70469,O50469,2025-08-22,UPI,Paid,1137.15
PAY70470,O50470,2025-05-30,Debit Card,Paid,4748.1
PAY70471,O50471,2025-12-20,Credit Card,Paid,4317.3
PAY70472,O50472,2025-08-31,Net Banking,Paid,1104.15
PAY70473,O50473,2025-02-06,UPI,Paid,1898.1
PAY70474,O50474,2025-11-21,UPI,Paid,679.15
PAY70475,O50475,2025-12-21,UPI,Paid,399.0
PAY70476,O50476,2025-08-27,UPI,Paid,399.0
PAY70477,O50477,2025-11-30,UPI,Paid,254.15
PAY70478,O50478,2025-05-31,UPI,Paid,2922.75
PAY70479,O50479,2025-04-22,Debit Card,Paid,974.25
PAY70480,O50480,2025-01-17,UPI,Paid,2238.6
PAY70481,O50481,2025-08-14,Credit Card,Paid,848.3
PAY70482,O50482,2025-05-20,Credit Card,Paid,424.15
PAY70483,O50483,2025-05-25,Debit Card,Paid,848.3
PAY70484,O50484,2025-09-17,UPI,Paid,678.3
PAY70485,O50485,2025-08-06,UPI,Paid,399.0
PAY70486,O50486,2025-06-13,Credit Card,Refunded,1018.3
PAY70487,O50487,2025-04-03,Debit Card,Paid,2699.1
PAY70488,O50488,2025-06-23,UPI,Paid,1169.1
PAY70489,O50489,2025-11-29,UPI,Paid,2718.3
PAY70490,O50490,2025-07-25,Net Banking,Paid,1599.0
PAY70491,O50491,2025-06-02,Credit Card,Paid,1077.3
PAY70492,O50492,2025-04-15,Cash on Delivery,Paid,8997.0
PAY70493,O50493,2025-07-23,Cash on Delivery,Paid,279.3
PAY70494,O50494,2025-10-08,UPI,Paid,3998.0
PAY70495,O50495,2025-03-06,Debit Card,Paid,5697.15
PAY70496,O50496,2025-04-28,UPI,Paid,598.5
PAY70497,O50497,2025-06-04,UPI,Paid,424.15
PAY70498,O50498,2025-06-07,Cash on Delivery,Paid,4998.0
PAY70499,O50499,2025-06-13,UPI,Paid,449.1
PAY70500,O50500,2025-03-25,UPI,Paid,299.0
PAY70501,O50501,2025-01-06,Cash on Delivery,Paid,758.1
PAY70502,O50502,2025-11-19,UPI,Paid,1998.0
PAY70503,O50503,2025-03-10,UPI,Paid,2338.2
PAY70504,O50504,2025-08-28,UPI,Paid,3117.6
PAY70505,O50505,2025-03-13,Credit Card,Paid,678.3
PAY70506,O50506,2025-04-05,Credit Card,Paid,2549.15
PAY70507,O50507,2025-11-01,Debit Card,Paid,1234.05
PAY70508,O50508,2025-11-22,Cash on Delivery,Paid,1798.2
PAY70509,O50509,2025-03-21,Credit Card,Paid,319.2
PAY70510,O50510,2025-03-09,UPI,Paid,1497.0
PAY70511,O50511,2025-06-26,Cash on Delivery,Paid,1199.25
PAY70512,O50512,2025-11-18,Debit Card,Paid,1698.3
PAY70513,O50513,2025-06-21,Credit Card,Paid,319.2
PAY70514,O50514,2025-09-12,UPI,Refunded,2878.2
PAY70515,O50515,2025-03-06,UPI,Paid,359.1
PAY70516,O50516,2025-10-30,Credit Card,Paid,1039.2
PAY70517,O50517,2025-09-04,Credit Card,Paid,638.4
PAY70518,O50518,2025-07-12,UPI,Paid,4557.15
PAY70519,O50519,2025-11-27,UPI,Paid,1399.3
PAY70520,O50520,2025-03-12,UPI,Paid,599.0
PAY70521,O50521,2025-08-18,UPI,Refunded,5997.0
PAY70522,O50522,2025-03-04,UPI,Paid,254.15
PAY70523,O50523,2025-10-24,Credit Card,Paid,3998.4
PAY70524,O50524,2025-09-02,Net Banking,Paid,2238.6
PAY70525,O50525,2025-01-07,Debit Card,Paid,899.1
PAY70526,O50526,2025-09-17,Debit Card,Paid,499.0
PAY70527,O50527,2025-04-01,UPI,Paid,1359.15
PAY70528,O50528,2025-06-26,UPI,Paid,2697.3
PAY70529,O50529,2025-07-24,Credit Card,Paid,1438.2
PAY70530,O50530,2025-05-15,UPI,Paid,2718.3
PAY70531,O50531,2025-03-24,Cash on Delivery,Paid,2999.0
PAY70532,O50532,2025-01-23,UPI,Paid,2549.15
PAY70533,O50533,2025-05-08,Net Banking,Paid,1077.3
PAY70534,O50534,2025-07-15,Credit Card,Paid,2558.4
PAY70535,O50535,2025-07-14,Net Banking,Paid,339.15
PAY70536,O50536,2025-07-04,Credit Card,Paid,379.05
PAY70537,O50537,2025-09-04,Net Banking,Paid,3038.1
PAY70538,O50538,2025-12-28,Credit Card,Paid,949.05
PAY70539,O50539,2025-12-26,Credit Card,Paid,1234.05
PAY70540,O50540,2025-11-21,Cash on Delivery,Paid,1698.3
PAY70541,O50541,2025-06-10,UPI,Paid,1119.3
PAY70542,O50542,2025-07-13,Net Banking,Paid,848.3
PAY70543,O50543,2025-04-21,UPI,Paid,679.15
PAY70544,O50544,2025-03-09,UPI,Failed,1078.2
PAY70545,O50545,2025-09-11,Credit Card,Refunded,5398.2
PAY70546,O50546,2025-10-11,Credit Card,Paid,2249.25
PAY70547,O50547,2025-03-03,Debit Card,Paid,2798.6
PAY70548,O50548,2025-04-30,UPI,Paid,1359.15
PAY70549,O50549,2025-02-13,Debit Card,Paid,359.1
PAY70550,O50550,2025-07-30,UPI,Paid,479.2
PAY70551,O50551,2025-02-05,Cash on Delivery,Paid,5997.0
PAY70552,O50552,2025-01-21,UPI,Paid,639.2
PAY70553,O50553,2025-04-03,UPI,Paid,3117.6
PAY70554,O50554,2025-10-28,UPI,Failed,4998.0
PAY70555,O50555,2025-07-31,Cash on Delivery,Paid,1118.6
PAY70556,O50556,2025-08-11,Credit Card,Refunded,838.6
PAY70557,O50557,2025-08-07,Credit Card,Paid,599.25
PAY70558,O50558,2025-08-11,Credit Card,Paid,508.3
PAY70559,O50559,2025-04-10,Cash on Delivery,Paid,1899.05
PAY70560,O50560,2025-01-19,UPI,Paid,424.15
PAY70561,O50561,2025-10-25,UPI,Paid,899.1
PAY70562,O50562,2025-01-28,Credit Card,Paid,3798.1
PAY70563,O50563,2025-01-29,Credit Card,Paid,1169.1
PAY70564,O50564,2025-03-06,UPI,Paid,509.15
PAY70565,O50565,2025-11-22,Credit Card,Paid,1197.0
PAY70566,O50566,2025-08-11,Credit Card,Paid,269.1
PAY70567,O50567,2025-03-22,Debit Card,Paid,499.0
PAY70568,O50568,2025-02-21,Cash on Delivery,Paid,1999.2
PAY70569,O50569,2025-04-14,Credit Card,Paid,3398.3
PAY70570,O50570,2025-06-27,Credit Card,Paid,1197.0
PAY70571,O50571,2025-01-12,UPI,Paid,1749.3
PAY70572,O50572,2025-08-26,Net Banking,Paid,7497.0
PAY70573,O50573,2025-04-10,UPI,Paid,678.3
PAY70574,O50574,2025-08-16,Cash on Delivery,Paid,3198.4
PAY70575,O50575,2025-03-07,UPI,Paid,1278.4
PAY70576,O50576,2025-01-20,UPI,Refunded,1599.0
PAY70577,O50577,2025-11-29,UPI,Paid,6747.75
PAY70578,O50578,2025-11-15,Cash on Delivery,Paid,897.75
PAY70579,O50579,2025-05-23,Cash on Delivery,Paid,254.15
PAY70580,O50580,2025-01-26,Cash on Delivery,Paid,1018.3
PAY70581,O50581,2025-08-17,Debit Card,Refunded,1999.0
PAY70582,O50582,2025-03-30,UPI,Refunded,4248.3
PAY70583,O50583,2025-04-04,Credit Card,Paid,807.3
PAY70584,O50584,2025-02-13,UPI,Paid,957.6
PAY70585,O50585,2025-10-24,Debit Card,Paid,2249.1
PAY70586,O50586,2025-03-23,Credit Card,Paid,254.15
PAY70587,O50587,2025-04-18,Debit Card,Paid,1998.0
PAY70588,O50588,2025-04-21,UPI,Paid,1198.0
PAY70589,O50589,2025-10-06,Net Banking,Paid,1198.0
PAY70590,O50590,2025-08-03,Cash on Delivery,Failed,1598.0
PAY70591,O50591,2025-08-19,Debit Card,Paid,3398.3
PAY70592,O50592,2025-11-03,Net Banking,Paid,2399.2
PAY70593,O50593,2025-05-02,Credit Card,Paid,849.15
PAY70594,O50594,2025-05-16,UPI,Failed,3398.3
PAY70595,O50595,2025-11-04,Cash on Delivery,Paid,1527.45
PAY70596,O50596,2025-07-28,UPI,Paid,1439.1
PAY70597,O50597,2025-09-15,UPI,Failed,1078.2
PAY70598,O50598,2025-07-05,UPI,Paid,2699.1
PAY70599,O50599,2025-10-14,Debit Card,Paid,958.4
PAY70600,O50600,2025-12-30,Credit Card,Paid,1899.05
PAY70601,O50601,2025-07-01,UPI,Paid,8997.0
PAY70602,O50602,2025-02-19,Cash on Delivery,Paid,1017.45
PAY70603,O50603,2025-03-29,Cash on Delivery,Failed,374.25
PAY70604,O50604,2025-01-20,UPI,Paid,1104.15
PAY70605,O50605,2025-02-17,Debit Card,Paid,3117.6
PAY70606,O50606,2025-02-26,Net Banking,Paid,339.15
PAY70607,O50607,2025-08-19,UPI,Paid,1018.3
PAY70608,O50608,2025-05-27,UPI,Paid,1279.2
PAY70609,O50609,2025-04-04,UPI,Paid,479.2
PAY70610,O50610,2025-03-25,Net Banking,Failed,1899.05
PAY70611,O50611,2025-08-13,Credit Card,Paid,2338.2
PAY70612,O50612,2025-03-21,Debit Card,Paid,3702.15
PAY70613,O50613,2025-05-31,Debit Card,Paid,1799.1
PAY70614,O50614,2025-12-28,UPI,Refunded,2398.5
PAY70615,O50615,2025-10-12,UPI,Paid,4317.3
PAY70616,O50616,2025-11-09,UPI,Paid,1798.2
PAY70617,O50617,2025-06-11,UPI,Paid,749.25
PAY70618,O50618,2025-11-13,UPI,Paid,2718.3
PAY70619,O50619,2026-01-02,UPI,Refunded,254.15
PAY70620,O50620,2025-06-05,Debit Card,Paid,374.25
PAY70621,O50621,2025-06-06,UPI,Paid,1527.45
PAY70622,O50622,2025-07-21,Credit Card,Paid,6372.45
PAY70623,O50623,2025-12-07,UPI,Refunded,2499.0
PAY70624,O50624,2025-12-09,Credit Card,Paid,3798.1
PAY70625,O50625,2025-04-27,Debit Card,Paid,2249.1
PAY70626,O50626,2025-06-03,UPI,Paid,1359.15
PAY70627,O50627,2026-01-01,UPI,Paid,5247.9
PAY70628,O50628,2025-11-27,Debit Card,Paid,3357.9
PAY70629,O50629,2025-05-01,Credit Card,Paid,2398.5
PAY70630,O50630,2025-07-18,UPI,Paid,539.1
PAY70631,O50631,2025-09-21,Debit Card,Paid,418.6
PAY70632,O50632,2025-07-04,UPI,Paid,1699.15
PAY70633,O50633,2025-05-29,Credit Card,Paid,359.1
PAY70634,O50634,2025-06-16,UPI,Paid,958.4
PAY70635,O50635,2025-03-18,Credit Card,Refunded,1999.0
PAY70636,O50636,2025-08-24,Debit Card,Paid,798.0
PAY70637,O50637,2025-11-10,Net Banking,Paid,1039.2
PAY70638,O50638,2025-09-30,Cash on Delivery,Paid,679.15
PAY70639,O50639,2025-06-30,UPI,Paid,1347.3
PAY70640,O50640,2025-10-12,Cash on Delivery,Paid,1018.3
PAY70641,O50641,2025-02-21,Debit Card,Paid,448.5
PAY70642,O50642,2025-03-16,Credit Card,Paid,254.15
PAY70643,O50643,2025-05-25,Cash on Delivery,Paid,4317.3
PAY70644,O50644,2025-12-09,Credit Card,Paid,499.0
PAY70645,O50645,2025-07-08,Credit Card,Paid,538.2
PAY70646,O50646,2025-05-03,UPI,Paid,559.3
PAY70647,O50647,2025-11-30,Debit Card,Paid,719.1
PAY70648,O50648,2025-09-09,UPI,Paid,1699.15
PAY70649,O50649,2025-10-23,UPI,Paid,1018.3
PAY70650,O50650,2025-11-19,Cash on Delivery,Paid,374.25
PAY70651,O50651,2025-05-10,UPI,Paid,2124.15
PAY70652,O50652,2025-09-09,UPI,Paid,958.4
PAY70653,O50653,2025-12-26,Cash on Delivery,Paid,807.3
PAY70654,O50654,2025-06-29,UPI,Paid,4797.0
PAY70655,O50655,2025-12-17,UPI,Paid,2998.5
PAY70656,O50656,2025-04-20,Debit Card,Paid,898.5
PAY70657,O50657,2025-12-06,UPI,Paid,299.25
PAY70658,O50658,2025-03-21,Cash on Delivery,Paid,224.25
PAY70659,O50659,2025-01-02,UPI,Paid,2558.4
PAY70660,O50660,2025-11-19,Net Banking,Paid,424.15
PAY70661,O50661,2025-10-04,UPI,Paid,3837.6
PAY70662,O50662,2025-10-17,UPI,Paid,1359.15
PAY70663,O50663,2025-10-25,UPI,Paid,999.0
PAY70664,O50664,2025-06-20,UPI,Paid,718.2
PAY70665,O50665,2025-08-30,Credit Card,Paid,3498.6
PAY70666,O50666,2025-01-24,Credit Card,Refunded,718.2
PAY70667,O50667,2025-10-21,Net Banking,Paid,1498.5
PAY70668,O50668,2025-06-22,UPI,Paid,3198.0
PAY70669,O50669,2025-11-21,UPI,Paid,3598.2
PAY70670,O50670,2025-11-14,UPI,Paid,1078.2
PAY70671,O50671,2025-10-14,UPI,Paid,1599.0
PAY70672,O50672,2025-12-10,UPI,Paid,798.0
PAY70673,O50673,2025-07-12,UPI,Paid,4748.1
PAY70674,O50674,2025-06-19,UPI,Refunded,1598.4
PAY70675,O50675,2025-04-28,Net Banking,Refunded,999.0
PAY70676,O50676,2025-01-06,Debit Card,Paid,1077.3
PAY70677,O50677,2025-11-28,UPI,Paid,299.0
PAY70678,O50678,2025-05-12,UPI,Paid,1279.2
PAY70679,O50679,2025-04-03,Credit Card,Paid,1358.3
PAY70680,O50680,2025-09-10,Cash on Delivery,Paid,1104.15
PAY70681,O50681,2025-01-12,UPI,Paid,1078.2
PAY70682,O50682,2025-02-22,Debit Card,Refunded,1137.15
PAY70683,O50683,2025-12-16,Credit Card,Paid,3998.4
PAY70684,O50684,2025-10-22,Credit Card,Paid,1598.4
PAY70685,O50685,2025-05-10,Cash on Delivery,Paid,999.0
PAY70686,O50686,2025-09-07,Cash on Delivery,Paid,2718.3
PAY70687,O50687,2025-04-12,UPI,Paid,7122.15
PAY70688,O50688,2025-12-03,Net Banking,Paid,2374.05
PAY70689,O50689,2025-03-26,Debit Card,Paid,638.4
PAY70690,O50690,2025-07-10,Credit Card,Paid,848.3
PAY70691,O50691,2025-05-24,Debit Card,Paid,3038.1
PAY70692,O50692,2025-08-25,Cash on Delivery,Paid,1439.1
PAY70693,O50693,2025-10-16,Credit Card,Paid,349.3
PAY70694,O50694,2025-10-05,Cash on Delivery,Paid,478.4
PAY70695,O50695,2025-10-18,Debit Card,Paid,2249.25
PAY70696,O50696,2025-06-20,Credit Card,Paid,898.2
PAY70697,O50697,2025-05-24,Debit Card,Paid,1359.15
PAY70698,O50698,2025-07-05,Debit Card,Paid,269.1
PAY70699,O50699,2025-02-16,Credit Card,Paid,299.0
PAY70700,O50700,2025-09-02,Credit Card,Paid,539.1
PAY70701,O50701,2025-11-12,Debit Card,Paid,339.15
PAY70702,O50702,2025-09-25,Net Banking,Paid,1799.1
PAY70703,O50703,2025-09-10,UPI,Paid,399.2
PAY70704,O50704,2025-10-17,UPI,Paid,948.1
PAY70705,O50705,2025-08-01,Credit Card,Paid,449.1
PAY70706,O50706,2025-06-26,Credit Card,Paid,399.0
PAY70707,O50707,2025-01-22,UPI,Paid,3598.2
PAY70708,O50708,2025-11-13,Debit Card,Paid,1299.0
PAY70709,O50709,2025-02-21,Cash on Delivery,Paid,4498.2
PAY70710,O50710,2025-08-23,Credit Card,Paid,899.1
PAY70711,O50711,2025-05-04,Cash on Delivery,Paid,2549.15
PAY70712,O50712,2025-12-28,Net Banking,Paid,678.3
PAY70713,O50713,2025-04-10,UPI,Paid,2878.2
PAY70714,O50714,2025-08-02,Net Banking,Paid,1699.15
PAY70715,O50715,2025-11-24,Credit Card,Paid,678.3
PAY70716,O50716,2025-05-17,Cash on Delivery,Paid,538.2
PAY70717,O50717,2025-11-16,UPI,Paid,3837.6
PAY70718,O50718,2025-08-06,UPI,Paid,2124.15
PAY70719,O50719,2025-03-30,UPI,Paid,719.1
PAY70720,O50720,2025-10-08,UPI,Paid,2998.5
PAY70721,O50721,2025-02-11,UPI,Paid,399.2
PAY70722,O50722,2025-08-30,UPI,Paid,3357.9
PAY70723,O50723,2025-11-29,Credit Card,Paid,1039.2
PAY70724,O50724,2025-05-18,Credit Card,Paid,5398.2
PAY70725,O50725,2025-07-01,UPI,Paid,449.1
PAY70726,O50726,2025-09-24,Debit Card,Paid,2549.15
PAY70727,O50727,2025-09-17,UPI,Paid,559.3
PAY70728,O50728,2025-07-01,UPI,Paid,849.15
PAY70729,O50729,2025-01-22,Debit Card,Paid,1199.25
PAY70730,O50730,2025-12-19,UPI,Paid,1439.1
PAY70731,O50731,2025-07-17,UPI,Paid,1799.1
PAY70732,O50732,2025-07-31,UPI,Paid,448.5
PAY70733,O50733,2025-01-16,Cash on Delivery,Paid,4798.4
PAY70734,O50734,2025-07-21,Net Banking,Paid,419.3
PAY70735,O50735,2025-12-29,UPI,Paid,957.6
PAY70736,O50736,2025-08-08,Credit Card,Paid,1439.1
PAY70737,O50737,2025-04-04,UPI,Paid,1104.15
PAY70738,O50738,2025-05-15,UPI,Paid,374.25
PAY70739,O50739,2025-05-21,UPI,Paid,2208.3
PAY70740,O50740,2025-06-06,Net Banking,Failed,5698.1
PAY70741,O50741,2025-12-01,UPI,Paid,807.3
PAY70742,O50742,2025-03-12,Debit Card,Paid,848.3
PAY70743,O50743,2025-11-01,Cash on Delivery,Paid,799.0
PAY70744,O50744,2025-01-17,Credit Card,Refunded,2078.4
PAY70745,O50745,2025-08-24,Cash on Delivery,Paid,3897.0
PAY70746,O50746,2025-07-31,Cash on Delivery,Paid,2699.1
PAY70747,O50747,2025-10-17,Debit Card,Paid,1279.2
PAY70748,O50748,2025-03-01,Credit Card,Paid,1078.2
PAY70749,O50749,2025-09-11,Debit Card,Paid,479.2
PAY70750,O50750,2025-01-03,Cash on Delivery,Paid,2249.1
PAY70751,O50751,2025-08-24,Debit Card,Paid,2238.6
PAY70752,O50752,2025-12-04,UPI,Paid,758.1
PAY70753,O50753,2025-01-21,Net Banking,Paid,598.0
PAY70754,O50754,2025-02-20,Cash on Delivery,Paid,1797.75
PAY70755,O50755,2025-03-20,Credit Card,Paid,5997.6
PAY70756,O50756,2025-01-29,Debit Card,Paid,1519.05
PAY70757,O50757,2025-02-18,Credit Card,Paid,3498.6
PAY70758,O50758,2025-04-08,UPI,Paid,1104.15
PAY70759,O50759,2025-06-16,UPI,Paid,1818.6
PAY70760,O50760,2026-01-01,UPI,Paid,2037.45
PAY70761,O50761,2025-06-25,Debit Card,Paid,1017.45
PAY70762,O50762,2025-03-15,Credit Card,Paid,449.1
PAY70763,O50763,2025-12-24,UPI,Paid,1799.1
PAY70764,O50764,2025-01-31,UPI,Paid,508.3
PAY70765,O50765,2025-06-08,UPI,Paid,4498.2
PAY70766,O50766,2025-11-12,Debit Card,Paid,598.0
PAY70767,O50767,2025-11-02,UPI,Paid,3702.15
PAY70768,O50768,2025-10-08,UPI,Paid,1519.05
PAY70769,O50769,2025-10-11,Cash on Delivery,Paid,4497.75
PAY70770,O50770,2025-01-09,Credit Card,Refunded,1699.15
PAY70771,O50771,2025-11-03,Debit Card,Paid,2397.6
PAY70772,O50772,2025-07-03,Credit Card,Paid,3498.6
PAY70773,O50773,2025-04-21,UPI,Paid,2547.45
PAY70774,O50774,2025-11-22,UPI,Paid,698.6
PAY70775,O50775,2025-07-25,Credit Card,Paid,2699.1
PAY70776,O50776,2025-08-23,Credit Card,Paid,4748.1
PAY70777,O50777,2025-07-07,Credit Card,Paid,359.1
PAY70778,O50778,2025-11-25,Debit Card,Paid,679.15
PAY70779,O50779,2025-12-23,Credit Card,Refunded,598.5
PAY70780,O50780,2025-01-10,UPI,Failed,4077.45
PAY70781,O50781,2025-02-23,Net Banking,Refunded,1347.3
PAY70782,O50782,2025-07-19,UPI,Paid,3117.6
PAY70783,O50783,2025-05-17,Cash on Delivery,Paid,1527.45
PAY70784,O50784,2025-09-17,Cash on Delivery,Paid,7122.15
PAY70785,O50785,2025-12-01,UPI,Refunded,1359.15
PAY70786,O50786,2025-06-23,Cash on Delivery,Paid,1198.5
PAY70787,O50787,2025-03-29,Net Banking,Paid,799.2
PAY70788,O50788,2025-02-17,Cash on Delivery,Paid,254.15
PAY70789,O50789,2025-12-13,Debit Card,Paid,1439.1
PAY70790,O50790,2025-07-06,Cash on Delivery,Paid,598.0
PAY70791,O50791,2025-06-07,Debit Card,Paid,6747.3
PAY70792,O50792,2025-01-11,Net Banking,Paid,1039.2
PAY70793,O50793,2025-04-26,Debit Card,Paid,4498.2
PAY70794,O50794,2025-06-04,Cash on Delivery,Paid,5697.15
PAY70795,O50795,2025-05-10,Credit Card,Paid,1499.25
PAY70796,O50796,2025-11-29,Debit Card,Refunded,399.2
PAY70797,O50797,2025-03-24,Cash on Delivery,Paid,4248.3
PAY70798,O50798,2025-10-19,Credit Card,Paid,598.0
PAY70799,O50799,2025-05-28,UPI,Paid,299.0
PAY70800,O50800,2025-10-23,UPI,Refunded,499.0
PAY70801,O50801,2025-09-26,Cash on Delivery,Paid,849.15
PAY70802,O50802,2025-05-13,Cash on Delivery,Paid,1497.0
PAY70803,O50803,2025-02-21,Credit Card,Refunded,4797.6
PAY70804,O50804,2025-01-23,Cash on Delivery,Paid,1749.3
PAY70805,O50805,2025-03-30,UPI,Paid,269.1
PAY70806,O50806,2025-04-22,UPI,Paid,449.1
PAY70807,O50807,2025-04-21,Debit Card,Paid,3837.6
PAY70808,O50808,2025-03-14,Credit Card,Paid,1874.25
PAY70809,O50809,2025-06-05,UPI,Paid,1874.25
PAY70810,O50810,2025-02-28,Debit Card,Failed,1998.0
PAY70811,O50811,2025-09-14,UPI,Paid,759.05
PAY70812,O50812,2025-06-06,Net Banking,Refunded,1599.2
PAY70813,O50813,2025-04-24,UPI,Paid,339.15
PAY70814,O50814,2025-11-14,Cash on Delivery,Paid,1599.0
PAY70815,O50815,2025-02-18,Net Banking,Paid,5097.45
PAY70816,O50816,2025-08-28,Debit Card,Paid,957.6
PAY70817,O50817,2025-12-02,UPI,Paid,1138.1
PAY70818,O50818,2025-04-17,Cash on Delivery,Paid,1948.5
PAY70819,O50819,2025-07-07,UPI,Paid,499.0
PAY70820,O50820,2025-06-09,UPI,Failed,799.2
PAY70821,O50821,2025-07-19,UPI,Paid,339.15
PAY70822,O50822,2025-06-26,Cash on Delivery,Paid,4498.2
PAY70823,O50823,2025-09-19,Cash on Delivery,Paid,479.2
PAY70824,O50824,2025-10-15,Cash on Delivery,Paid,1599.2
PAY70825,O50825,2025-10-20,Debit Card,Paid,1199.25
PAY70826,O50826,2025-12-03,UPI,Paid,2697.3
PAY70827,O50827,2025-05-24,Cash on Delivery,Paid,339.15
PAY70828,O50828,2025-11-06,Credit Card,Paid,1359.15
PAY70829,O50829,2025-07-17,UPI,Paid,424.15
PAY70830,O50830,2025-08-14,UPI,Paid,3597.75
PAY70831,O50831,2025-02-12,UPI,Paid,1998.0
PAY70832,O50832,2025-05-31,Net Banking,Paid,2157.3
PAY70833,O50833,2025-10-23,UPI,Paid,1527.45
PAY70834,O50834,2025-03-04,UPI,Paid,3798.1
PAY70835,O50835,2025-05-12,Debit Card,Paid,449.25
PAY70836,O50836,2025-09-14,UPI,Paid,509.15
PAY70837,O50837,2025-12-11,UPI,Paid,254.15
PAY70838,O50838,2025-08-02,Cash on Delivery,Refunded,3837.6
PAY70839,O50839,2025-03-15,UPI,Paid,1169.1
PAY70840,O50840,2025-04-16,Net Banking,Refunded,849.15
PAY70841,O50841,2025-06-07,Credit Card,Paid,2999.0
PAY70842,O50842,2025-09-29,UPI,Paid,449.1
PAY70843,O50843,2025-11-11,Debit Card,Paid,3998.0
PAY70844,O50844,2025-08-28,UPI,Paid,849.15
PAY70845,O50845,2025-10-31,UPI,Paid,424.15
PAY70846,O50846,2025-06-09,UPI,Paid,1798.2
PAY70847,O50847,2025-04-19,UPI,Paid,2878.2
PAY70848,O50848,2025-01-09,Credit Card,Paid,759.05
PAY70849,O50849,2025-11-17,UPI,Paid,2998.5
PAY70850,O50850,2025-03-02,UPI,Paid,1497.0
PAY70851,O50851,2025-12-25,Cash on Delivery,Paid,1122.75
PAY70852,O50852,2025-07-13,UPI,Paid,1104.15
PAY70853,O50853,2025-05-16,UPI,Failed,4248.3
PAY70854,O50854,2025-09-08,Debit Card,Paid,449.1
PAY70855,O50855,2025-05-26,Cash on Delivery,Paid,209.3
PAY70856,O50856,2025-12-15,UPI,Paid,2699.1
PAY70857,O50857,2025-12-20,UPI,Failed,849.15
PAY70858,O50858,2025-03-01,Credit Card,Paid,1118.6
PAY70859,O50859,2025-06-26,UPI,Paid,3748.5
PAY70860,O50860,2025-10-17,UPI,Paid,424.15
PAY70861,O50861,2025-09-03,UPI,Refunded,1399.3
PAY70862,O50862,2025-02-18,UPI,Failed,958.4
PAY70863,O50863,2025-10-29,UPI,Paid,3038.1
PAY70864,O50864,2025-12-24,UPI,Paid,5398.2
PAY70865,O50865,2025-04-10,Debit Card,Paid,1799.1
PAY70866,O50866,2025-08-01,UPI,Paid,6747.3
PAY70867,O50867,2025-10-29,Credit Card,Paid,479.2
PAY70868,O50868,2025-06-14,Credit Card,Paid,3312.45
PAY70869,O50869,2025-05-06,UPI,Paid,998.0
PAY70870,O50870,2025-10-31,Net Banking,Paid,448.5
PAY70871,O50871,2025-05-02,Cash on Delivery,Refunded,719.1
PAY70872,O50872,2025-03-31,UPI,Paid,2238.6
PAY70873,O50873,2025-08-05,UPI,Paid,1119.3
PAY70874,O50874,2025-03-04,Debit Card,Paid,2249.25
PAY70875,O50875,2025-10-31,UPI,Paid,2078.4
PAY70876,O50876,2025-06-30,Cash on Delivery,Paid,2847.15
PAY70877,O50877,2025-07-09,UPI,Paid,254.15
PAY70878,O50878,2025-06-12,Debit Card,Paid,758.1
PAY70879,O50879,2025-03-22,UPI,Paid,284.05
PAY70880,O50880,2025-06-21,UPI,Paid,2549.15
PAY70881,O50881,2025-10-30,UPI,Paid,2499.0
PAY70882,O50882,2025-07-16,Debit Card,Paid,909.3
PAY70883,O50883,2025-07-23,Net Banking,Paid,1498.5
PAY70884,O50884,2025-02-16,Cash on Delivery,Paid,4317.3
PAY70885,O50885,2025-06-08,UPI,Paid,509.15
PAY70886,O50886,2025-07-13,Debit Card,Paid,2249.1
PAY70887,O50887,2025-10-06,Credit Card,Refunded,748.5
PAY70888,O50888,2025-11-15,Credit Card,Paid,1018.3
PAY70889,O50889,2025-09-27,UPI,Paid,4498.2
PAY70890,O50890,2025-07-18,Credit Card,Paid,1169.1
PAY70891,O50891,2025-08-12,Net Banking,Refunded,5397.3
PAY70892,O50892,2025-09-21,Cash on Delivery,Paid,5247.9
PAY70893,O50893,2025-06-16,Credit Card,Paid,1899.05
PAY70894,O50894,2025-06-30,UPI,Paid,1197.0
PAY70895,O50895,2025-07-12,Net Banking,Paid,3748.5
PAY70896,O50896,2025-08-05,Cash on Delivery,Paid,1874.25
PAY70897,O50897,2025-10-12,UPI,Paid,974.25
PAY70898,O50898,2025-12-19,Cash on Delivery,Refunded,2547.45
PAY70899,O50899,2025-04-17,Cash on Delivery,Paid,849.15
PAY70900,O50900,2025-04-10,Credit Card,Paid,1359.15
PAY70901,O50901,2025-08-18,Debit Card,Paid,4998.0
PAY70902,O50902,2025-09-14,Credit Card,Paid,424.15
PAY70903,O50903,2025-02-14,Debit Card,Paid,998.0
PAY70904,O50904,2025-09-01,UPI,Paid,359.1
PAY70905,O50905,2025-02-13,UPI,Paid,374.25
PAY70906,O50906,2025-04-06,UPI,Paid,1799.1
PAY70907,O50907,2025-09-12,Debit Card,Paid,299.25
PAY70908,O50908,2025-07-08,Cash on Delivery,Paid,379.05
PAY70909,O50909,2025-11-03,Credit Card,Paid,1438.2
PAY70910,O50910,2025-06-18,UPI,Paid,6372.45
PAY70911,O50911,2025-09-30,Cash on Delivery,Paid,2558.4
PAY70912,O50912,2025-05-05,UPI,Paid,2124.15
PAY70913,O50913,2025-06-11,Cash on Delivery,Paid,1874.25
PAY70914,O50914,2025-03-30,Debit Card,Paid,1599.0
PAY70915,O50915,2025-11-05,Debit Card,Paid,449.25
PAY70916,O50916,2025-08-15,Credit Card,Paid,949.05
PAY70917,O50917,2025-05-25,UPI,Paid,2922.75
PAY70918,O50918,2025-12-12,Credit Card,Paid,1798.2
PAY70919,O50919,2025-09-05,UPI,Paid,957.6
PAY70920,O50920,2025-12-29,Credit Card,Paid,254.15
PAY70921,O50921,2025-01-06,Credit Card,Paid,8547.15
PAY70922,O50922,2025-01-31,Debit Card,Paid,1122.75
PAY70923,O50923,2025-07-16,Cash on Delivery,Paid,949.05
PAY70924,O50924,2025-08-20,UPI,Refunded,569.05
PAY70925,O50925,2025-10-25,Debit Card,Paid,399.2
PAY70926,O50926,2025-11-23,Cash on Delivery,Paid,1497.0
PAY70927,O50927,2025-05-17,UPI,Paid,759.05
PAY70928,O50928,2025-01-15,Net Banking,Failed,678.3
PAY70929,O50929,2025-01-04,UPI,Paid,638.4
PAY70930,O50930,2025-06-29,Credit Card,Paid,1599.0
PAY70931,O50931,2025-08-24,Cash on Delivery,Paid,2124.15
PAY70932,O50932,2025-09-16,Cash on Delivery,Failed,639.2
PAY70933,O50933,2025-05-22,UPI,Paid,2249.25
PAY70934,O50934,2025-03-08,UPI,Paid,2247.75
PAY70935,O50935,2025-10-11,Cash on Delivery,Paid,3117.6
PAY70936,O50936,2025-12-31,Cash on Delivery,Paid,3312.45
PAY70937,O50937,2025-11-03,Debit Card,Paid,2697.3
PAY70938,O50938,2025-07-26,UPI,Paid,1299.0
PAY70939,O50939,2025-01-17,Debit Card,Paid,639.2
PAY70940,O50940,2025-07-21,UPI,Paid,698.6
PAY70941,O50941,2025-02-01,Cash on Delivery,Paid,239.2
PAY70942,O50942,2025-08-02,Credit Card,Paid,2499.0
PAY70943,O50943,2025-10-02,Debit Card,Paid,1359.15
PAY70944,O50944,2025-10-17,UPI,Refunded,1359.15
PAY70945,O50945,2025-10-18,Credit Card,Paid,2124.15
PAY70946,O50946,2025-08-22,Debit Card,Paid,799.2
PAY70947,O50947,2025-07-01,Credit Card,Paid,848.3
PAY70948,O50948,2025-05-27,Net Banking,Paid,1518.1
PAY70949,O50949,2025-02-20,Debit Card,Paid,1498.5
PAY70950,O50950,2025-04-13,UPI,Refunded,239.2
PAY70951,O50951,2025-02-03,Debit Card,Paid,1519.05
PAY70952,O50952,2025-04-01,Debit Card,Paid,1799.1
PAY70953,O50953,2025-12-09,Credit Card,Paid,898.5
PAY70954,O50954,2025-11-13,UPI,Paid,299.25
PAY70955,O50955,2025-08-30,UPI,Paid,539.1
PAY70956,O50956,2025-09-24,Credit Card,Paid,1497.0
PAY70957,O50957,2025-08-13,UPI,Paid,1998.0
PAY70958,O50958,2025-08-24,Cash on Delivery,Paid,899.1
PAY70959,O50959,2025-06-04,Debit Card,Paid,339.15
PAY70960,O50960,2025-02-27,Credit Card,Paid,1018.3
PAY70961,O50961,2025-11-20,Debit Card,Paid,254.15
PAY70962,O50962,2025-04-24,Net Banking,Paid,239.2
PAY70963,O50963,2025-01-16,Credit Card,Paid,599.0
PAY70964,O50964,2025-09-27,UPI,Paid,4797.0
PAY70965,O50965,2025-04-25,Net Banking,Paid,899.1
PAY70966,O50966,2025-09-10,UPI,Paid,758.1
PAY70967,O50967,2025-05-24,Net Banking,Paid,3998.0
PAY70968,O50968,2025-04-25,UPI,Paid,1359.15
PAY70969,O50969,2025-10-17,Debit Card,Paid,2399.2
PAY70970,O50970,2025-12-24,Debit Card,Paid,399.2
PAY70971,O50971,2025-01-26,UPI,Paid,1599.2
PAY70972,O50972,2025-11-08,Credit Card,Paid,2547.45
PAY70973,O50973,2025-09-12,Debit Card,Paid,1599.2
PAY70974,O50974,2025-09-25,Net Banking,Refunded,3598.2
PAY70975,O50975,2025-05-06,Debit Card,Paid,2097.9
PAY70976,O50976,2025-09-08,Cash on Delivery,Refunded,1138.1
PAY70977,O50977,2025-10-16,UPI,Paid,1137.15
PAY70978,O50978,2025-12-02,UPI,Paid,2338.2
PAY70979,O50979,2025-02-23,Debit Card,Paid,1047.9
PAY70980,O50980,2025-02-12,Credit Card,Paid,1047.9
PAY70981,O50981,2025-06-15,Credit Card,Paid,1039.2
PAY70982,O50982,2025-02-13,Debit Card,Paid,508.3
PAY70983,O50983,2025-06-26,Cash on Delivery,Paid,509.15
PAY70984,O50984,2025-03-08,UPI,Paid,3357.9
PAY70985,O50985,2025-03-08,UPI,Paid,1039.2
PAY70986,O50986,2025-03-26,Net Banking,Paid,672.75
PAY70987,O50987,2025-12-17,UPI,Paid,899.1
PAY70988,O50988,2025-04-16,Credit Card,Paid,1799.1
PAY70989,O50989,2025-10-15,Net Banking,Paid,1874.25
PAY70990,O50990,2025-07-06,UPI,Refunded,299.0
PAY70991,O50991,2025-10-11,UPI,Paid,898.5
PAY70992,O50992,2025-01-06,UPI,Paid,1698.3
PAY70993,O50993,2025-05-18,UPI,Paid,748.5
PAY70994,O50994,2025-06-28,Debit Card,Refunded,1798.2
PAY70995,O50995,2025-08-25,UPI,Paid,958.4
PAY70996,O50996,2025-01-18,UPI,Paid,254.15
PAY70997,O50997,2025-11-01,Credit Card,Paid,849.15
PAY70998,O50998,2025-01-11,Cash on Delivery,Refunded,1272.45
PAY70999,O50999,2025-01-29,Cash on Delivery,Paid,1118.6
PAY71000,O51000,2025-05-25,Cash on Delivery,Paid,1999.2
PAY71001,O51001,2025-12-15,Credit Card,Paid,474.05
PAY71002,O51002,2025-05-30,UPI,Paid,898.5
PAY71003,O51003,2025-03-06,Debit Card,Paid,1799.1
PAY71004,O51004,2025-07-07,Credit Card,Paid,718.2
PAY71005,O51005,2025-08-17,Net Banking,Paid,799.0
PAY71006,O51006,2025-04-29,UPI,Refunded,1198.5
PAY71007,O51007,2025-12-24,Credit Card,Paid,5398.2
PAY71008,O51008,2025-09-12,UPI,Paid,284.05
PAY71009,O51009,2025-02-01,UPI,Paid,4498.5
PAY71010,O51010,2025-06-10,Debit Card,Paid,957.6
PAY71011,O51011,2025-08-03,Debit Card,Paid,399.0
PAY71012,O51012,2025-06-18,UPI,Paid,639.2
PAY71013,O51013,2025-03-24,Cash on Delivery,Refunded,1122.75
PAY71014,O51014,2025-02-17,UPI,Paid,499.0
PAY71015,O51015,2025-02-18,Cash on Delivery,Paid,2399.2
PAY71016,O51016,2025-10-25,Credit Card,Paid,1527.45
PAY71017,O51017,2025-10-11,Debit Card,Paid,1359.15
PAY71018,O51018,2025-03-31,Cash on Delivery,Paid,1017.45
PAY71019,O51019,2025-05-02,Net Banking,Paid,958.4
PAY71020,O51020,2025-01-04,UPI,Paid,7497.0
PAY71021,O51021,2025-11-12,UPI,Paid,638.4
PAY71022,O51022,2025-08-16,UPI,Paid,798.0
PAY71023,O51023,2025-03-21,Credit Card,Paid,1439.1
PAY71024,O51024,2025-05-25,Debit Card,Paid,2468.1
PAY71025,O51025,2025-08-30,Debit Card,Refunded,799.2
PAY71026,O51026,2025-02-02,UPI,Paid,4317.3
PAY71027,O51027,2025-09-21,Credit Card,Paid,359.1
PAY71028,O51028,2025-07-31,Debit Card,Paid,269.1
PAY71029,O51029,2025-03-14,Credit Card,Paid,1278.4
PAY71030,O51030,2025-07-17,Debit Card,Paid,254.15
PAY71031,O51031,2025-02-27,Credit Card,Paid,2397.6
PAY71032,O51032,2025-04-23,Credit Card,Paid,999.0
PAY71033,O51033,2025-02-19,Cash on Delivery,Paid,948.1
PAY71034,O51034,2025-07-05,Credit Card,Paid,1359.15
PAY71035,O51035,2025-11-25,Debit Card,Paid,448.5
PAY71036,O51036,2025-06-16,UPI,Failed,1999.0
PAY71037,O51037,2025-08-03,UPI,Paid,2999.0
PAY71038,O51038,2025-11-28,Cash on Delivery,Paid,379.05
PAY71039,O51039,2025-11-28,Debit Card,Paid,3398.3
PAY71040,O51040,2025-05-02,Cash on Delivery,Paid,2249.1
PAY71041,O51041,2025-08-03,Cash on Delivery,Paid,4797.6
PAY71042,O51042,2025-11-07,UPI,Paid,2997.0
PAY71043,O51043,2025-02-10,Cash on Delivery,Paid,1519.05
PAY71044,O51044,2025-12-20,UPI,Paid,1799.1
PAY71045,O51045,2025-10-17,UPI,Failed,339.15
PAY71046,O51046,2025-06-18,Net Banking,Refunded,1104.15
PAY71047,O51047,2025-02-04,UPI,Paid,499.0
PAY71048,O51048,2025-11-15,Cash on Delivery,Paid,3748.5
PAY71049,O51049,2025-10-04,Credit Card,Paid,1078.2
PAY71050,O51050,2025-07-17,Credit Card,Paid,1278.4
PAY71051,O51051,2025-07-12,UPI,Paid,5098.3
PAY71052,O51052,2025-08-11,Credit Card,Paid,1707.15
PAY71053,O51053,2025-01-12,UPI,Paid,3837.6
PAY71054,O51054,2025-05-01,UPI,Paid,3998.4
PAY71055,O51055,2025-05-03,Debit Card,Paid,899.1
PAY71056,O51056,2025-09-04,Cash on Delivery,Paid,509.15
PAY71057,O51057,2025-12-27,UPI,Paid,569.05
PAY71058,O51058,2025-08-10,UPI,Refunded,2549.15
PAY71059,O51059,2025-09-19,UPI,Paid,807.3
PAY71060,O51060,2025-03-01,UPI,Paid,1999.2
PAY71061,O51061,2025-11-11,UPI,Paid,568.1
PAY71062,O51062,2025-05-08,UPI,Paid,399.0
PAY71063,O51063,2025-07-06,Debit Card,Paid,852.15
PAY71064,O51064,2025-07-24,UPI,Paid,1518.1
PAY71065,O51065,2025-03-29,UPI,Paid,1699.15
PAY71066,O51066,2025-04-15,Cash on Delivery,Paid,284.05
PAY71067,O51067,2025-05-25,Net Banking,Paid,3998.4
PAY71068,O51068,2025-07-25,UPI,Paid,4748.1
PAY71069,O51069,2025-05-10,Debit Card,Paid,717.6
PAY71070,O51070,2025-09-03,Credit Card,Paid,2124.15
PAY71071,O51071,2025-02-07,Debit Card,Paid,2798.6
PAY71072,O51072,2025-12-30,Net Banking,Paid,1818.6
PAY71073,O51073,2025-04-20,UPI,Paid,1199.25
PAY71074,O51074,2025-11-05,Debit Card,Paid,799.2
PAY71075,O51075,2025-02-21,Net Banking,Paid,719.1
PAY71076,O51076,2025-01-01,Debit Card,Failed,957.6
PAY71077,O51077,2025-01-11,Cash on Delivery,Paid,209.3
PAY71078,O51078,2025-11-10,Credit Card,Paid,1497.0
PAY71079,O51079,2025-08-25,Net Banking,Paid,5098.3
PAY71080,O51080,2025-05-10,Cash on Delivery,Paid,1519.05
PAY71081,O51081,2025-08-04,Credit Card,Paid,2718.3
PAY71082,O51082,2025-08-31,UPI,Paid,5398.2
PAY71083,O51083,2025-02-14,Net Banking,Paid,254.15
PAY71084,O51084,2025-01-07,Net Banking,Paid,1104.15
PAY71085,O51085,2025-06-05,Credit Card,Paid,3498.6
PAY71086,O51086,2025-01-10,UPI,Paid,5097.45
PAY71087,O51087,2025-01-06,Cash on Delivery,Paid,319.2
PAY71088,O51088,2025-12-28,Credit Card,Paid,2338.2
PAY71089,O51089,2025-07-03,Credit Card,Paid,269.1
PAY71090,O51090,2025-04-24,Cash on Delivery,Paid,849.15
PAY71091,O51091,2025-10-02,Credit Card,Failed,538.2
PAY71092,O51092,2025-09-24,Net Banking,Refunded,4317.3
PAY71093,O51093,2025-08-02,Debit Card,Failed,509.15
PAY71094,O51094,2025-03-21,Cash on Delivery,Paid,678.3
PAY71095,O51095,2025-09-29,Credit Card,Refunded,679.15
PAY71096,O51096,2025-06-05,Cash on Delivery,Paid,807.3
PAY71097,O51097,2025-08-11,Credit Card,Paid,1798.2
PAY71098,O51098,2025-12-15,Credit Card,Refunded,254.15
PAY71099,O51099,2025-01-25,UPI,Paid,399.0
PAY71100,O51100,2025-12-21,Credit Card,Paid,759.05
PAY71101,O51101,2025-07-27,Credit Card,Paid,499.0
PAY71102,O51102,2025-01-04,Cash on Delivery,Paid,1598.0
PAY71103,O51103,2025-08-03,Debit Card,Paid,3038.1
PAY71104,O51104,2025-04-23,Net Banking,Paid,399.0
PAY71105,O51105,2025-07-12,Net Banking,Paid,568.1
PAY71106,O51106,2025-02-17,UPI,Paid,1359.15
PAY71107,O51107,2025-08-09,UPI,Paid,2598.0
PAY71108,O51108,2025-07-07,UPI,Refunded,899.1
PAY71109,O51109,2025-02-21,UPI,Paid,598.5
PAY71110,O51110,2025-07-17,Credit Card,Paid,399.2
PAY71111,O51111,2025-08-04,Debit Card,Paid,899.1
PAY71112,O51112,2025-08-09,Credit Card,Refunded,2998.5
PAY71113,O51113,2025-04-02,Debit Card,Paid,269.1
PAY71114,O51114,2025-08-21,UPI,Paid,1999.0
PAY71115,O51115,2025-11-19,UPI,Paid,349.3
PAY71116,O51116,2025-09-16,UPI,Paid,224.25
PAY71117,O51117,2025-06-04,Debit Card,Paid,538.2
PAY71118,O51118,2025-09-15,UPI,Paid,1017.45
PAY71119,O51119,2025-09-15,Credit Card,Paid,2547.45
PAY71120,O51120,2025-03-07,UPI,Paid,2374.05
PAY71121,O51121,2025-07-11,Debit Card,Paid,1234.05
PAY71122,O51122,2025-04-03,Debit Card,Refunded,719.1
PAY71123,O51123,2025-06-22,Credit Card,Failed,748.5
PAY71124,O51124,2025-09-06,UPI,Paid,897.0
PAY71125,O51125,2025-09-13,UPI,Paid,2078.4
PAY71126,O51126,2025-04-28,Credit Card,Refunded,1797.0
PAY71127,O51127,2025-02-20,Cash on Delivery,Paid,1699.15
PAY71128,O51128,2025-08-15,UPI,Paid,1358.3
PAY71129,O51129,2025-03-10,UPI,Paid,1698.3
PAY71130,O51130,2025-05-07,UPI,Paid,897.0
PAY71131,O51131,2025-08-03,Debit Card,Paid,5397.3
PAY71132,O51132,2025-02-23,Cash on Delivery,Paid,849.15
PAY71133,O51133,2025-04-23,UPI,Paid,399.0
PAY71134,O51134,2025-06-08,Debit Card,Paid,399.0
PAY71135,O51135,2025-08-30,Credit Card,Paid,508.3
PAY71136,O51136,2025-05-30,Net Banking,Paid,679.15
PAY71137,O51137,2025-05-21,Credit Card,Paid,2374.05
PAY71138,O51138,2025-04-23,UPI,Paid,2718.3
PAY71139,O51139,2025-05-25,Debit Card,Paid,1498.5
PAY71140,O51140,2025-05-19,Net Banking,Refunded,999.0
PAY71141,O51141,2025-11-02,Cash on Delivery,Paid,2549.15
PAY71142,O51142,2025-02-02,Credit Card,Paid,1599.0
PAY71143,O51143,2025-10-20,UPI,Paid,3198.0
PAY71144,O51144,2025-04-20,UPI,Paid,474.05
PAY71145,O51145,2025-10-13,Net Banking,Paid,899.1
PAY71146,O51146,2025-06-10,Credit Card,Paid,1437.6
PAY71147,O51147,2025-11-24,Debit Card,Paid,2699.1
PAY71148,O51148,2025-01-15,UPI,Paid,848.3
PAY71149,O51149,2025-05-02,UPI,Paid,718.2
PAY71150,O51150,2025-08-05,Debit Card,Paid,4748.1
PAY71151,O51151,2025-09-29,UPI,Paid,849.15
PAY71152,O51152,2025-01-26,Credit Card,Paid,798.4
PAY71153,O51153,2025-11-19,Debit Card,Paid,3117.6
PAY71154,O51154,2025-10-23,UPI,Paid,479.2
PAY71155,O51155,2025-06-18,Net Banking,Paid,359.1
PAY71156,O51156,2025-04-13,UPI,Paid,399.2
PAY71157,O51157,2025-12-20,Debit Card,Paid,2374.05
PAY71158,O51158,2025-02-10,UPI,Paid,3998.4
PAY71159,O51159,2025-08-24,UPI,Failed,672.75
PAY71160,O51160,2025-11-18,Net Banking,Paid,3198.0
PAY71161,O51161,2025-03-30,Credit Card,Paid,269.1
PAY71162,O51162,2025-04-10,UPI,Paid,5097.45
PAY71163,O51163,2025-05-25,UPI,Paid,319.2
PAY71164,O51164,2025-03-25,Cash on Delivery,Paid,1519.05
PAY71165,O51165,2025-03-20,Credit Card,Paid,349.3
PAY71166,O51166,2025-03-02,Credit Card,Paid,1699.15
PAY71167,O51167,2025-08-18,UPI,Paid,759.05
PAY71168,O51168,2025-04-01,Cash on Delivery,Paid,399.0
PAY71169,O51169,2025-12-22,UPI,Paid,638.4
PAY71170,O51170,2025-01-03,UPI,Paid,2397.0
PAY71171,O51171,2025-09-26,Credit Card,Paid,1299.0
PAY71172,O51172,2025-10-15,Net Banking,Paid,1359.15
PAY71173,O51173,2025-07-17,UPI,Paid,4248.3
PAY71174,O51174,2025-10-03,Credit Card,Paid,678.3
PAY71175,O51175,2025-03-19,Credit Card,Paid,449.1
PAY71176,O51176,2025-05-22,UPI,Paid,958.4
PAY71177,O51177,2025-10-17,Cash on Delivery,Paid,838.6
PAY71178,O51178,2025-03-12,Net Banking,Paid,2699.1
PAY71179,O51179,2025-02-19,UPI,Paid,479.2
PAY71180,O51180,2025-03-21,Credit Card,Paid,749.25
PAY71181,O51181,2025-08-23,Net Banking,Paid,1359.15
PAY71182,O51182,2025-10-16,Credit Card,Paid,849.15
PAY71183,O51183,2025-11-05,Credit Card,Paid,758.1
PAY71184,O51184,2025-06-05,UPI,Paid,3312.45
PAY71185,O51185,2025-03-02,UPI,Paid,2124.15
PAY71186,O51186,2025-02-02,UPI,Paid,1278.4
PAY71187,O51187,2025-05-07,Credit Card,Paid,1818.6
PAY71188,O51188,2025-08-10,Cash on Delivery,Paid,5997.0
PAY71189,O51189,2025-07-21,Net Banking,Paid,998.0
PAY71190,O51190,2025-05-08,UPI,Paid,1998.0
PAY71191,O51191,2025-02-12,Debit Card,Paid,1039.2
PAY71192,O51192,2025-10-02,Net Banking,Paid,399.0
PAY71193,O51193,2025-10-25,Credit Card,Paid,1359.15
PAY71194,O51194,2025-03-27,UPI,Paid,1798.2
PAY71195,O51195,2025-03-31,Credit Card,Refunded,1169.1
PAY71196,O51196,2025-02-13,Credit Card,Paid,759.05
PAY71197,O51197,2025-05-01,UPI,Paid,6747.75
PAY71198,O51198,2025-10-07,Credit Card,Paid,762.45
PAY71199,O51199,2025-02-04,Credit Card,Paid,2922.75
PAY71200,O51200,2025-10-03,Credit Card,Paid,339.15
PAY71201,O51201,2025-06-02,Credit Card,Paid,499.0
PAY71202,O51202,2025-04-02,Net Banking,Paid,1898.1
PAY71203,O51203,2025-04-15,UPI,Paid,3498.6
PAY71204,O51204,2025-01-12,UPI,Paid,958.4
PAY71205,O51205,2025-06-09,Debit Card,Paid,1599.0
PAY71206,O51206,2025-07-15,Debit Card,Paid,1279.2
PAY71207,O51207,2025-11-05,Cash on Delivery,Paid,269.1
PAY71208,O51208,2025-09-19,Credit Card,Paid,2249.1
PAY71209,O51209,2025-04-02,Debit Card,Paid,284.05
PAY71210,O51210,2025-07-18,Debit Card,Failed,2397.6
PAY71211,O51211,2025-03-12,UPI,Paid,2499.0
PAY71212,O51212,2025-08-08,Debit Card,Paid,359.1
PAY71213,O51213,2025-08-03,UPI,Paid,2878.2
PAY71214,O51214,2025-05-28,Credit Card,Paid,1518.1
PAY71215,O51215,2025-08-21,UPI,Paid,5097.45
PAY71216,O51216,2025-08-23,Net Banking,Paid,499.0
PAY71217,O51217,2025-08-03,Cash on Delivery,Paid,4317.3
PAY71218,O51218,2025-03-04,UPI,Paid,299.25
PAY71219,O51219,2025-12-29,Debit Card,Paid,449.1
PAY71220,O51220,2025-03-20,Cash on Delivery,Paid,539.1
PAY71221,O51221,2025-04-07,Debit Card,Refunded,2208.3
PAY71222,O51222,2025-11-28,Net Banking,Paid,679.15
PAY71223,O51223,2025-08-06,UPI,Paid,239.2
PAY71224,O51224,2025-08-03,UPI,Paid,948.1
PAY71225,O51225,2025-11-02,UPI,Paid,897.75
PAY71226,O51226,2025-07-20,Cash on Delivery,Paid,1999.2
PAY71227,O51227,2025-12-20,Net Banking,Refunded,2078.4
PAY71228,O51228,2025-01-31,Cash on Delivery,Paid,1998.0
PAY71229,O51229,2025-10-17,Credit Card,Paid,2598.0
PAY71230,O51230,2025-12-10,Debit Card,Paid,339.15
PAY71231,O51231,2025-05-17,Debit Card,Paid,749.25
PAY71232,O51232,2025-03-26,Credit Card,Paid,254.15
PAY71233,O51233,2025-02-17,Cash on Delivery,Paid,474.05
PAY71234,O51234,2025-07-27,UPI,Paid,798.0
PAY71235,O51235,2025-03-20,UPI,Paid,1039.2
PAY71236,O51236,2025-09-16,UPI,Paid,3198.4
PAY71237,O51237,2025-04-04,UPI,Paid,2468.1
PAY71238,O51238,2025-04-11,UPI,Paid,3897.0
PAY71239,O51239,2025-07-14,Credit Card,Paid,3507.3
PAY71240,O51240,2025-07-12,UPI,Paid,1104.15
PAY71241,O51241,2025-03-10,Net Banking,Paid,1598.4
PAY71242,O51242,2025-09-01,Credit Card,Paid,479.2
PAY71243,O51243,2025-04-02,UPI,Paid,2124.15
PAY71244,O51244,2025-12-11,UPI,Paid,5998.0
PAY71245,O51245,2025-01-11,Credit Card,Paid,1104.15
PAY71246,O51246,2025-09-22,Credit Card,Paid,418.6
PAY71247,O51247,2025-09-27,UPI,Paid,3748.5
PAY71248,O51248,2025-11-17,Debit Card,Paid,299.25
PAY71249,O51249,2025-04-29,Credit Card,Paid,269.1
PAY71250,O51250,2025-09-08,UPI,Paid,478.4
PAY71251,O51251,2025-03-01,UPI,Paid,5622.75
PAY71252,O51252,2025-07-15,Credit Card,Paid,424.15
PAY71253,O51253,2025-02-19,Net Banking,Paid,1137.15
PAY71254,O51254,2025-10-24,Credit Card,Paid,2097.9
PAY71255,O51255,2025-04-08,Net Banking,Refunded,538.2
PAY71256,O51256,2025-05-07,Credit Card,Paid,799.0
PAY71257,O51257,2025-09-05,Net Banking,Paid,7497.0
PAY71258,O51258,2025-03-30,Cash on Delivery,Paid,2718.3
PAY71259,O51259,2025-03-18,UPI,Paid,539.1
PAY71260,O51260,2025-07-23,UPI,Paid,599.0
PAY71261,O51261,2025-05-28,UPI,Paid,1039.2
PAY71262,O51262,2025-05-30,UPI,Failed,2558.4
PAY71263,O51263,2025-04-22,Credit Card,Refunded,319.2
PAY71264,O51264,2025-05-09,Net Banking,Paid,284.05
PAY71265,O51265,2025-09-11,Cash on Delivery,Paid,1698.3
PAY71266,O51266,2025-06-15,Credit Card,Refunded,7497.0
PAY71267,O51267,2025-10-26,Debit Card,Paid,5398.2
PAY71268,O51268,2025-05-18,Debit Card,Paid,718.2
PAY71269,O51269,2025-10-08,Credit Card,Paid,798.4
PAY71270,O51270,2025-12-01,Debit Card,Paid,2697.3
PAY71271,O51271,2025-01-12,Credit Card,Paid,2499.0
PAY71272,O51272,2025-03-13,Debit Card,Paid,899.1
PAY71273,O51273,2025-06-08,UPI,Paid,3398.3
PAY71274,O51274,2025-08-06,UPI,Paid,3597.75
PAY71275,O51275,2025-01-26,Debit Card,Paid,1499.25
PAY71276,O51276,2025-10-13,UPI,Paid,949.05
PAY71277,O51277,2025-06-13,Net Banking,Paid,284.05
PAY71278,O51278,2025-04-14,UPI,Paid,569.05
PAY71279,O51279,2025-03-10,UPI,Paid,1279.2
PAY71280,O51280,2025-05-13,UPI,Paid,999.0
PAY71281,O51281,2025-07-08,UPI,Paid,4998.0
PAY71282,O51282,2025-08-01,UPI,Paid,5097.45
PAY71283,O51283,2025-08-31,Cash on Delivery,Paid,474.05
PAY71284,O51284,2025-06-17,UPI,Paid,399.0
PAY71285,O51285,2025-03-02,UPI,Paid,2249.1
PAY71286,O51286,2025-12-30,Debit Card,Paid,1077.3
PAY71287,O51287,2025-10-06,UPI,Paid,678.3
PAY71288,O51288,2025-04-24,UPI,Paid,1399.3
PAY71289,O51289,2025-01-31,Credit Card,Paid,1998.0
PAY71290,O51290,2025-11-21,UPI,Paid,1617.3
PAY71291,O51291,2025-06-12,Credit Card,Paid,748.5
PAY71292,O51292,2025-08-23,Debit Card,Paid,224.25
PAY71293,O51293,2025-12-07,UPI,Paid,2697.3
PAY71294,O51294,2025-06-21,Cash on Delivery,Paid,479.2
PAY71295,O51295,2025-11-15,UPI,Paid,2999.0
PAY71296,O51296,2025-07-05,Net Banking,Paid,1999.2
PAY71297,O51297,2025-02-28,Debit Card,Paid,1119.3
PAY71298,O51298,2025-08-30,UPI,Paid,2547.45
PAY71299,O51299,2025-09-14,UPI,Paid,4248.3
PAY71300,O51300,2025-12-24,Net Banking,Paid,1519.05
PAY71301,O51301,2025-07-22,Debit Card,Paid,339.15
PAY71302,O51302,2025-11-23,UPI,Paid,2124.15
PAY71303,O51303,2025-11-11,UPI,Paid,1104.15
PAY71304,O51304,2025-10-31,Cash on Delivery,Paid,2397.0
PAY71305,O51305,2025-04-16,Credit Card,Paid,509.15
PAY71306,O51306,2025-10-17,UPI,Refunded,1017.45
PAY71307,O51307,2025-04-13,Cash on Delivery,Paid,759.05
PAY71308,O51308,2025-04-09,UPI,Paid,1138.1
PAY71309,O51309,2025-06-02,Credit Card,Refunded,538.2
PAY71310,O51310,2025-01-31,Debit Card,Paid,2399.2
PAY71311,O51311,2025-06-02,Net Banking,Paid,849.15
PAY71312,O51312,2025-03-15,UPI,Paid,1197.6
PAY71313,O51313,2025-09-12,Cash on Delivery,Paid,538.2
PAY71314,O51314,2025-01-04,Cash on Delivery,Refunded,898.5
PAY71315,O51315,2025-08-25,UPI,Paid,3198.4
PAY71316,O51316,2025-02-09,Credit Card,Failed,1438.2
PAY71317,O51317,2025-01-20,Net Banking,Paid,7497.0
PAY71318,O51318,2025-04-23,Credit Card,Paid,5698.1
PAY71319,O51319,2025-01-25,Credit Card,Paid,559.3
PAY71320,O51320,2025-05-18,Debit Card,Paid,359.1
PAY71321,O51321,2025-09-06,Net Banking,Paid,2878.2
PAY71322,O51322,2025-10-28,Debit Card,Paid,1234.05
PAY71323,O51323,2025-04-07,Debit Card,Paid,478.4
PAY71324,O51324,2025-02-03,UPI,Paid,899.1
PAY71325,O51325,2025-05-15,Debit Card,Paid,539.1
PAY71326,O51326,2025-09-14,UPI,Paid,1439.1
PAY71327,O51327,2025-10-05,Credit Card,Paid,2249.1
PAY71328,O51328,2025-05-15,UPI,Paid,1347.3
PAY71329,O51329,2025-08-26,Credit Card,Paid,1358.3
PAY71330,O51330,2025-01-16,UPI,Failed,1197.6
PAY71331,O51331,2025-10-06,Credit Card,Paid,319.2
PAY71332,O51332,2025-05-08,Net Banking,Paid,319.2
PAY71333,O51333,2025-12-12,Credit Card,Paid,1797.0
PAY71334,O51334,2025-01-19,UPI,Paid,1598.4
PAY71335,O51335,2025-11-09,UPI,Paid,1999.0
PAY71336,O51336,2025-02-19,Cash on Delivery,Paid,598.0
PAY71337,O51337,2025-05-16,Net Banking,Paid,299.25
PAY71338,O51338,2025-04-28,UPI,Paid,319.2
PAY71339,O51339,2025-11-04,Cash on Delivery,Paid,1699.15
PAY71340,O51340,2025-03-03,UPI,Paid,1874.25
PAY71341,O51341,2025-05-06,Debit Card,Paid,1119.3
PAY71342,O51342,2025-04-26,Credit Card,Paid,3398.3
PAY71343,O51343,2025-06-23,UPI,Paid,679.15
PAY71344,O51344,2025-07-08,UPI,Paid,799.2
PAY71345,O51345,2025-03-31,Net Banking,Paid,3038.1
PAY71346,O51346,2025-07-22,UPI,Paid,569.05
PAY71347,O51347,2025-12-27,Credit Card,Paid,2399.2
PAY71348,O51348,2025-11-09,Debit Card,Paid,2878.2
PAY71349,O51349,2025-11-18,UPI,Paid,2999.0
PAY71350,O51350,2025-07-01,Net Banking,Paid,1439.1
PAY71351,O51351,2025-12-19,UPI,Paid,719.1
PAY71352,O51352,2025-06-18,UPI,Paid,1047.9
PAY71353,O51353,2025-06-30,Net Banking,Paid,3198.4
PAY71354,O51354,2025-10-27,Cash on Delivery,Paid,679.15
PAY71355,O51355,2025-05-10,Net Banking,Paid,349.3
PAY71356,O51356,2025-05-31,UPI,Paid,1499.25
PAY71357,O51357,2025-11-03,Cash on Delivery,Failed,1359.15
PAY71358,O51358,2025-07-28,Credit Card,Paid,1499.25
PAY71359,O51359,2025-04-22,UPI,Paid,2878.2
PAY71360,O51360,2025-05-19,Cash on Delivery,Paid,568.1
PAY71361,O51361,2025-12-23,UPI,Paid,3038.1
PAY71362,O51362,2025-07-30,Credit Card,Paid,3312.45
PAY71363,O51363,2025-05-26,Cash on Delivery,Paid,339.15
PAY71364,O51364,2025-03-25,UPI,Paid,678.3
PAY71365,O51365,2025-01-30,Credit Card,Paid,2547.45
PAY71366,O51366,2025-03-07,UPI,Paid,1999.0
PAY71367,O51367,2025-01-24,Cash on Delivery,Paid,2598.0
PAY71368,O51368,2025-07-31,Credit Card,Paid,254.15
PAY71369,O51369,2025-08-12,UPI,Paid,3038.1
PAY71370,O51370,2025-04-02,UPI,Refunded,848.3
PAY71371,O51371,2025-04-17,Credit Card,Refunded,1104.15
PAY71372,O51372,2025-06-22,Debit Card,Paid,1104.15
PAY71373,O51373,2025-08-18,Credit Card,Paid,899.1
PAY71374,O51374,2025-03-18,UPI,Paid,848.3
PAY71375,O51375,2025-03-09,Debit Card,Paid,798.4
PAY71376,O51376,2026-01-02,UPI,Refunded,1749.3
PAY71377,O51377,2025-12-20,Net Banking,Refunded,7197.6
PAY71378,O51378,2025-04-03,Credit Card,Paid,339.15
PAY71379,O51379,2025-03-30,Debit Card,Paid,4748.1
PAY71380,O51380,2025-02-20,UPI,Paid,2549.15
PAY71381,O51381,2025-04-13,Debit Card,Paid,448.5
PAY71382,O51382,2025-02-15,Cash on Delivery,Paid,568.1
PAY71383,O51383,2025-06-29,Debit Card,Refunded,2374.05
PAY71384,O51384,2025-09-24,Debit Card,Paid,299.0
PAY71385,O51385,2025-09-27,Debit Card,Paid,1598.4
PAY71386,O51386,2025-11-16,Credit Card,Paid,359.1
PAY71387,O51387,2025-01-10,UPI,Paid,2997.0
PAY71388,O51388,2025-09-24,Net Banking,Paid,299.25
PAY71389,O51389,2025-03-20,Debit Card,Paid,848.3
PAY71390,O51390,2025-08-29,UPI,Paid,1169.1
PAY71391,O51391,2025-09-15,UPI,Paid,899.1
PAY71392,O51392,2025-07-16,Credit Card,Paid,899.1
PAY71393,O51393,2025-11-28,UPI,Paid,1438.2
PAY71394,O51394,2025-05-13,Cash on Delivery,Paid,1077.3
PAY71395,O51395,2025-12-09,Net Banking,Paid,1699.15
PAY71396,O51396,2025-09-20,UPI,Failed,4798.4
PAY71397,O51397,2025-08-31,UPI,Paid,678.3
PAY71398,O51398,2025-06-20,UPI,Paid,898.2
PAY71399,O51399,2025-05-27,UPI,Paid,509.15
PAY71400,O51400,2025-09-27,UPI,Paid,1279.2
PAY71401,O51401,2025-05-30,Cash on Delivery,Paid,2999.0
PAY71402,O51402,2025-10-28,Credit Card,Paid,399.0
PAY71403,O51403,2025-01-29,UPI,Paid,2208.3
PAY71404,O51404,2025-05-29,UPI,Paid,849.15
PAY71405,O51405,2025-10-09,Net Banking,Paid,1518.1
PAY71406,O51406,2025-07-01,Net Banking,Paid,319.2
PAY71407,O51407,2025-06-16,Credit Card,Paid,679.15
PAY71408,O51408,2025-01-17,UPI,Paid,224.25
PAY71409,O51409,2025-05-31,Cash on Delivery,Paid,1138.1
PAY71410,O51410,2025-12-05,UPI,Paid,319.2
PAY71411,O51411,2025-02-14,Net Banking,Paid,399.0
PAY71412,O51412,2025-11-26,Credit Card,Paid,339.15
PAY71413,O51413,2025-07-09,Net Banking,Paid,4248.3
PAY71414,O51414,2025-05-20,Credit Card,Paid,1439.1
PAY71415,O51415,2025-03-03,Cash on Delivery,Paid,1437.6
PAY71416,O51416,2025-10-22,Net Banking,Paid,399.0
PAY71417,O51417,2025-11-19,UPI,Paid,1359.15
PAY71418,O51418,2025-02-04,Credit Card,Paid,949.05
PAY71419,O51419,2025-10-26,UPI,Paid,1999.2
PAY71420,O51420,2025-04-23,Cash on Delivery,Paid,1497.0
PAY71421,O51421,2025-10-20,UPI,Paid,1279.2
PAY71422,O51422,2025-02-08,UPI,Paid,239.2
PAY71423,O51423,2025-04-10,Credit Card,Paid,319.2
PAY71424,O51424,2025-01-23,Debit Card,Paid,949.05
PAY71425,O51425,2025-08-06,UPI,Paid,1358.3
PAY71426,O51426,2025-03-31,Credit Card,Paid,4797.0
PAY71427,O51427,2025-07-28,Cash on Delivery,Paid,1278.4
PAY71428,O51428,2025-09-28,Debit Card,Paid,2558.4
PAY71429,O51429,2025-08-25,Credit Card,Paid,1272.45
PAY71430,O51430,2025-07-30,UPI,Paid,1278.4
PAY71431,O51431,2025-10-06,UPI,Paid,599.0
PAY71432,O51432,2025-07-25,Credit Card,Paid,509.15
PAY71433,O51433,2025-03-21,Credit Card,Paid,807.3
PAY71434,O51434,2025-11-25,Credit Card,Refunded,418.6
PAY71435,O51435,2025-04-08,Credit Card,Paid,1499.25
PAY71436,O51436,2025-12-14,UPI,Paid,1039.2
PAY71437,O51437,2026-01-01,Debit Card,Paid,898.5
PAY71438,O51438,2025-12-16,UPI,Paid,1798.2
PAY71439,O51439,2025-12-02,Net Banking,Paid,224.25
PAY71440,O51440,2025-04-06,UPI,Paid,2249.1
PAY71441,O51441,2025-03-21,Credit Card,Paid,2558.4
PAY71442,O51442,2025-02-09,UPI,Paid,319.2
PAY71443,O51443,2025-08-18,Debit Card,Paid,4998.0
PAY71444,O51444,2025-05-16,Credit Card,Paid,4498.2
PAY71445,O51445,2025-07-16,UPI,Paid,399.0
PAY71446,O51446,2025-10-11,Credit Card,Paid,2238.6
PAY71447,O51447,2025-04-12,Credit Card,Paid,5998.0
PAY71448,O51448,2025-03-16,Net Banking,Paid,1272.45
PAY71449,O51449,2025-10-22,UPI,Paid,798.4
PAY71450,O51450,2025-07-29,Net Banking,Paid,3702.15
PAY71451,O51451,2025-03-24,Debit Card,Paid,424.15
PAY71452,O51452,2025-05-25,UPI,Paid,2549.15
PAY71453,O51453,2025-02-27,Cash on Delivery,Paid,1519.05
PAY71454,O51454,2025-12-27,UPI,Paid,1599.2
PAY71455,O51455,2025-10-16,UPI,Paid,2878.2
PAY71456,O51456,2025-07-31,UPI,Paid,379.05
PAY71457,O51457,2025-06-28,Debit Card,Paid,254.15
PAY71458,O51458,2025-02-27,Cash on Delivery,Paid,1799.1
PAY71459,O51459,2025-03-14,Credit Card,Paid,2249.25
PAY71460,O51460,2025-08-05,Net Banking,Paid,1198.5
PAY71461,O51461,2025-09-25,Cash on Delivery,Paid,849.15
PAY71462,O51462,2025-03-14,Credit Card,Paid,1799.1
PAY71463,O51463,2025-09-29,Credit Card,Paid,359.1
PAY71464,O51464,2025-12-22,UPI,Paid,758.1
PAY71465,O51465,2025-08-24,Debit Card,Paid,1699.15
PAY71466,O51466,2025-11-17,UPI,Paid,478.4
PAY71467,O51467,2025-01-20,Debit Card,Paid,449.1
PAY71468,O51468,2025-04-25,Cash on Delivery,Paid,569.05
PAY71469,O51469,2025-03-06,Net Banking,Refunded,1699.15
PAY71470,O51470,2025-07-04,Debit Card,Paid,1999.0
PAY71471,O51471,2025-10-05,Net Banking,Paid,1279.2
PAY71472,O51472,2025-06-13,Debit Card,Paid,2124.15
PAY71473,O51473,2025-08-31,Credit Card,Refunded,678.3
PAY71474,O51474,2025-05-25,Credit Card,Paid,2249.1
PAY71475,O51475,2025-05-27,UPI,Paid,974.25
PAY71476,O51476,2025-03-24,Credit Card,Paid,399.0
PAY71477,O51477,2025-11-19,Credit Card,Paid,1498.5
PAY71478,O51478,2025-11-18,Credit Card,Refunded,6747.3
PAY71479,O51479,2025-02-12,Net Banking,Paid,1122.75
PAY71480,O51480,2025-11-10,UPI,Paid,5997.6
PAY71481,O51481,2025-10-21,Net Banking,Refunded,499.0
PAY71482,O51482,2025-06-27,Debit Card,Paid,1039.2
PAY71483,O51483,2025-03-12,Cash on Delivery,Paid,508.3
PAY71484,O51484,2025-02-26,UPI,Paid,799.0
PAY71485,O51485,2025-04-30,UPI,Paid,2598.0
PAY71486,O51486,2025-07-25,Debit Card,Paid,254.15
PAY71487,O51487,2025-02-24,Credit Card,Paid,1017.45
PAY71488,O51488,2025-02-09,Debit Card,Paid,1599.2
PAY71489,O51489,2025-09-02,Cash on Delivery,Paid,4798.4
PAY71490,O51490,2025-07-22,UPI,Paid,678.3
PAY71491,O51491,2025-08-26,Credit Card,Paid,5997.6
PAY71492,O51492,2025-01-17,UPI,Paid,1359.15
PAY71493,O51493,2025-05-24,Cash on Delivery,Paid,569.05
PAY71494,O51494,2025-03-20,UPI,Paid,1198.5
PAY71495,O51495,2025-11-07,UPI,Paid,798.0
PAY71496,O51496,2025-09-20,UPI,Paid,807.3
PAY71497,O51497,2025-07-05,Net Banking,Paid,478.4
PAY71498,O51498,2025-02-24,Debit Card,Paid,1799.1
PAY71499,O51499,2025-11-06,Credit Card,Paid,598.0
PAY71500,O51500,2025-01-05,UPI,Paid,3198.0
PAY71501,O51501,2025-10-26,UPI,Paid,1017.45
PAY71502,O51502,2025-02-10,Debit Card,Refunded,4198.6
PAY71503,O51503,2025-08-18,Credit Card,Paid,679.15
PAY71504,O51504,2025-10-13,Credit Card,Paid,2208.3
PAY71505,O51505,2025-05-19,Debit Card,Failed,2338.2
PAY71506,O51506,2025-04-14,Cash on Delivery,Refunded,949.05
PAY71507,O51507,2025-01-08,UPI,Paid,2999.0
PAY71508,O51508,2025-06-14,Credit Card,Paid,1078.2
PAY71509,O51509,2026-01-02,UPI,Paid,899.1
PAY71510,O51510,2025-10-03,Credit Card,Paid,2374.05
PAY71511,O51511,2025-02-20,Debit Card,Paid,1999.0
PAY71512,O51512,2025-04-06,Credit Card,Paid,1598.4
PAY71513,O51513,2025-03-02,Net Banking,Paid,1797.75
PAY71514,O51514,2025-08-21,Credit Card,Paid,1199.25
PAY71515,O51515,2025-06-26,Credit Card,Refunded,2549.15
PAY71516,O51516,2025-04-02,Net Banking,Paid,1797.0
PAY71517,O51517,2025-10-10,Credit Card,Paid,478.4
PAY71518,O51518,2025-02-06,Credit Card,Paid,399.0
PAY71519,O51519,2025-06-22,Cash on Delivery,Paid,1272.45
PAY71520,O51520,2025-05-08,Net Banking,Paid,2078.4
PAY71521,O51521,2025-10-26,Net Banking,Paid,1598.4
PAY71522,O51522,2025-12-21,Credit Card,Paid,419.3
PAY71523,O51523,2025-07-25,UPI,Paid,1279.2
PAY71524,O51524,2025-10-16,Cash on Delivery,Paid,1598.4
PAY71525,O51525,2025-12-23,UPI,Paid,2849.05
PAY71526,O51526,2025-04-08,Cash on Delivery,Paid,224.25
PAY71527,O51527,2025-08-27,Cash on Delivery,Paid,1518.1
PAY71528,O51528,2025-06-22,Net Banking,Refunded,2998.5
PAY71529,O51529,2025-10-28,UPI,Paid,899.1
PAY71530,O51530,2025-03-29,Net Banking,Paid,897.0
PAY71531,O51531,2025-12-17,Debit Card,Paid,1999.2
PAY71532,O51532,2025-01-19,Debit Card,Paid,4998.0
PAY71533,O51533,2025-05-22,Net Banking,Failed,399.2
PAY71534,O51534,2025-09-13,Credit Card,Paid,7122.15
PAY71535,O51535,2025-10-07,UPI,Paid,749.25
PAY71536,O51536,2025-06-01,Credit Card,Paid,1999.2
PAY71537,O51537,2025-12-12,UPI,Paid,1104.15
PAY71538,O51538,2025-12-01,Debit Card,Paid,1169.1
PAY71539,O51539,2025-05-20,Credit Card,Paid,1599.0
PAY71540,O51540,2025-04-26,Credit Card,Paid,4797.6
PAY71541,O51541,2025-03-10,UPI,Paid,2847.15
PAY71542,O51542,2025-06-28,UPI,Paid,6747.3
PAY71543,O51543,2025-05-07,Debit Card,Paid,3398.3
PAY71544,O51544,2025-11-09,Debit Card,Paid,848.3
PAY71545,O51545,2025-11-07,Credit Card,Paid,1707.15
PAY71546,O51546,2025-12-06,Net Banking,Paid,599.0
PAY71547,O51547,2025-12-30,Credit Card,Refunded,299.0
PAY71548,O51548,2025-12-24,Net Banking,Paid,2249.25
PAY71549,O51549,2025-08-23,UPI,Paid,1599.0
PAY71550,O51550,2025-05-27,UPI,Paid,837.9
PAY71551,O51551,2025-04-21,UPI,Paid,569.05
PAY71552,O51552,2025-12-29,UPI,Paid,1999.0
PAY71553,O51553,2025-12-25,Cash on Delivery,Paid,1359.15
PAY71554,O51554,2025-08-27,Cash on Delivery,Paid,2499.0
PAY71555,O51555,2025-01-04,Net Banking,Refunded,3398.3
PAY71556,O51556,2025-07-31,Credit Card,Refunded,598.5
PAY71557,O51557,2025-01-27,UPI,Paid,1299.0
PAY71558,O51558,2025-11-28,Net Banking,Paid,319.2
PAY71559,O51559,2025-07-03,Credit Card,Paid,719.1
PAY71560,O51560,2025-03-04,Cash on Delivery,Paid,2468.1
PAY71561,O51561,2025-05-03,UPI,Paid,569.05
PAY71562,O51562,2025-02-25,UPI,Paid,598.5
PAY71563,O51563,2025-06-12,Cash on Delivery,Paid,399.0
PAY71564,O51564,2025-07-06,Cash on Delivery,Paid,374.25
PAY71565,O51565,2025-02-08,Cash on Delivery,Paid,2208.3
PAY71566,O51566,2025-07-04,Credit Card,Refunded,1599.0
PAY71567,O51567,2025-03-25,Net Banking,Paid,3598.2
PAY71568,O51568,2025-07-14,UPI,Paid,1279.2
PAY71569,O51569,2025-02-03,UPI,Paid,478.4
PAY71570,O51570,2025-04-23,Credit Card,Paid,848.3
PAY71571,O51571,2025-08-18,Cash on Delivery,Refunded,1948.5
PAY71572,O51572,2025-10-11,UPI,Paid,1197.0
PAY71573,O51573,2025-10-14,Credit Card,Paid,1199.25
PAY71574,O51574,2025-06-06,Debit Card,Paid,799.2
PAY71575,O51575,2025-06-16,Credit Card,Refunded,239.2
PAY71576,O51576,2025-07-01,UPI,Paid,717.6
PAY71577,O51577,2025-08-27,UPI,Paid,679.15
PAY71578,O51578,2025-05-18,Cash on Delivery,Paid,848.3
PAY71579,O51579,2025-12-07,Credit Card,Paid,2124.15
PAY71580,O51580,2025-09-24,Net Banking,Paid,1169.1
PAY71581,O51581,2025-07-06,UPI,Paid,1699.15
PAY71582,O51582,2025-02-11,UPI,Failed,474.05
PAY71583,O51583,2025-11-08,UPI,Paid,2878.2
PAY71584,O51584,2025-06-17,UPI,Paid,2338.2
PAY71585,O51585,2025-09-17,UPI,Paid,2499.0
PAY71586,O51586,2025-05-25,UPI,Paid,1439.1
PAY71587,O51587,2025-07-24,Debit Card,Paid,898.5
PAY71588,O51588,2025-06-27,Net Banking,Paid,718.2
PAY71589,O51589,2025-09-19,Net Banking,Paid,638.4
PAY71590,O51590,2025-09-09,Cash on Delivery,Paid,759.05
PAY71591,O51591,2025-11-25,Debit Card,Paid,1798.2
PAY71592,O51592,2025-07-20,UPI,Paid,3998.0
PAY71593,O51593,2025-07-18,UPI,Paid,1998.0
PAY71594,O51594,2025-07-16,UPI,Paid,679.15
PAY71595,O51595,2025-11-12,Net Banking,Paid,1104.15
PAY71596,O51596,2025-03-18,UPI,Paid,2374.05
PAY71597,O51597,2025-01-20,UPI,Paid,1358.3
PAY71598,O51598,2025-03-04,UPI,Paid,2922.75
PAY71599,O51599,2025-11-24,Cash on Delivery,Failed,3702.15
PAY71600,O51600,2025-10-08,Net Banking,Refunded,1598.0
PAY71601,O51601,2025-09-08,UPI,Paid,762.45
PAY71602,O51602,2025-08-15,UPI,Paid,299.0
PAY71603,O51603,2025-05-07,UPI,Paid,1047.9
PAY71604,O51604,2025-03-01,UPI,Paid,424.15
PAY71605,O51605,2025-07-25,UPI,Refunded,2549.15
PAY71606,O51606,2025-08-31,Credit Card,Paid,898.2
PAY71607,O51607,2025-11-30,Debit Card,Paid,4248.3
PAY71608,O51608,2025-11-23,UPI,Paid,2499.0
PAY71609,O51609,2025-09-09,Cash on Delivery,Paid,1874.25
PAY71610,O51610,2025-11-20,UPI,Paid,1018.3
PAY71611,O51611,2025-07-19,Cash on Delivery,Paid,949.05
PAY71612,O51612,2025-12-09,Debit Card,Paid,2547.45
PAY71613,O51613,2025-08-29,Cash on Delivery,Paid,998.0
PAY71614,O51614,2025-05-19,Debit Card,Paid,999.0
PAY71615,O51615,2025-05-04,Credit Card,Paid,509.15
PAY71616,O51616,2025-02-19,Credit Card,Paid,762.45
PAY71617,O51617,2025-11-02,UPI,Refunded,848.3
PAY71618,O51618,2025-04-26,UPI,Paid,474.05
PAY71619,O51619,2025-12-10,UPI,Refunded,2208.3
PAY71620,O51620,2025-09-09,Credit Card,Paid,5997.0
PAY71621,O51621,2025-01-08,UPI,Paid,679.15
PAY71622,O51622,2025-08-09,Credit Card,Paid,424.15
PAY71623,O51623,2025-03-19,Net Banking,Paid,509.15
PAY71624,O51624,2025-06-30,Cash on Delivery,Paid,3597.75
PAY71625,O51625,2025-05-26,Debit Card,Paid,749.25
PAY71626,O51626,2025-06-03,UPI,Paid,627.9
PAY71627,O51627,2025-05-01,UPI,Refunded,3498.6
PAY71628,O51628,2025-05-05,UPI,Paid,2078.4
PAY71629,O51629,2025-05-30,Credit Card,Refunded,1398.6
PAY71630,O51630,2025-09-26,Cash on Delivery,Paid,1874.25
PAY71631,O51631,2025-11-25,UPI,Paid,2558.4
PAY71632,O51632,2025-01-01,Credit Card,Paid,1299.0
PAY71633,O51633,2025-06-11,Debit Card,Paid,2499.0
PAY71634,O51634,2025-09-02,UPI,Paid,1999.2
PAY71635,O51635,2025-09-10,Cash on Delivery,Paid,254.15
PAY71636,O51636,2025-03-07,UPI,Paid,2558.4
PAY71637,O51637,2025-10-27,Cash on Delivery,Paid,359.1
PAY71638,O51638,2025-09-06,Credit Card,Paid,898.2
PAY71639,O51639,2025-10-25,UPI,Paid,479.2
PAY71640,O51640,2025-04-26,UPI,Paid,224.25
PAY71641,O51641,2025-10-23,UPI,Paid,5998.0
PAY71642,O51642,2025-01-02,Credit Card,Paid,448.5
PAY71643,O51643,2025-02-12,Cash on Delivery,Paid,638.4
PAY71644,O51644,2025-06-22,Net Banking,Paid,2338.2
PAY71645,O51645,2025-03-30,Debit Card,Paid,807.3
PAY71646,O51646,2025-04-09,Credit Card,Paid,299.0
PAY71647,O51647,2025-03-31,UPI,Paid,1998.0
PAY71648,O51648,2025-09-08,UPI,Paid,849.15
PAY71649,O51649,2025-12-03,UPI,Paid,2598.0
PAY71650,O51650,2025-05-23,UPI,Paid,5698.1
PAY71651,O51651,2025-03-13,UPI,Paid,399.2
PAY71652,O51652,2025-05-18,Credit Card,Paid,508.3
PAY71653,O51653,2025-04-11,UPI,Paid,2124.15
PAY71654,O51654,2025-06-01,Cash on Delivery,Paid,474.05
PAY71655,O51655,2025-06-25,UPI,Paid,319.2
PAY71656,O51656,2025-06-17,UPI,Paid,1499.25
PAY71657,O51657,2025-12-09,Debit Card,Paid,6372.45
PAY71658,O51658,2025-09-14,Debit Card,Paid,2398.5
PAY71659,O51659,2025-08-13,Cash on Delivery,Paid,3998.4
PAY71660,O51660,2025-11-28,Credit Card,Paid,717.6
PAY71661,O51661,2025-03-06,UPI,Paid,5997.6
PAY71662,O51662,2025-03-12,Cash on Delivery,Paid,798.0
PAY71663,O51663,2025-03-09,Cash on Delivery,Refunded,898.2
PAY71664,O51664,2025-02-21,Cash on Delivery,Refunded,998.0
PAY71665,O51665,2025-11-12,Cash on Delivery,Paid,897.0
PAY71666,O51666,2025-11-05,UPI,Paid,1519.05
PAY71667,O51667,2025-04-03,Net Banking,Paid,4498.5
PAY71668,O51668,2025-04-27,Cash on Delivery,Paid,379.05
PAY71669,O51669,2025-02-26,Credit Card,Paid,837.9
PAY71670,O51670,2025-12-09,Net Banking,Paid,2037.45
PAY71671,O51671,2025-01-20,Debit Card,Paid,3702.15
PAY71672,O51672,2025-09-30,UPI,Refunded,849.15
PAY71673,O51673,2025-05-11,Credit Card,Paid,1899.05
PAY71674,O51674,2025-09-27,Cash on Delivery,Paid,1749.3
PAY71675,O51675,2025-03-21,Credit Card,Paid,798.4
PAY71676,O51676,2025-10-27,Credit Card,Paid,2997.0
PAY71677,O51677,2025-11-08,Credit Card,Paid,2247.75
PAY71678,O51678,2025-07-22,UPI,Paid,2558.4
PAY71679,O51679,2025-08-14,Debit Card,Paid,499.0
PAY71680,O51680,2025-06-09,Credit Card,Paid,1018.3
PAY71681,O51681,2025-07-25,UPI,Paid,2208.3
PAY71682,O51682,2025-05-18,Cash on Delivery,Refunded,1138.1
PAY71683,O51683,2025-03-15,Cash on Delivery,Paid,1598.4
PAY71684,O51684,2025-02-18,UPI,Paid,1998.0
PAY71685,O51685,2025-01-18,Debit Card,Paid,2208.3
PAY71686,O51686,2025-09-26,Credit Card,Paid,2598.0
PAY71687,O51687,2025-12-06,Credit Card,Refunded,1257.9
PAY71688,O51688,2025-01-21,UPI,Paid,7197.6
PAY71689,O51689,2025-04-11,Credit Card,Paid,3798.1
PAY71690,O51690,2025-04-28,UPI,Paid,269.1
PAY71691,O51691,2025-12-14,UPI,Paid,1899.05
PAY71692,O51692,2025-03-17,UPI,Paid,479.2
PAY71693,O51693,2025-10-09,Debit Card,Paid,1497.0
PAY71694,O51694,2025-09-26,UPI,Paid,2558.4
PAY71695,O51695,2025-05-07,Credit Card,Refunded,224.25
PAY71696,O51696,2025-04-26,UPI,Paid,679.15
PAY71697,O51697,2025-06-23,UPI,Failed,4748.1
PAY71698,O51698,2025-07-01,UPI,Paid,449.1
PAY71699,O51699,2025-08-16,UPI,Paid,4248.3
PAY71700,O51700,2025-06-07,Net Banking,Paid,2208.3
PAY71701,O51701,2025-06-15,Debit Card,Refunded,1699.15
PAY71702,O51702,2025-03-12,Debit Card,Failed,678.3
PAY71703,O51703,2025-08-10,Credit Card,Failed,2338.2
PAY71704,O51704,2025-05-06,Cash on Delivery,Paid,974.25
PAY71705,O51705,2025-05-27,Credit Card,Paid,598.0
PAY71706,O51706,2025-06-27,UPI,Paid,539.1
PAY71707,O51707,2025-06-03,Cash on Delivery,Paid,3837.6
PAY71708,O51708,2025-07-03,UPI,Paid,4998.0
PAY71709,O51709,2025-12-15,Cash on Delivery,Paid,5997.6
PAY71710,O51710,2025-03-27,Credit Card,Paid,1197.6
PAY71711,O51711,2026-01-01,UPI,Paid,1699.15
PAY71712,O51712,2025-05-02,Cash on Delivery,Failed,598.0
PAY71713,O51713,2025-05-11,UPI,Paid,1898.1
PAY71714,O51714,2025-01-08,UPI,Paid,538.2
PAY71715,O51715,2025-12-02,Credit Card,Paid,284.05
PAY71716,O51716,2025-07-04,Debit Card,Paid,558.6
PAY71717,O51717,2025-02-07,UPI,Paid,1699.15
PAY71718,O51718,2025-04-26,Debit Card,Paid,269.1
PAY71719,O51719,2025-04-13,Net Banking,Paid,748.5
PAY71720,O51720,2025-01-09,UPI,Paid,638.4
PAY71721,O51721,2025-08-08,Debit Card,Paid,899.1
PAY71722,O51722,2025-07-28,Cash on Delivery,Paid,1347.3
PAY71723,O51723,2025-03-21,Cash on Delivery,Paid,1899.05
PAY71724,O51724,2025-02-26,UPI,Paid,1119.3
PAY71725,O51725,2025-10-31,Debit Card,Paid,679.15
PAY71726,O51726,2025-08-17,Net Banking,Paid,598.5
PAY71727,O51727,2025-03-30,Cash on Delivery,Paid,1798.2
PAY71728,O51728,2025-01-11,UPI,Paid,599.25
PAY71729,O51729,2025-11-04,UPI,Paid,799.0
PAY71730,O51730,2025-10-19,UPI,Paid,2099.3
PAY71731,O51731,2025-06-13,Credit Card,Paid,2249.25
PAY71732,O51732,2025-08-27,UPI,Paid,1439.1
PAY71733,O51733,2025-11-14,Net Banking,Paid,1279.2
PAY71734,O51734,2025-05-24,UPI,Paid,319.2
PAY71735,O51735,2025-12-02,Net Banking,Paid,599.25
PAY71736,O51736,2025-01-18,UPI,Paid,718.2
PAY71737,O51737,2025-03-13,Credit Card,Paid,4498.2
PAY71738,O51738,2025-06-25,Credit Card,Paid,2922.75
PAY71739,O51739,2025-12-10,Debit Card,Paid,2078.4
PAY71740,O51740,2025-10-16,Credit Card,Refunded,449.1
PAY71741,O51741,2025-10-26,Credit Card,Paid,638.4
PAY71742,O51742,2025-12-06,UPI,Paid,299.0
PAY71743,O51743,2025-09-05,UPI,Paid,958.4
PAY71744,O51744,2025-07-13,Credit Card,Paid,4557.15
PAY71745,O51745,2025-11-23,UPI,Paid,2697.3
PAY71746,O51746,2025-11-04,UPI,Paid,1017.45
PAY71747,O51747,2025-09-25,UPI,Paid,5398.2
PAY71748,O51748,2025-07-24,Net Banking,Paid,1358.3
PAY71749,O51749,2025-12-07,Credit Card,Refunded,1272.45
PAY71750,O51750,2025-05-05,UPI,Refunded,5397.3
PAY71751,O51751,2025-02-27,UPI,Paid,379.05
PAY71752,O51752,2025-12-05,UPI,Paid,1039.2
PAY71753,O51753,2025-07-21,UPI,Paid,1439.1
PAY71754,O51754,2025-04-24,Debit Card,Paid,4248.3
PAY71755,O51755,2025-05-10,Cash on Delivery,Paid,678.3
PAY71756,O51756,2025-02-06,UPI,Paid,898.5
PAY71757,O51757,2025-08-23,Debit Card,Paid,319.2
PAY71758,O51758,2025-11-07,Debit Card,Paid,1999.0
PAY71759,O51759,2025-02-18,Credit Card,Paid,799.2
PAY71760,O51760,2025-04-27,UPI,Paid,2099.3
PAY71761,O51761,2025-09-13,Credit Card,Paid,509.15
PAY71762,O51762,2025-08-11,UPI,Failed,559.3
PAY71763,O51763,2025-05-06,Credit Card,Paid,2124.15
PAY71764,O51764,2025-06-10,UPI,Paid,4317.3
PAY71765,O51765,2025-04-07,Debit Card,Paid,2697.3
PAY71766,O51766,2025-04-17,Net Banking,Paid,424.15
PAY71767,O51767,2025-05-01,Credit Card,Paid,759.05
PAY71768,O51768,2025-04-11,UPI,Paid,999.0
PAY71769,O51769,2025-04-13,Debit Card,Paid,499.0
PAY71770,O51770,2025-06-17,Cash on Delivery,Paid,807.3
PAY71771,O51771,2025-07-06,Debit Card,Paid,539.1
PAY71772,O51772,2025-02-03,UPI,Paid,4248.3
PAY71773,O51773,2025-03-09,Credit Card,Paid,449.1
PAY71774,O51774,2025-06-30,Cash on Delivery,Paid,349.3
PAY71775,O51775,2025-09-25,Debit Card,Paid,1347.3
PAY71776,O51776,2025-02-07,UPI,Paid,1077.3
PAY71777,O51777,2025-07-21,Debit Card,Paid,598.0
PAY71778,O51778,2025-12-26,UPI,Paid,1422.15
PAY71779,O51779,2025-02-18,Credit Card,Paid,399.0
PAY71780,O51780,2025-10-04,Credit Card,Paid,3312.45
PAY71781,O51781,2025-06-17,Debit Card,Paid,798.4
PAY71782,O51782,2025-09-21,UPI,Paid,1899.05
PAY71783,O51783,2025-05-14,Credit Card,Paid,2878.2
PAY71784,O51784,2025-10-27,Debit Card,Paid,1998.0
PAY71785,O51785,2025-12-10,Debit Card,Paid,2399.2
PAY71786,O51786,2025-06-26,UPI,Paid,639.2
PAY71787,O51787,2025-01-12,UPI,Paid,598.0
PAY71788,O51788,2025-07-22,UPI,Paid,1077.3
PAY71789,O51789,2025-10-26,Credit Card,Paid,558.6
PAY71790,O51790,2025-01-05,UPI,Paid,1439.1
PAY71791,O51791,2025-08-02,UPI,Paid,4077.45
PAY71792,O51792,2025-10-23,Credit Card,Paid,539.1
PAY71793,O51793,2025-11-04,Cash on Delivery,Paid,254.15
PAY71794,O51794,2025-02-03,Cash on Delivery,Paid,699.3
PAY71795,O51795,2025-02-18,UPI,Paid,1398.6
PAY71796,O51796,2025-11-23,Credit Card,Paid,1598.4
PAY71797,O51797,2025-09-10,UPI,Paid,1798.2
PAY71798,O51798,2025-07-19,UPI,Paid,1699.15
PAY71799,O51799,2025-04-01,Debit Card,Paid,899.1
PAY71800,O51800,2025-04-20,Net Banking,Paid,279.3
PAY71801,O51801,2025-10-20,Cash on Delivery,Refunded,2399.2
PAY71802,O51802,2025-04-19,Cash on Delivery,Paid,719.1
PAY71803,O51803,2025-02-10,Cash on Delivery,Paid,7497.0
PAY71804,O51804,2025-02-21,UPI,Paid,1698.3
PAY71805,O51805,2025-04-22,Cash on Delivery,Paid,909.3
PAY71806,O51806,2025-10-23,UPI,Paid,424.15
PAY71807,O51807,2025-03-10,Cash on Delivery,Paid,4748.1
PAY71808,O51808,2025-07-10,Credit Card,Paid,598.0
PAY71809,O51809,2025-11-28,Credit Card,Paid,899.1
PAY71810,O51810,2025-07-28,UPI,Paid,448.5
PAY71811,O51811,2025-03-07,UPI,Paid,558.6
PAY71812,O51812,2025-03-05,Debit Card,Paid,1199.25
PAY71813,O51813,2025-09-15,Cash on Delivery,Paid,957.6
PAY71814,O51814,2025-05-15,UPI,Paid,1104.15
PAY71815,O51815,2025-05-03,UPI,Paid,6372.45
PAY71816,O51816,2025-11-28,UPI,Paid,1104.15
PAY71817,O51817,2025-06-21,UPI,Paid,957.6
PAY71818,O51818,2025-07-30,UPI,Paid,719.1
PAY71819,O51819,2025-10-23,UPI,Paid,3398.3
PAY71820,O51820,2025-03-30,UPI,Paid,1998.0
PAY71821,O51821,2025-06-18,Cash on Delivery,Paid,1519.05
PAY71822,O51822,2025-01-29,Cash on Delivery,Paid,2558.4
PAY71823,O51823,2025-08-28,UPI,Paid,374.25
PAY71824,O51824,2025-12-03,Cash on Delivery,Paid,4077.45
PAY71825,O51825,2025-03-05,UPI,Paid,1299.0
PAY71826,O51826,2025-09-13,Debit Card,Paid,4497.75
PAY71827,O51827,2025-02-12,Debit Card,Paid,399.2
PAY71828,O51828,2025-01-30,UPI,Paid,1439.1
PAY71829,O51829,2025-10-08,UPI,Paid,4248.3
PAY71830,O51830,2025-03-21,Cash on Delivery,Paid,1799.1
PAY71831,O51831,2025-02-21,UPI,Paid,1798.2
PAY71832,O51832,2025-04-24,UPI,Paid,1498.5
PAY71833,O51833,2025-12-27,Cash on Delivery,Paid,949.05
PAY71834,O51834,2025-10-29,UPI,Refunded,399.0
PAY71835,O51835,2025-03-31,Credit Card,Paid,299.0
PAY71836,O51836,2025-08-18,Cash on Delivery,Paid,2878.2
PAY71837,O51837,2025-06-01,Cash on Delivery,Paid,1999.0
PAY71838,O51838,2025-09-01,Cash on Delivery,Paid,5697.15
PAY71839,O51839,2025-05-19,Credit Card,Paid,399.0
PAY71840,O51840,2025-05-17,UPI,Paid,948.1
PAY71841,O51841,2025-04-01,Net Banking,Paid,718.2
PAY71842,O51842,2025-01-17,Debit Card,Failed,2397.0
PAY71843,O51843,2025-11-30,Credit Card,Paid,2037.45
PAY71844,O51844,2025-12-28,Cash on Delivery,Paid,2037.45
PAY71845,O51845,2025-06-25,Cash on Delivery,Paid,2499.0
PAY71846,O51846,2025-03-31,Debit Card,Paid,7647.45
PAY71847,O51847,2025-08-03,UPI,Paid,4197.9
PAY71848,O51848,2025-12-11,UPI,Paid,4498.5
PAY71849,O51849,2025-03-03,Credit Card,Paid,399.0
PAY71850,O51850,2026-01-01,UPI,Paid,399.2
PAY71851,O51851,2025-08-08,UPI,Refunded,449.1
PAY71852,O51852,2025-03-03,Debit Card,Paid,2999.0
PAY71853,O51853,2025-11-05,Debit Card,Paid,3598.2
PAY71854,O51854,2025-06-15,Debit Card,Paid,2878.2
PAY71855,O51855,2025-01-13,UPI,Paid,1359.15
PAY71856,O51856,2025-08-04,UPI,Paid,509.15
PAY71857,O51857,2025-03-19,UPI,Paid,4798.4
PAY71858,O51858,2025-08-21,Debit Card,Failed,949.05
PAY71859,O51859,2025-04-23,Credit Card,Refunded,3598.2
PAY71860,O51860,2025-03-09,Credit Card,Paid,4498.2
PAY71861,O51861,2025-07-02,UPI,Paid,718.2
PAY71862,O51862,2025-07-25,UPI,Paid,699.3
PAY71863,O51863,2025-07-27,Cash on Delivery,Paid,1039.2
PAY71864,O51864,2025-10-15,UPI,Paid,418.6
PAY71865,O51865,2025-04-17,Debit Card,Paid,3998.4
PAY71866,O51866,2025-08-31,UPI,Paid,538.2
PAY71867,O51867,2025-08-25,UPI,Paid,899.1
PAY71868,O51868,2025-06-25,UPI,Paid,1699.15
PAY71869,O51869,2025-07-30,Cash on Delivery,Paid,1439.1
PAY71870,O51870,2025-02-01,UPI,Paid,1279.2
PAY71871,O51871,2025-08-25,Cash on Delivery,Refunded,1347.3
PAY71872,O51872,2025-08-30,Net Banking,Paid,1078.2
PAY71873,O51873,2025-06-02,Debit Card,Paid,1917.6
PAY71874,O51874,2025-07-17,Credit Card,Paid,1199.25
PAY71875,O51875,2025-09-28,Cash on Delivery,Paid,2699.1
PAY71876,O51876,2025-06-20,Credit Card,Refunded,3312.45
PAY71877,O51877,2025-12-23,UPI,Paid,1999.0
PAY71878,O51878,2025-11-20,Credit Card,Paid,1358.3
PAY71879,O51879,2025-12-02,UPI,Paid,1999.0
PAY71880,O51880,2025-08-22,UPI,Paid,598.0
PAY71881,O51881,2025-07-03,Cash on Delivery,Paid,678.3
PAY71882,O51882,2025-12-25,Net Banking,Paid,1439.1
PAY71883,O51883,2025-10-02,Credit Card,Paid,1278.4
PAY71884,O51884,2025-02-03,Credit Card,Paid,1347.75
PAY71885,O51885,2025-06-28,Net Banking,Paid,2997.0
PAY71886,O51886,2025-03-06,Credit Card,Paid,799.2
PAY71887,O51887,2025-07-17,Credit Card,Paid,849.15
PAY71888,O51888,2025-01-29,Credit Card,Paid,399.0
PAY71889,O51889,2025-06-02,UPI,Paid,3398.3
PAY71890,O51890,2025-11-01,UPI,Paid,1272.45
PAY71891,O51891,2025-09-25,Cash on Delivery,Paid,1698.3
PAY71892,O51892,2025-03-27,Cash on Delivery,Paid,374.25
PAY71893,O51893,2025-03-08,Credit Card,Paid,1104.15
PAY71894,O51894,2025-05-15,Credit Card,Paid,3357.9
PAY71895,O51895,2025-03-24,Net Banking,Paid,1699.15
PAY71896,O51896,2025-11-15,Debit Card,Paid,998.0
PAY71897,O51897,2025-11-25,UPI,Paid,339.15
PAY71898,O51898,2025-04-09,UPI,Paid,3038.1
PAY71899,O51899,2025-03-15,UPI,Failed,1699.15
PAY71900,O51900,2025-11-25,Cash on Delivery,Paid,1039.2
PAY71901,O51901,2025-01-30,Debit Card,Paid,2699.1
PAY71902,O51902,2025-05-07,UPI,Paid,897.0
PAY71903,O51903,2025-07-30,Cash on Delivery,Paid,1078.2
PAY71904,O51904,2025-10-01,Cash on Delivery,Paid,799.0
PAY71905,O51905,2025-08-01,UPI,Paid,424.15
PAY71906,O51906,2025-05-13,Debit Card,Paid,638.4
PAY71907,O51907,2025-06-06,Debit Card,Paid,349.3
PAY71908,O51908,2025-02-16,Debit Card,Paid,799.0
PAY71909,O51909,2025-12-24,Debit Card,Paid,5097.45
PAY71910,O51910,2025-12-30,Credit Card,Paid,2208.3
PAY71911,O51911,2025-01-23,Cash on Delivery,Paid,1498.5
PAY71912,O51912,2025-03-25,Credit Card,Paid,5098.3
PAY71913,O51913,2025-08-23,UPI,Paid,2397.0
PAY71914,O51914,2025-03-03,UPI,Paid,539.1
PAY71915,O51915,2025-07-07,UPI,Paid,7647.45
PAY71916,O51916,2025-02-28,Credit Card,Paid,239.2
PAY71917,O51917,2025-09-16,UPI,Paid,1948.5
PAY71918,O51918,2025-06-11,Cash on Delivery,Paid,1899.05
PAY71919,O51919,2025-10-29,Cash on Delivery,Paid,698.6
PAY71920,O51920,2025-11-03,Net Banking,Refunded,7497.0
PAY71921,O51921,2025-01-02,Cash on Delivery,Paid,419.3
PAY71922,O51922,2025-09-28,UPI,Paid,1122.75
PAY71923,O51923,2025-05-23,Credit Card,Paid,2549.15
PAY71924,O51924,2025-07-09,UPI,Paid,478.4
PAY71925,O51925,2025-12-20,UPI,Paid,1599.0
PAY71926,O51926,2025-12-07,Cash on Delivery,Failed,1599.0
PAY71927,O51927,2025-08-14,Debit Card,Paid,598.0
PAY71928,O51928,2025-06-29,UPI,Paid,798.0
PAY71929,O51929,2025-01-23,UPI,Paid,762.45
PAY71930,O51930,2025-12-22,Credit Card,Paid,1518.1
PAY71931,O51931,2025-02-06,UPI,Paid,748.5
PAY71932,O51932,2025-04-18,UPI,Paid,538.2
PAY71933,O51933,2025-10-25,Debit Card,Paid,638.4
PAY71934,O51934,2025-08-17,Cash on Delivery,Paid,3312.45
PAY71935,O51935,2025-11-11,Cash on Delivery,Paid,5398.2
PAY71936,O51936,2025-04-07,Credit Card,Paid,3038.1
PAY71937,O51937,2025-10-08,UPI,Paid,269.1
PAY71938,O51938,2025-04-22,Cash on Delivery,Refunded,479.2
PAY71939,O51939,2025-02-07,Net Banking,Paid,678.3
PAY71940,O51940,2025-02-11,Credit Card,Paid,569.05
PAY71941,O51941,2025-03-26,Net Banking,Paid,2558.4
PAY71942,O51942,2025-10-29,Credit Card,Paid,599.0
PAY71943,O51943,2025-07-09,UPI,Paid,1279.2
PAY71944,O51944,2025-08-30,Cash on Delivery,Paid,1169.1
PAY71945,O51945,2025-12-26,Credit Card,Paid,1279.2
PAY71946,O51946,2025-12-21,Debit Card,Paid,1499.25
PAY71947,O51947,2025-01-21,Credit Card,Paid,799.2
PAY71948,O51948,2025-12-13,UPI,Paid,719.1
PAY71949,O51949,2025-11-23,UPI,Paid,2374.05
PAY71950,O51950,2025-09-18,UPI,Paid,1599.2
PAY71951,O51951,2025-06-08,UPI,Paid,2699.1
PAY71952,O51952,2025-11-01,UPI,Paid,799.0
PAY71953,O51953,2025-04-24,Credit Card,Paid,1999.2
PAY71954,O51954,2025-05-24,Cash on Delivery,Paid,2338.2
PAY71955,O51955,2025-09-14,Net Banking,Paid,299.0
PAY71956,O51956,2025-01-20,UPI,Paid,1874.25
PAY71957,O51957,2025-07-04,Net Banking,Paid,2549.15
PAY71958,O51958,2025-10-16,Credit Card,Paid,538.2
PAY71959,O51959,2025-05-11,Debit Card,Paid,399.2
PAY71960,O51960,2025-10-10,UPI,Paid,1499.25
PAY71961,O51961,2025-09-02,Credit Card,Paid,999.0
PAY71962,O51962,2025-01-09,Cash on Delivery,Paid,762.45
PAY71963,O51963,2025-07-12,Credit Card,Paid,1999.2
PAY71964,O51964,2025-11-14,UPI,Paid,2374.05
PAY71965,O51965,2025-01-08,UPI,Paid,424.15
PAY71966,O51966,2025-05-16,UPI,Paid,2598.0
PAY71967,O51967,2025-01-19,Debit Card,Paid,2397.6
PAY71968,O51968,2025-05-21,Cash on Delivery,Paid,1598.4
PAY71969,O51969,2025-06-26,Debit Card,Paid,399.0
PAY71970,O51970,2025-01-13,Net Banking,Paid,1279.2
PAY71971,O51971,2025-02-10,Net Banking,Paid,3198.4
PAY71972,O51972,2025-04-25,UPI,Failed,1439.1
PAY71973,O51973,2025-06-29,UPI,Paid,1598.4
PAY71974,O51974,2025-07-13,Credit Card,Paid,2499.0
PAY71975,O51975,2025-07-15,UPI,Paid,2922.75
PAY71976,O51976,2025-12-16,Debit Card,Paid,1698.3
PAY71977,O51977,2025-08-14,UPI,Paid,254.15
PAY71978,O51978,2025-11-28,Credit Card,Paid,4077.45
PAY71979,O51979,2025-11-19,Credit Card,Paid,1359.15
PAY71980,O51980,2025-09-18,Credit Card,Failed,1199.25
PAY71981,O51981,2025-04-28,Debit Card,Paid,3398.3
PAY71982,O51982,2025-05-31,Cash on Delivery,Paid,299.25
PAY71983,O51983,2025-04-28,UPI,Paid,339.15
PAY71984,O51984,2025-06-14,Debit Card,Paid,949.05
PAY71985,O51985,2025-09-10,UPI,Paid,599.25
PAY71986,O51986,2025-09-24,UPI,Paid,2718.3
PAY71987,O51987,2025-02-13,UPI,Paid,638.4
PAY71988,O51988,2025-07-01,Credit Card,Paid,1749.3
PAY71989,O51989,2025-03-20,Credit Card,Paid,2598.0
PAY71990,O51990,2025-04-26,UPI,Paid,539.1
PAY71991,O51991,2025-03-08,Credit Card,Paid,4748.1
PAY71992,O51992,2025-01-14,UPI,Paid,4248.3
PAY71993,O51993,2025-04-03,Debit Card,Paid,1039.2
PAY71994,O51994,2025-09-05,Debit Card,Paid,349.3
PAY71995,O51995,2025-09-26,Net Banking,Refunded,1799.1
PAY71996,O51996,2025-05-19,Credit Card,Refunded,958.4
PAY71997,O51997,2025-12-09,Debit Card,Paid,3748.5
PAY71998,O51998,2025-09-03,UPI,Paid,678.3
PAY71999,O51999,2025-12-09,UPI,Paid,568.1
PAY72000,O52000,2025-09-30,Debit Card,Paid,339.15
PAY72001,O52001,2025-11-02,Debit Card,Paid,279.3
PAY72002,O52002,2025-07-12,Cash on Delivery,Paid,349.3
PAY72003,O52003,2025-04-09,Cash on Delivery,Paid,2718.3
PAY72004,O52004,2025-11-28,Net Banking,Paid,1498.5
PAY72005,O52005,2025-07-26,Cash on Delivery,Paid,758.1
PAY72006,O52006,2025-05-19,Debit Card,Paid,284.05
PAY72007,O52007,2025-03-19,UPI,Paid,699.3
PAY72008,O52008,2025-02-07,UPI,Paid,1998.0
PAY72009,O52009,2025-10-13,Net Banking,Paid,3038.1
PAY72010,O52010,2025-10-30,UPI,Paid,5397.3
PAY72011,O52011,2025-05-16,UPI,Paid,2124.15
PAY72012,O52012,2025-05-22,Credit Card,Paid,509.15
PAY72013,O52013,2025-09-13,UPI,Paid,269.1
PAY72014,O52014,2025-02-17,Credit Card,Paid,748.5
PAY72015,O52015,2025-09-14,Debit Card,Paid,1198.5
PAY72016,O52016,2025-05-16,Debit Card,Paid,538.2
PAY72017,O52017,2025-10-19,Credit Card,Paid,269.1
PAY72018,O52018,2025-07-28,Credit Card,Paid,1599.2
PAY72019,O52019,2025-04-11,UPI,Paid,849.15
PAY72020,O52020,2025-02-15,Cash on Delivery,Paid,2249.1
PAY72021,O52021,2025-03-12,UPI,Paid,2697.3
PAY72022,O52022,2025-05-17,Credit Card,Paid,719.1
PAY72023,O52023,2025-10-07,Credit Card,Paid,284.05
PAY72024,O52024,2025-03-09,UPI,Paid,2338.2
PAY72025,O52025,2025-01-05,UPI,Paid,254.15
PAY72026,O52026,2025-08-14,UPI,Paid,399.2
PAY72027,O52027,2025-01-03,UPI,Paid,319.2
PAY72028,O52028,2025-10-19,UPI,Paid,1439.1
PAY72029,O52029,2025-04-20,Cash on Delivery,Paid,639.2
PAY72030,O52030,2025-09-23,Credit Card,Paid,299.0
PAY72031,O52031,2025-03-06,UPI,Refunded,424.15
PAY72032,O52032,2025-09-25,Credit Card,Paid,3198.4
PAY72033,O52033,2025-05-18,UPI,Paid,254.15
PAY72034,O52034,2025-02-15,UPI,Paid,848.3
PAY72035,O52035,2025-09-21,Net Banking,Refunded,2549.15
PAY72036,O52036,2025-08-04,Cash on Delivery,Paid,672.75
PAY72037,O52037,2025-05-01,Debit Card,Refunded,2124.15
PAY72038,O52038,2025-06-01,Cash on Delivery,Paid,399.2
PAY72039,O52039,2025-08-01,Cash on Delivery,Paid,349.3
PAY72040,O52040,2025-08-23,Credit Card,Paid,638.4
PAY72041,O52041,2025-12-17,Cash on Delivery,Paid,678.3
PAY72042,O52042,2025-04-21,Credit Card,Paid,799.0
PAY72043,O52043,2025-12-28,UPI,Refunded,899.1
PAY72044,O52044,2025-11-16,Net Banking,Paid,2124.15
PAY72045,O52045,2025-08-10,UPI,Paid,2399.2
PAY72046,O52046,2025-08-14,UPI,Paid,539.1
PAY72047,O52047,2025-07-30,UPI,Paid,279.3
PAY72048,O52048,2025-03-14,Net Banking,Paid,1439.1
PAY72049,O52049,2025-12-26,UPI,Failed,1039.2
PAY72050,O52050,2025-03-30,Credit Card,Paid,269.1
PAY72051,O52051,2025-09-19,Credit Card,Paid,4248.3
PAY72052,O52052,2025-07-07,Credit Card,Paid,958.4
PAY72053,O52053,2025-04-23,UPI,Paid,2249.1
PAY72054,O52054,2025-08-29,Credit Card,Paid,3198.0
PAY72055,O52055,2025-09-13,Cash on Delivery,Paid,4248.3
PAY72056,O52056,2025-05-30,UPI,Paid,509.15
PAY72057,O52057,2025-05-08,Cash on Delivery,Paid,958.4
PAY72058,O52058,2025-11-17,UPI,Paid,698.6
PAY72059,O52059,2025-10-03,Credit Card,Paid,3998.0
PAY72060,O52060,2025-12-01,Debit Card,Paid,2124.15
PAY72061,O52061,2025-05-19,Cash on Delivery,Paid,849.15
PAY72062,O52062,2025-04-13,UPI,Paid,1118.6
PAY72063,O52063,2025-08-30,Debit Card,Paid,974.25
PAY72064,O52064,2025-04-28,UPI,Paid,1039.2
PAY72065,O52065,2025-08-03,Credit Card,Paid,1698.3
PAY72066,O52066,2025-01-18,Debit Card,Paid,568.1
PAY72067,O52067,2025-06-28,UPI,Paid,3507.3
PAY72068,O52068,2025-08-12,Net Banking,Paid,1699.15
PAY72069,O52069,2025-09-27,UPI,Paid,2399.2
PAY72070,O52070,2025-11-11,Debit Card,Paid,3312.45
PAY72071,O52071,2025-12-16,Debit Card,Paid,7197.6
PAY72072,O52072,2025-05-15,Debit Card,Paid,1799.1
PAY72073,O52073,2025-04-26,UPI,Paid,1197.6
PAY72074,O52074,2025-05-14,UPI,Paid,2397.0
PAY72075,O52075,2025-05-21,Net Banking,Paid,1519.05
PAY72076,O52076,2025-12-31,Cash on Delivery,Paid,758.1
PAY72077,O52077,2025-08-22,Credit Card,Failed,448.5
PAY72078,O52078,2025-04-02,Credit Card,Refunded,798.0
PAY72079,O52079,2025-09-24,Debit Card,Paid,3837.6
PAY72080,O52080,2025-04-10,Credit Card,Paid,2374.05
PAY72081,O52081,2025-07-28,UPI,Paid,718.2
PAY72082,O52082,2025-01-08,Net Banking,Paid,299.25
PAY72083,O52083,2025-11-17,UPI,Paid,339.15
PAY72084,O52084,2025-04-05,Cash on Delivery,Paid,1898.1
PAY72085,O52085,2025-06-07,Credit Card,Paid,3507.3
PAY72086,O52086,2025-12-26,Credit Card,Paid,1199.25
PAY72087,O52087,2025-04-09,Debit Card,Paid,1798.2
PAY72088,O52088,2025-08-15,UPI,Paid,509.15
PAY72089,O52089,2025-12-06,Credit Card,Paid,359.1
PAY72090,O52090,2025-07-28,Debit Card,Paid,539.1
PAY72091,O52091,2025-03-16,UPI,Paid,1519.05
PAY72092,O52092,2025-03-01,Credit Card,Failed,2124.15
PAY72093,O52093,2025-10-15,UPI,Paid,239.2
PAY72094,O52094,2025-03-06,Credit Card,Paid,898.2
PAY72095,O52095,2025-09-13,UPI,Paid,3998.4
PAY72096,O52096,2025-02-17,Debit Card,Paid,1874.25
PAY72097,O52097,2025-10-07,UPI,Paid,749.25
PAY72098,O52098,2025-07-18,Debit Card,Paid,1518.1
PAY72099,O52099,2025-06-09,Net Banking,Paid,898.2
PAY72100,O52100,2025-11-08,Debit Card,Paid,749.25
PAY72101,O52101,2025-01-07,Net Banking,Paid,852.15
PAY72102,O52102,2025-09-06,UPI,Paid,897.0
PAY72103,O52103,2025-08-21,Cash on Delivery,Paid,449.25
PAY72104,O52104,2025-04-18,UPI,Paid,269.1
PAY72105,O52105,2025-04-09,Credit Card,Paid,4317.3
PAY72106,O52106,2025-09-27,UPI,Paid,4498.2
PAY72107,O52107,2025-03-03,Debit Card,Paid,638.4
PAY72108,O52108,2025-11-05,Net Banking,Paid,1798.2
PAY72109,O52109,2025-05-21,Net Banking,Paid,299.25
PAY72110,O52110,2025-11-24,UPI,Paid,339.15
PAY72111,O52111,2025-07-09,UPI,Paid,2124.15
PAY72112,O52112,2025-05-07,Debit Card,Paid,269.1
PAY72113,O52113,2025-06-14,Cash on Delivery,Paid,3038.1
PAY72114,O52114,2025-03-01,UPI,Paid,3398.3
PAY72115,O52115,2025-02-02,Cash on Delivery,Failed,3507.3
PAY72116,O52116,2025-11-29,Credit Card,Paid,4497.75
PAY72117,O52117,2025-03-19,Debit Card,Paid,2718.3
PAY72118,O52118,2025-08-31,Credit Card,Refunded,3398.3
PAY72119,O52119,2025-11-13,Net Banking,Paid,4317.3
PAY72120,O52120,2025-09-17,Cash on Delivery,Paid,1999.2
PAY72121,O52121,2025-07-11,UPI,Failed,1169.1
PAY72122,O52122,2025-11-13,Credit Card,Paid,2374.05
PAY72123,O52123,2025-10-24,Cash on Delivery,Paid,1797.75
PAY72124,O52124,2025-06-27,UPI,Paid,2718.3
PAY72125,O52125,2025-10-17,Credit Card,Paid,509.15
PAY72126,O52126,2025-10-23,UPI,Paid,678.3
PAY72127,O52127,2025-12-16,Debit Card,Paid,1437.6
PAY72128,O52128,2025-07-28,UPI,Paid,2249.1
PAY72129,O52129,2025-08-03,Credit Card,Paid,599.0
PAY72130,O52130,2025-12-11,Credit Card,Paid,1437.6
PAY72131,O52131,2025-05-23,UPI,Paid,598.0
PAY72132,O52132,2025-03-27,Debit Card,Refunded,1278.4
PAY72133,O52133,2025-07-02,UPI,Paid,3198.0
PAY72134,O52134,2025-11-28,Cash on Delivery,Paid,5398.2
PAY72135,O52135,2025-05-10,Credit Card,Paid,1497.0
PAY72136,O52136,2025-09-27,Credit Card,Paid,848.3
PAY72137,O52137,2025-02-08,Debit Card,Paid,2208.3
PAY72138,O52138,2025-01-25,UPI,Paid,284.05
PAY72139,O52139,2025-09-01,Debit Card,Refunded,2697.3
PAY72140,O52140,2025-04-18,Cash on Delivery,Paid,598.5
PAY72141,O52141,2025-12-14,Credit Card,Paid,2338.2
PAY72142,O52142,2025-05-22,Credit Card,Paid,3837.6
PAY72143,O52143,2025-05-25,Net Banking,Refunded,1499.25
PAY72144,O52144,2025-10-07,Debit Card,Paid,4198.6
PAY72145,O52145,2025-09-04,Debit Card,Paid,1498.5
PAY72146,O52146,2025-07-11,Cash on Delivery,Refunded,899.1
PAY72147,O52147,2025-10-18,Credit Card,Refunded,2798.6
PAY72148,O52148,2025-06-28,UPI,Paid,1039.2
PAY72149,O52149,2025-04-22,UPI,Paid,638.4
PAY72150,O52150,2025-08-02,Credit Card,Paid,499.0
PAY72151,O52151,2025-05-19,Debit Card,Paid,699.3
PAY72152,O52152,2025-07-21,UPI,Paid,319.2
PAY72153,O52153,2025-01-09,UPI,Paid,1039.2
PAY72154,O52154,2025-12-12,Cash on Delivery,Paid,3897.0
PAY72155,O52155,2025-01-15,UPI,Paid,1518.1
PAY72156,O52156,2025-03-23,Credit Card,Paid,558.6
PAY72157,O52157,2025-10-14,UPI,Refunded,4077.45
PAY72158,O52158,2025-06-08,Credit Card,Paid,4498.2
PAY72159,O52159,2025-10-01,Credit Card,Paid,639.2
PAY72160,O52160,2025-07-20,Cash on Delivery,Paid,598.0
PAY72161,O52161,2025-05-30,Cash on Delivery,Paid,269.1
PAY72162,O52162,2025-10-25,UPI,Paid,2249.1
PAY72163,O52163,2025-10-21,Credit Card,Paid,898.2
PAY72164,O52164,2025-12-02,Debit Card,Refunded,4317.3
PAY72165,O52165,2025-09-30,UPI,Paid,3798.1
PAY72166,O52166,2025-02-14,Credit Card,Paid,1518.1
PAY72167,O52167,2025-11-15,Cash on Delivery,Failed,2124.15
PAY72168,O52168,2025-01-16,Debit Card,Paid,2247.75
PAY72169,O52169,2025-09-06,Credit Card,Paid,679.15
PAY72170,O52170,2025-06-21,Credit Card,Paid,539.1
PAY72171,O52171,2025-08-08,Debit Card,Paid,2374.05
PAY72172,O52172,2025-05-18,Credit Card,Paid,798.4
PAY72173,O52173,2025-11-19,Credit Card,Paid,1399.3
PAY72174,O52174,2025-08-17,UPI,Paid,899.1
PAY72175,O52175,2025-02-15,UPI,Refunded,2878.2
PAY72176,O52176,2025-01-20,Cash on Delivery,Paid,679.15
PAY72177,O52177,2025-05-01,UPI,Refunded,1039.2
PAY72178,O52178,2025-08-22,Debit Card,Paid,1078.2
PAY72179,O52179,2025-12-03,Cash on Delivery,Paid,849.15
PAY72180,O52180,2025-12-24,UPI,Paid,319.2
PAY72181,O52181,2025-09-20,UPI,Paid,699.3
PAY72182,O52182,2025-03-26,Cash on Delivery,Paid,2468.1
PAY72183,O52183,2025-02-01,Net Banking,Paid,3498.6
PAY72184,O52184,2025-11-18,Debit Card,Paid,719.1
PAY72185,O52185,2025-10-02,Debit Card,Paid,1437.6
PAY72186,O52186,2025-08-23,UPI,Refunded,1018.3
PAY72187,O52187,2025-01-30,Debit Card,Paid,508.3
PAY72188,O52188,2025-09-11,Debit Card,Paid,1599.2
PAY72189,O52189,2025-11-22,UPI,Paid,449.1
PAY72190,O52190,2025-09-12,UPI,Paid,1599.0
PAY72191,O52191,2025-08-27,UPI,Failed,2718.3
PAY72192,O52192,2025-11-11,UPI,Paid,509.15
PAY72193,O52193,2025-06-25,Cash on Delivery,Paid,4748.1
PAY72194,O52194,2025-07-13,Debit Card,Paid,3748.5
PAY72195,O52195,2025-06-30,UPI,Paid,3798.1
PAY72196,O52196,2025-10-24,Net Banking,Paid,3598.2
PAY72197,O52197,2025-08-05,UPI,Paid,5698.1
PAY72198,O52198,2025-07-24,Cash on Delivery,Paid,3398.3
PAY72199,O52199,2025-09-08,Net Banking,Paid,538.2
PAY72200,O52200,2025-12-28,Net Banking,Paid,2124.15
PAY72201,O52201,2025-09-14,UPI,Paid,474.05
PAY72202,O52202,2025-03-17,UPI,Refunded,1598.0
PAY72203,O52203,2025-12-10,Credit Card,Paid,958.4
PAY72204,O52204,2025-07-21,UPI,Paid,1018.3
PAY72205,O52205,2025-05-24,Net Banking,Refunded,449.1
PAY72206,O52206,2025-07-26,UPI,Paid,2999.0
PAY72207,O52207,2025-07-18,Credit Card,Paid,2249.25
PAY72208,O52208,2025-06-21,Debit Card,Paid,3038.1
PAY72209,O52209,2025-11-14,Credit Card,Paid,599.25
PAY72210,O52210,2025-08-18,UPI,Paid,254.15
PAY72211,O52211,2025-06-28,Cash on Delivery,Paid,899.1
PAY72212,O52212,2025-10-03,UPI,Paid,2078.4
PAY72213,O52213,2025-03-04,UPI,Paid,2998.5
PAY72214,O52214,2025-11-25,Debit Card,Paid,1438.2
PAY72215,O52215,2025-07-25,Debit Card,Paid,1439.1
PAY72216,O52216,2025-05-15,Debit Card,Refunded,538.2
PAY72217,O52217,2025-03-13,Net Banking,Paid,598.5
PAY72218,O52218,2025-03-20,Cash on Delivery,Refunded,399.2
PAY72219,O52219,2025-07-08,UPI,Paid,1518.1
PAY72220,O52220,2025-12-23,Credit Card,Paid,379.05
PAY72221,O52221,2025-03-14,Debit Card,Refunded,2374.05
PAY72222,O52222,2025-09-20,Net Banking,Paid,474.05
PAY72223,O52223,2025-11-02,Credit Card,Paid,379.05
PAY72224,O52224,2025-02-15,Credit Card,Paid,1018.3
PAY72225,O52225,2025-08-14,Debit Card,Paid,299.0
PAY72226,O52226,2025-11-24,Credit Card,Paid,899.1
PAY72227,O52227,2025-09-07,Cash on Delivery,Paid,339.15
PAY72228,O52228,2025-03-19,UPI,Paid,807.3
PAY72229,O52229,2025-03-16,Cash on Delivery,Paid,1197.0
PAY72230,O52230,2025-05-22,Debit Card,Paid,2499.0
PAY72231,O52231,2025-03-16,Debit Card,Paid,2499.0
PAY72232,O52232,2025-04-12,Credit Card,Paid,1278.4
PAY72233,O52233,2025-04-04,UPI,Paid,424.15
PAY72234,O52234,2025-03-11,Cash on Delivery,Paid,2397.0
PAY72235,O52235,2025-03-08,UPI,Refunded,1077.3
PAY72236,O52236,2025-07-13,UPI,Paid,359.1
PAY72237,O52237,2025-03-04,UPI,Paid,1527.45
PAY72238,O52238,2025-01-22,UPI,Paid,2124.15
PAY72239,O52239,2025-08-30,Credit Card,Paid,5097.45
PAY72240,O52240,2025-07-22,UPI,Paid,2697.3
PAY72241,O52241,2025-10-29,Credit Card,Paid,3998.0
PAY72242,O52242,2025-07-16,Debit Card,Paid,399.2
PAY72243,O52243,2025-03-03,Cash on Delivery,Paid,3748.5
PAY72244,O52244,2025-04-17,UPI,Paid,749.25
PAY72245,O52245,2025-05-05,UPI,Paid,2397.0
PAY72246,O52246,2025-10-29,UPI,Paid,1278.4
PAY72247,O52247,2025-09-25,Net Banking,Paid,958.4
PAY72248,O52248,2025-07-22,Credit Card,Paid,224.25
PAY72249,O52249,2025-06-12,Credit Card,Paid,1519.05
PAY72250,O52250,2025-12-11,UPI,Paid,958.4
PAY72251,O52251,2025-10-30,UPI,Paid,4998.0
PAY72252,O52252,2025-04-24,UPI,Paid,1698.3
PAY72253,O52253,2025-12-05,Cash on Delivery,Paid,1169.1
PAY72254,O52254,2025-02-03,UPI,Paid,2399.2
PAY72255,O52255,2025-04-10,Cash on Delivery,Paid,299.25
PAY72256,O52256,2025-09-06,Cash on Delivery,Paid,269.1
PAY72257,O52257,2025-09-20,Credit Card,Paid,5097.45
PAY72258,O52258,2025-07-11,Cash on Delivery,Paid,599.0
PAY72259,O52259,2025-01-31,UPI,Paid,5398.2
PAY72260,O52260,2025-02-17,UPI,Paid,449.1
PAY72261,O52261,2025-09-09,UPI,Paid,2374.05
PAY72262,O52262,2025-08-14,UPI,Paid,4498.5
PAY72263,O52263,2025-09-29,UPI,Paid,8997.0
PAY72264,O52264,2025-06-04,Credit Card,Paid,3312.45
PAY72265,O52265,2025-11-25,UPI,Refunded,299.25
PAY72266,O52266,2025-10-13,Credit Card,Paid,374.25
PAY72267,O52267,2025-06-29,UPI,Paid,3117.6
PAY72268,O52268,2025-10-30,UPI,Paid,7122.15
PAY72269,O52269,2025-06-02,Debit Card,Paid,2558.4
PAY72270,O52270,2025-08-23,Debit Card,Refunded,2338.2
PAY72271,O52271,2025-01-24,Net Banking,Paid,1198.5
PAY72272,O52272,2025-04-05,Cash on Delivery,Paid,638.4
PAY72273,O52273,2025-09-03,Credit Card,Paid,399.2
PAY72274,O52274,2025-10-19,Net Banking,Paid,3198.0
PAY72275,O52275,2025-06-11,UPI,Paid,1018.3
PAY72276,O52276,2025-10-14,Credit Card,Paid,399.2
PAY72277,O52277,2025-01-09,Credit Card,Paid,3748.5
PAY72278,O52278,2025-07-06,Credit Card,Paid,299.0
PAY72279,O52279,2025-10-24,Debit Card,Paid,1122.75
PAY72280,O52280,2025-05-17,Net Banking,Paid,1999.0
PAY72281,O52281,2025-04-21,Debit Card,Paid,1017.45
PAY72282,O52282,2025-03-11,UPI,Paid,2558.4
PAY72283,O52283,2025-05-17,UPI,Paid,3998.0
PAY72284,O52284,2025-04-07,Credit Card,Refunded,1197.0
PAY72285,O52285,2025-04-30,Credit Card,Paid,2397.6
PAY72286,O52286,2025-10-03,UPI,Paid,1438.2
PAY72287,O52287,2025-12-26,Cash on Delivery,Paid,1999.0
PAY72288,O52288,2025-12-05,Cash on Delivery,Paid,1599.2
PAY72289,O52289,2025-06-27,Net Banking,Paid,1599.2
PAY72290,O52290,2025-12-29,UPI,Paid,339.15
PAY72291,O52291,2025-08-27,Credit Card,Paid,569.05
PAY72292,O52292,2025-09-30,Credit Card,Paid,1198.0
PAY72293,O52293,2025-10-04,Credit Card,Paid,1598.4
PAY72294,O52294,2025-05-19,UPI,Paid,1527.45
PAY72295,O52295,2025-12-30,Credit Card,Paid,1272.45
PAY72296,O52296,2025-05-12,Debit Card,Paid,638.4
PAY72297,O52297,2025-02-14,Cash on Delivery,Paid,538.2
PAY72298,O52298,2025-05-05,Credit Card,Paid,4998.0
PAY72299,O52299,2025-05-18,Cash on Delivery,Paid,1797.75
PAY72300,O52300,2025-05-08,Cash on Delivery,Paid,678.3
PAY72301,O52301,2025-10-03,Credit Card,Paid,4077.45
PAY72302,O52302,2025-03-06,Debit Card,Paid,449.25
PAY72303,O52303,2025-10-23,UPI,Paid,748.5
PAY72304,O52304,2025-08-22,Credit Card,Paid,679.15
PAY72305,O52305,2025-02-22,UPI,Paid,2878.2
PAY72306,O52306,2025-05-17,UPI,Paid,2238.6
PAY72307,O52307,2025-06-08,Cash on Delivery,Refunded,5098.3
PAY72308,O52308,2025-02-27,Net Banking,Paid,4498.2
PAY72309,O52309,2025-03-22,UPI,Paid,848.3
PAY72310,O52310,2025-08-22,Credit Card,Paid,899.1
PAY72311,O52311,2025-11-23,Credit Card,Paid,598.5
PAY72312,O52312,2025-05-09,Credit Card,Paid,339.15
PAY72313,O52313,2025-05-06,UPI,Paid,1599.2
PAY72314,O52314,2025-11-13,Net Banking,Refunded,2558.4
PAY72315,O52315,2025-03-23,UPI,Paid,2397.6
PAY72316,O52316,2025-12-24,UPI,Paid,1197.6
PAY72317,O52317,2025-11-30,Debit Card,Paid,672.75
PAY72318,O52318,2025-06-24,Net Banking,Paid,538.2
PAY72319,O52319,2025-05-25,Cash on Delivery,Paid,2997.0
PAY72320,O52320,2025-05-08,Debit Card,Paid,479.2
PAY72321,O52321,2025-07-02,UPI,Paid,1698.3
PAY72322,O52322,2025-08-09,Credit Card,Paid,999.0
PAY72323,O52323,2025-10-07,Cash on Delivery,Paid,1497.0
PAY72324,O52324,2025-03-24,UPI,Paid,759.05
PAY72325,O52325,2025-05-22,Cash on Delivery,Paid,2397.6
PAY72326,O52326,2025-11-30,UPI,Paid,1039.2
PAY72327,O52327,2025-04-07,Debit Card,Paid,474.05
PAY72328,O52328,2026-01-02,UPI,Failed,1598.4
PAY72329,O52329,2025-07-14,Net Banking,Paid,1617.3
PAY72330,O52330,2025-04-21,UPI,Paid,1039.2
PAY72331,O52331,2025-02-22,UPI,Refunded,849.15
PAY72332,O52332,2025-04-14,Net Banking,Paid,799.2
PAY72333,O52333,2025-04-11,Credit Card,Paid,1438.2
PAY72334,O52334,2025-05-22,Cash on Delivery,Refunded,899.1
PAY72335,O52335,2025-07-20,Credit Card,Refunded,3998.4
PAY72336,O52336,2025-11-15,Cash on Delivery,Refunded,599.0
PAY72337,O52337,2025-07-20,UPI,Refunded,698.6
PAY72338,O52338,2025-10-11,Debit Card,Paid,678.3
PAY72339,O52339,2025-08-05,Cash on Delivery,Paid,718.2
PAY72340,O52340,2025-02-16,Credit Card,Paid,508.3
PAY72341,O52341,2025-01-30,Cash on Delivery,Paid,3998.0
PAY72342,O52342,2025-01-02,Debit Card,Paid,424.15
PAY72343,O52343,2025-01-19,Credit Card,Paid,1399.3
PAY72344,O52344,2025-11-13,Credit Card,Paid,1519.05
PAY72345,O52345,2025-03-20,Cash on Delivery,Refunded,1599.2
PAY72346,O52346,2025-06-16,Cash on Delivery,Paid,2157.3
PAY72347,O52347,2025-04-08,Credit Card,Paid,5098.3
PAY72348,O52348,2025-04-16,UPI,Paid,379.05
PAY72349,O52349,2025-01-26,UPI,Paid,2718.3
PAY72350,O52350,2025-07-21,Credit Card,Paid,1399.3
PAY72351,O52351,2025-02-06,UPI,Refunded,4748.1
PAY72352,O52352,2025-01-03,Credit Card,Paid,4077.45
PAY72353,O52353,2025-10-17,Net Banking,Paid,849.15
PAY72354,O52354,2025-11-30,Credit Card,Paid,424.15
PAY72355,O52355,2025-12-10,Debit Card,Paid,3398.3
PAY72356,O52356,2025-05-20,UPI,Paid,508.3
PAY72357,O52357,2025-12-05,Net Banking,Paid,1598.0
PAY72358,O52358,2025-03-04,Credit Card,Paid,224.25
PAY72359,O52359,2025-10-26,UPI,Paid,1599.2
PAY72360,O52360,2025-07-16,Debit Card,Paid,3702.15
PAY72361,O52361,2025-03-01,UPI,Refunded,538.2
PAY72362,O52362,2025-09-23,Credit Card,Refunded,399.2
PAY72363,O52363,2025-11-29,Net Banking,Paid,1399.3
PAY72364,O52364,2025-07-07,UPI,Failed,349.3
PAY72365,O52365,2025-03-04,Cash on Delivery,Paid,374.25
PAY72366,O52366,2025-11-06,Debit Card,Paid,4748.1
PAY72367,O52367,2025-10-06,Credit Card,Paid,1499.25
PAY72368,O52368,2025-01-30,Credit Card,Paid,2398.5
PAY72369,O52369,2025-06-22,Debit Card,Paid,1078.2
PAY72370,O52370,2025-01-23,Credit Card,Paid,449.1
PAY72371,O52371,2025-10-27,Net Banking,Paid,1438.2
PAY72372,O52372,2025-07-22,UPI,Refunded,849.15
PAY72373,O52373,2025-05-15,Debit Card,Paid,3798.1
PAY72374,O52374,2025-10-01,Cash on Delivery,Paid,798.0
PAY72375,O52375,2025-01-24,UPI,Paid,1599.0
PAY72376,O52376,2025-03-28,Cash on Delivery,Failed,269.1
PAY72377,O52377,2025-02-01,Credit Card,Paid,2878.2
PAY72378,O52378,2025-05-02,UPI,Paid,1279.2
PAY72379,O52379,2025-03-11,UPI,Paid,499.0
PAY72380,O52380,2025-05-16,UPI,Paid,2247.75
PAY72381,O52381,2025-11-13,UPI,Paid,974.25
PAY72382,O52382,2025-05-27,UPI,Paid,449.25
PAY72383,O52383,2025-11-30,UPI,Failed,1598.4
PAY72384,O52384,2025-09-21,UPI,Paid,1599.0
PAY72385,O52385,2025-10-21,UPI,Paid,6747.3
PAY72386,O52386,2025-03-29,UPI,Paid,3897.0
PAY72387,O52387,2025-01-18,Cash on Delivery,Paid,4198.6
PAY72388,O52388,2025-08-05,Cash on Delivery,Paid,4498.2
PAY72389,O52389,2025-04-28,Net Banking,Paid,4077.45
PAY72390,O52390,2025-04-28,UPI,Paid,319.2
PAY72391,O52391,2025-09-29,UPI,Paid,224.25
PAY72392,O52392,2025-12-10,UPI,Paid,239.2
PAY72393,O52393,2025-06-13,UPI,Refunded,2718.3
PAY72394,O52394,2025-07-07,Cash on Delivery,Paid,359.1
PAY72395,O52395,2025-04-14,Cash on Delivery,Paid,508.3
PAY72396,O52396,2025-05-23,UPI,Refunded,3998.0
PAY72397,O52397,2025-06-16,Credit Card,Paid,748.5
PAY72398,O52398,2025-10-27,Net Banking,Paid,254.15
PAY72399,O52399,2025-01-30,Debit Card,Paid,1599.0
PAY72400,O52400,2025-10-01,UPI,Paid,3748.5
PAY72401,O52401,2025-02-21,UPI,Paid,2124.15
PAY72402,O52402,2025-06-06,Credit Card,Paid,1498.5
PAY72403,O52403,2025-11-21,UPI,Paid,2249.25
PAY72404,O52404,2025-12-14,Net Banking,Paid,3198.4
PAY72405,O52405,2025-05-01,UPI,Paid,598.0
PAY72406,O52406,2025-05-22,UPI,Paid,568.1
PAY72407,O52407,2025-01-16,UPI,Paid,1797.75
PAY72408,O52408,2025-11-07,UPI,Paid,2998.5
PAY72409,O52409,2025-02-19,Debit Card,Paid,2697.3
PAY72410,O52410,2025-06-15,UPI,Paid,1078.2
PAY72411,O52411,2025-03-03,UPI,Paid,379.05
PAY72412,O52412,2025-12-08,Debit Card,Paid,558.6
PAY72413,O52413,2025-06-05,UPI,Refunded,1899.05
PAY72414,O52414,2025-11-10,UPI,Paid,1898.1
PAY72415,O52415,2025-12-12,UPI,Paid,508.3
PAY72416,O52416,2025-06-01,UPI,Paid,2374.05
PAY72417,O52417,2025-03-16,Credit Card,Paid,1948.5
PAY72418,O52418,2025-03-10,UPI,Paid,1198.0
PAY72419,O52419,2025-06-27,Debit Card,Paid,1599.0
PAY72420,O52420,2025-12-21,Credit Card,Paid,508.3
PAY72421,O52421,2025-01-02,Debit Card,Paid,254.15
PAY72422,O52422,2025-11-06,Cash on Delivery,Refunded,948.1
PAY72423,O52423,2025-05-01,UPI,Paid,2124.15
PAY72424,O52424,2025-01-07,Debit Card,Paid,718.2
PAY72425,O52425,2025-09-14,Net Banking,Paid,1122.75
PAY72426,O52426,2025-03-18,Cash on Delivery,Refunded,1999.0
PAY72427,O52427,2025-12-17,Debit Card,Paid,2099.3
PAY72428,O52428,2025-07-16,UPI,Paid,1104.15
PAY72429,O52429,2025-07-06,UPI,Refunded,379.05
PAY72430,O52430,2025-01-05,UPI,Paid,1999.0
PAY72431,O52431,2025-07-04,Cash on Delivery,Paid,2718.3
PAY72432,O52432,2025-12-03,Credit Card,Paid,569.05
PAY72433,O52433,2025-10-02,Credit Card,Paid,2249.1
PAY72434,O52434,2025-02-21,Debit Card,Refunded,2277.15
PAY72435,O52435,2025-09-21,UPI,Paid,1359.15
PAY72436,O52436,2025-05-15,UPI,Paid,424.15
PAY72437,O52437,2025-08-15,Cash on Delivery,Paid,798.0
PAY72438,O52438,2025-11-07,Debit Card,Paid,1358.3
PAY72439,O52439,2025-03-03,Credit Card,Paid,1999.2
PAY72440,O52440,2026-01-01,UPI,Paid,599.0
PAY72441,O52441,2025-01-17,Credit Card,Paid,974.25
PAY72442,O52442,2025-08-18,UPI,Paid,339.15
PAY72443,O52443,2025-07-16,UPI,Paid,1399.3
PAY72444,O52444,2025-09-09,UPI,Paid,8997.0
PAY72445,O52445,2025-10-31,Credit Card,Paid,3498.6
PAY72446,O52446,2025-02-19,UPI,Paid,509.15
PAY72447,O52447,2025-08-23,UPI,Paid,1698.3
PAY72448,O52448,2025-05-03,Net Banking,Paid,1359.15
PAY72449,O52449,2025-11-16,Cash on Delivery,Paid,399.0
PAY72450,O52450,2025-02-20,UPI,Paid,598.5
PAY72451,O52451,2025-02-10,UPI,Paid,1104.15
PAY72452,O52452,2025-01-24,Net Banking,Paid,3998.0
PAY72453,O52453,2025-07-01,Net Banking,Paid,999.0
PAY72454,O52454,2025-01-05,Credit Card,Paid,299.0
PAY72455,O52455,2025-05-25,Debit Card,Paid,848.3
PAY72456,O52456,2025-12-24,UPI,Paid,1018.3
PAY72457,O52457,2025-03-21,Net Banking,Paid,1017.45
PAY72458,O52458,2025-08-19,Net Banking,Paid,2878.2
PAY72459,O52459,2025-10-25,Debit Card,Paid,2124.15
PAY72460,O52460,2025-12-16,Cash on Delivery,Paid,3398.3
PAY72461,O52461,2025-07-30,UPI,Paid,399.0
PAY72462,O52462,2025-06-14,UPI,Paid,449.1
PAY72463,O52463,2025-06-19,UPI,Paid,2499.0
PAY72464,O52464,2025-10-06,UPI,Paid,3748.5
PAY72465,O52465,2025-08-27,Net Banking,Paid,2558.4
PAY72466,O52466,2025-06-25,Debit Card,Paid,4197.9
PAY72467,O52467,2025-02-24,Net Banking,Paid,2878.2
PAY72468,O52468,2025-12-17,UPI,Paid,1122.75
PAY72469,O52469,2025-01-11,Net Banking,Paid,1527.45
PAY72470,O52470,2025-05-26,UPI,Paid,359.1
PAY72471,O52471,2025-08-15,UPI,Paid,1899.05
PAY72472,O52472,2025-08-25,Credit Card,Paid,799.2
PAY72473,O52473,2025-08-31,UPI,Paid,2249.25
PAY72474,O52474,2025-11-01,Cash on Delivery,Paid,1899.05
PAY72475,O52475,2025-03-12,UPI,Refunded,2374.05
PAY72476,O52476,2025-06-09,Credit Card,Paid,319.2
PAY72477,O52477,2025-01-20,Net Banking,Paid,1119.3
PAY72478,O52478,2025-02-24,Credit Card,Paid,5997.6
PAY72479,O52479,2025-08-03,Credit Card,Paid,359.1
PAY72480,O52480,2025-07-29,UPI,Paid,719.1
PAY72481,O52481,2025-01-22,UPI,Paid,359.1
PAY72482,O52482,2025-10-09,Credit Card,Paid,598.5
PAY72483,O52483,2025-09-07,Cash on Delivery,Paid,639.2
PAY72484,O52484,2025-01-28,Cash on Delivery,Paid,7647.45
PAY72485,O52485,2025-10-23,Credit Card,Paid,2878.2
PAY72486,O52486,2025-08-01,Credit Card,Paid,4497.75
PAY72487,O52487,2025-10-14,Net Banking,Paid,339.15
PAY72488,O52488,2025-01-21,Debit Card,Paid,419.3
PAY72489,O52489,2025-01-21,Cash on Delivery,Paid,4077.45
PAY72490,O52490,2025-11-26,Debit Card,Paid,1999.2
PAY72491,O52491,2025-05-02,Cash on Delivery,Paid,1279.2
PAY72492,O52492,2025-04-08,Cash on Delivery,Paid,898.2
PAY72493,O52493,2025-04-30,Net Banking,Paid,2798.6
PAY72494,O52494,2025-01-27,Credit Card,Paid,399.0
PAY72495,O52495,2025-06-02,Credit Card,Paid,2558.4
PAY72496,O52496,2025-09-04,Debit Card,Paid,5247.9
PAY72497,O52497,2025-09-17,UPI,Paid,1439.1
PAY72498,O52498,2025-01-06,UPI,Paid,848.3
PAY72499,O52499,2025-05-23,Cash on Delivery,Paid,2547.45
PAY72500,O52500,2025-10-09,Credit Card,Paid,319.2
PAY72501,O52501,2025-12-02,UPI,Paid,1948.5
PAY72502,O52502,2025-12-14,Credit Card,Paid,678.3
PAY72503,O52503,2025-08-10,UPI,Paid,399.2
PAY72504,O52504,2025-11-24,Net Banking,Paid,898.2
PAY72505,O52505,2025-06-10,Net Banking,Paid,3702.15
PAY72506,O52506,2025-03-17,Net Banking,Paid,359.1
PAY72507,O52507,2025-04-11,UPI,Paid,339.15
PAY72508,O52508,2025-06-29,UPI,Paid,1898.1
PAY72509,O52509,2025-05-07,UPI,Paid,2124.15
PAY72510,O52510,2025-02-01,UPI,Paid,2249.1
PAY72511,O52511,2025-09-23,Debit Card,Paid,239.2
PAY72512,O52512,2025-12-02,Credit Card,Paid,799.0
PAY72513,O52513,2025-01-14,UPI,Paid,4077.45
PAY72514,O52514,2025-12-19,UPI,Paid,2208.3
PAY72515,O52515,2025-12-07,UPI,Paid,224.25
PAY72516,O52516,2025-07-23,Net Banking,Paid,1999.2
PAY72517,O52517,2025-01-19,UPI,Paid,3117.6
PAY72518,O52518,2025-04-04,UPI,Paid,599.25
PAY72519,O52519,2025-10-08,UPI,Paid,1698.3
PAY72520,O52520,2025-12-26,Credit Card,Refunded,269.1
PAY72521,O52521,2025-11-14,UPI,Paid,599.25
PAY72522,O52522,2025-03-01,Debit Card,Paid,479.2
PAY72523,O52523,2025-08-04,Debit Card,Paid,1799.1
PAY72524,O52524,2025-04-11,UPI,Paid,2399.2
PAY72525,O52525,2025-01-03,UPI,Failed,748.5
PAY72526,O52526,2025-02-14,Cash on Delivery,Paid,1677.9
PAY72527,O52527,2025-11-09,Net Banking,Paid,1818.6
PAY72528,O52528,2025-06-18,Credit Card,Refunded,2699.1
PAY72529,O52529,2025-07-11,UPI,Paid,1799.1
PAY72530,O52530,2025-02-03,UPI,Paid,2999.0
PAY72531,O52531,2025-02-04,Debit Card,Refunded,2849.05
PAY72532,O52532,2025-06-26,Cash on Delivery,Paid,748.5
PAY72533,O52533,2025-07-15,Debit Card,Paid,2699.1
PAY72534,O52534,2025-06-08,UPI,Paid,2718.3
PAY72535,O52535,2025-09-04,Debit Card,Paid,3398.3
PAY72536,O52536,2025-12-08,Cash on Delivery,Paid,798.4
PAY72537,O52537,2025-12-12,UPI,Paid,2374.05
PAY72538,O52538,2025-12-03,Cash on Delivery,Paid,3598.2
PAY72539,O52539,2025-03-12,Debit Card,Paid,5397.3
PAY72540,O52540,2025-11-24,UPI,Paid,1439.1
PAY72541,O52541,2025-04-24,UPI,Paid,838.6
PAY72542,O52542,2025-10-12,UPI,Refunded,478.4
PAY72543,O52543,2025-05-25,Debit Card,Paid,679.15
PAY72544,O52544,2025-04-07,Credit Card,Paid,1874.25
PAY72545,O52545,2025-11-05,Credit Card,Paid,1798.2
PAY72546,O52546,2025-11-16,UPI,Refunded,7197.6
PAY72547,O52547,2025-08-01,Cash on Delivery,Paid,1899.05
PAY72548,O52548,2025-11-15,UPI,Paid,638.4
PAY72549,O52549,2025-07-06,UPI,Paid,1077.3
PAY72550,O52550,2025-07-24,UPI,Refunded,4998.0
PAY72551,O52551,2025-12-30,UPI,Paid,3598.2
PAY72552,O52552,2025-08-05,Cash on Delivery,Paid,898.2
PAY72553,O52553,2025-09-05,UPI,Paid,3198.4
PAY72554,O52554,2025-08-29,UPI,Refunded,999.0
PAY72555,O52555,2025-10-20,Credit Card,Paid,509.15
PAY72556,O52556,2025-01-09,Credit Card,Paid,957.6
PAY72557,O52557,2025-03-20,UPI,Paid,848.3
PAY72558,O52558,2025-11-20,UPI,Paid,479.2
PAY72559,O52559,2025-10-04,UPI,Paid,1898.1
PAY72560,O52560,2025-07-21,Cash on Delivery,Paid,1358.3
PAY72561,O52561,2025-08-02,Debit Card,Refunded,374.25
PAY72562,O52562,2025-04-04,Cash on Delivery,Paid,1699.15
PAY72563,O52563,2025-03-17,UPI,Refunded,508.3
PAY72564,O52564,2025-06-07,Credit Card,Paid,2078.4
PAY72565,O52565,2025-06-02,Debit Card,Refunded,359.1
PAY72566,O52566,2025-05-22,UPI,Paid,399.2
PAY72567,O52567,2025-03-21,Debit Card,Paid,3597.75
PAY72568,O52568,2025-11-19,Credit Card,Paid,1599.0
PAY72569,O52569,2025-07-02,Credit Card,Paid,1874.25
PAY72570,O52570,2025-07-14,Debit Card,Paid,474.05
PAY72571,O52571,2025-06-08,Credit Card,Paid,899.1
PAY72572,O52572,2025-05-27,Net Banking,Paid,974.25
PAY72573,O52573,2025-02-24,Cash on Delivery,Paid,319.2
PAY72574,O52574,2025-12-24,Credit Card,Paid,299.25
PAY72575,O52575,2025-10-05,UPI,Paid,1797.75
PAY72576,O52576,2025-11-05,Net Banking,Paid,2338.2
PAY72577,O52577,2025-03-25,UPI,Paid,2208.3
PAY72578,O52578,2025-06-06,UPI,Paid,899.1
PAY72579,O52579,2025-01-06,Credit Card,Paid,449.1
PAY72580,O52580,2025-11-08,Debit Card,Paid,2249.1
PAY72581,O52581,2025-09-30,Net Banking,Paid,1999.2
PAY72582,O52582,2025-03-07,Cash on Delivery,Paid,339.15
PAY72583,O52583,2025-04-24,Cash on Delivery,Paid,798.4
PAY72584,O52584,2025-08-28,Cash on Delivery,Paid,957.6
PAY72585,O52585,2025-05-24,Credit Card,Paid,798.0
PAY72586,O52586,2025-01-20,UPI,Paid,1699.15
PAY72587,O52587,2025-03-06,Credit Card,Paid,2249.1
PAY72588,O52588,2025-10-18,Debit Card,Failed,898.2
PAY72589,O52589,2025-03-22,Credit Card,Paid,1197.6
PAY72590,O52590,2025-07-17,Debit Card,Paid,2124.15
PAY72591,O52591,2025-03-10,Cash on Delivery,Paid,224.25
PAY72592,O52592,2025-07-06,UPI,Paid,239.2
PAY72593,O52593,2025-06-18,UPI,Paid,509.15
PAY72594,O52594,2025-07-24,Credit Card,Paid,1279.2
PAY72595,O52595,2025-06-14,Cash on Delivery,Paid,1598.0
PAY72596,O52596,2025-04-05,UPI,Paid,2598.0
PAY72597,O52597,2025-09-06,Cash on Delivery,Paid,1599.0
PAY72598,O52598,2025-03-10,Cash on Delivery,Paid,1617.3
PAY72599,O52599,2025-12-09,UPI,Paid,379.05
PAY72600,O52600,2025-01-22,Cash on Delivery,Paid,4197.9
PAY72601,O52601,2025-11-15,UPI,Paid,3398.3
PAY72602,O52602,2025-03-28,Credit Card,Paid,1699.15
PAY72603,O52603,2025-01-24,Credit Card,Paid,2338.2
PAY72604,O52604,2025-04-22,Cash on Delivery,Paid,1798.2
PAY72605,O52605,2025-12-19,Credit Card,Paid,2157.3
PAY72606,O52606,2025-03-26,Credit Card,Paid,1279.2
PAY72607,O52607,2025-12-24,Debit Card,Paid,678.3
PAY72608,O52608,2025-03-19,UPI,Failed,424.15
PAY72609,O52609,2025-05-20,Credit Card,Refunded,678.3
PAY72610,O52610,2025-09-30,Cash on Delivery,Paid,3998.4
PAY72611,O52611,2025-12-07,UPI,Paid,998.0
PAY72612,O52612,2025-06-18,Credit Card,Refunded,319.2
PAY72613,O52613,2025-07-17,UPI,Paid,1699.15
PAY72614,O52614,2025-09-21,Net Banking,Paid,678.3
PAY72615,O52615,2025-08-03,UPI,Paid,2249.1
PAY72616,O52616,2025-03-09,UPI,Paid,5398.2
PAY72617,O52617,2025-08-17,Cash on Delivery,Refunded,568.1
PAY72618,O52618,2025-06-12,Credit Card,Paid,2097.9
PAY72619,O52619,2025-05-04,Debit Card,Paid,2549.15
PAY72620,O52620,2025-05-29,Net Banking,Paid,2099.3
PAY72621,O52621,2025-12-07,UPI,Paid,424.15
PAY72622,O52622,2025-07-14,UPI,Paid,2277.15
PAY72623,O52623,2025-08-19,UPI,Paid,849.15
PAY72624,O52624,2025-04-21,Debit Card,Paid,599.0
PAY72625,O52625,2025-05-26,UPI,Paid,1498.5
PAY72626,O52626,2025-08-10,Debit Card,Paid,479.2
PAY72627,O52627,2025-03-07,UPI,Paid,479.2
PAY72628,O52628,2025-05-07,UPI,Paid,4248.3
PAY72629,O52629,2025-08-07,UPI,Paid,678.3
PAY72630,O52630,2025-10-13,Credit Card,Paid,349.3
PAY72631,O52631,2025-12-20,UPI,Paid,1169.1
PAY72632,O52632,2025-08-26,UPI,Paid,3998.4
PAY72633,O52633,2025-01-15,Net Banking,Refunded,339.15
PAY72634,O52634,2025-06-03,UPI,Paid,1749.3
PAY72635,O52635,2025-08-28,Cash on Delivery,Failed,1039.2
PAY72636,O52636,2025-07-09,Credit Card,Paid,349.3
PAY72637,O52637,2025-06-01,UPI,Paid,848.3
PAY72638,O52638,2025-03-27,Cash on Delivery,Paid,3038.1
PAY72639,O52639,2025-01-21,Credit Card,Paid,1698.3
PAY72640,O52640,2025-07-01,Credit Card,Paid,479.2
PAY72641,O52641,2025-11-17,UPI,Paid,3117.6
PAY72642,O52642,2025-06-08,UPI,Paid,897.0
PAY72643,O52643,2025-03-18,Debit Card,Paid,1359.15
PAY72644,O52644,2025-11-25,UPI,Paid,1899.05
PAY72645,O52645,2025-07-23,Credit Card,Paid,1874.25
PAY72646,O52646,2025-08-17,Debit Card,Paid,4748.1
PAY72647,O52647,2025-06-02,UPI,Paid,1104.15
PAY72648,O52648,2025-09-22,Net Banking,Paid,852.15
PAY72649,O52649,2025-03-14,UPI,Paid,2697.3
PAY72650,O52650,2025-08-13,UPI,Paid,748.5
PAY72651,O52651,2025-05-13,Cash on Delivery,Paid,758.1
PAY72652,O52652,2025-12-27,UPI,Paid,599.0
PAY72653,O52653,2025-01-30,Net Banking,Paid,4998.0
PAY72654,O52654,2025-10-26,Debit Card,Paid,424.15
PAY72655,O52655,2025-04-07,Credit Card,Paid,1527.45
PAY72656,O52656,2025-02-16,Credit Card,Paid,449.1
PAY72657,O52657,2025-01-01,UPI,Paid,1999.2
PAY72658,O52658,2025-06-16,Debit Card,Paid,998.0
PAY72659,O52659,2025-09-02,Cash on Delivery,Paid,1498.5
PAY72660,O52660,2025-08-07,UPI,Paid,3998.4
PAY72661,O52661,2025-04-12,UPI,Refunded,2238.6
PAY72662,O52662,2025-10-19,Credit Card,Paid,1122.75
PAY72663,O52663,2025-07-24,UPI,Paid,2249.1
PAY72664,O52664,2025-07-22,Debit Card,Paid,1439.1
PAY72665,O52665,2025-02-24,Debit Card,Failed,958.4
PAY72666,O52666,2025-10-07,UPI,Paid,798.0
PAY72667,O52667,2025-10-07,Credit Card,Paid,1439.1
PAY72668,O52668,2025-01-17,UPI,Paid,299.0
PAY72669,O52669,2025-01-13,UPI,Paid,1077.3
PAY72670,O52670,2025-12-22,Net Banking,Paid,6372.45
PAY72671,O52671,2025-12-23,UPI,Paid,758.1
PAY72672,O52672,2025-11-15,Credit Card,Paid,1999.0
PAY72673,O52673,2025-03-28,Credit Card,Paid,399.2
PAY72674,O52674,2025-03-20,Credit Card,Failed,4998.0
PAY72675,O52675,2025-03-09,UPI,Paid,699.3
PAY72676,O52676,2025-12-15,Cash on Delivery,Paid,2849.05
PAY72677,O52677,2025-08-01,Cash on Delivery,Paid,1698.3
PAY72678,O52678,2025-08-03,Credit Card,Paid,1439.1
PAY72679,O52679,2025-07-06,UPI,Paid,1198.0
PAY72680,O52680,2025-02-04,Cash on Delivery,Paid,1699.15
PAY72681,O52681,2025-04-26,Cash on Delivery,Paid,2718.3
PAY72682,O52682,2025-10-02,Debit Card,Paid,299.25
PAY72683,O52683,2025-07-17,UPI,Paid,2078.4
PAY72684,O52684,2025-05-23,UPI,Paid,999.0
PAY72685,O52685,2025-08-16,UPI,Paid,3038.1
PAY72686,O52686,2025-05-02,UPI,Paid,359.1
PAY72687,O52687,2025-12-21,UPI,Refunded,798.0
PAY72688,O52688,2025-01-25,Cash on Delivery,Paid,2249.1
PAY72689,O52689,2025-01-28,Debit Card,Paid,3498.6
PAY72690,O52690,2025-03-16,UPI,Paid,1358.3
PAY72691,O52691,2025-08-29,Credit Card,Paid,799.2
PAY72692,O52692,2025-01-24,UPI,Paid,254.15
PAY72693,O52693,2025-06-11,Debit Card,Paid,639.2
PAY72694,O52694,2025-02-10,UPI,Paid,1422.15
PAY72695,O52695,2025-08-28,UPI,Paid,3198.4
PAY72696,O52696,2025-08-29,UPI,Paid,6747.75
PAY72697,O52697,2025-02-27,Debit Card,Paid,3798.1
PAY72698,O52698,2025-04-10,Credit Card,Paid,1347.3
PAY72699,O52699,2025-05-28,Credit Card,Paid,627.9
PAY72700,O52700,2025-09-20,Net Banking,Paid,799.2
PAY72701,O52701,2025-02-10,Debit Card,Paid,359.1
PAY72702,O52702,2025-07-12,Credit Card,Paid,254.15
PAY72703,O52703,2025-08-28,Cash on Delivery,Refunded,4317.3
PAY72704,O52704,2025-02-12,UPI,Paid,2208.3
PAY72705,O52705,2025-08-11,UPI,Paid,2878.2
PAY72706,O52706,2025-07-16,Cash on Delivery,Paid,539.1
PAY72707,O52707,2025-10-15,Net Banking,Paid,4248.3
PAY72708,O52708,2025-01-11,UPI,Paid,2078.4
PAY72709,O52709,2025-08-24,Cash on Delivery,Paid,449.25
PAY72710,O52710,2025-11-21,UPI,Paid,1518.1
PAY72711,O52711,2025-09-23,Net Banking,Paid,1598.4
PAY72712,O52712,2025-03-10,UPI,Refunded,1234.05
PAY72713,O52713,2025-05-21,UPI,Paid,359.1
PAY72714,O52714,2025-12-23,Credit Card,Paid,1498.5
PAY72715,O52715,2025-08-08,Cash on Delivery,Failed,899.1
PAY72716,O52716,2025-07-16,Net Banking,Paid,1898.1
PAY72717,O52717,2025-03-16,Cash on Delivery,Paid,1899.05
PAY72718,O52718,2025-04-14,Credit Card,Paid,1104.15
PAY72719,O52719,2025-08-15,Credit Card,Paid,1598.4
PAY72720,O52720,2025-05-05,UPI,Paid,1399.3
PAY72721,O52721,2025-04-13,UPI,Paid,3998.4
PAY72722,O52722,2025-09-21,Credit Card,Paid,449.25
PAY72723,O52723,2025-06-10,Debit Card,Paid,1279.2
PAY72724,O52724,2025-08-23,Net Banking,Paid,448.5
PAY72725,O52725,2025-10-02,UPI,Refunded,2499.0
PAY72726,O52726,2025-09-16,Debit Card,Paid,1498.5
PAY72727,O52727,2025-11-08,Net Banking,Paid,449.1
PAY72728,O52728,2025-05-20,UPI,Paid,1874.25
PAY72729,O52729,2025-08-16,Debit Card,Paid,3897.0
PAY72730,O52730,2025-10-01,Credit Card,Paid,639.2
PAY72731,O52731,2025-11-13,Cash on Delivery,Paid,5997.6
PAY72732,O52732,2025-03-27,UPI,Paid,349.3
PAY72733,O52733,2025-10-20,Credit Card,Paid,2078.4
PAY72734,O52734,2025-08-07,UPI,Paid,449.1
PAY72735,O52735,2025-12-25,Net Banking,Paid,4248.3
PAY72736,O52736,2025-03-07,UPI,Paid,719.1
PAY72737,O52737,2025-09-16,Credit Card,Paid,284.05
PAY72738,O52738,2025-05-16,Debit Card,Paid,568.1
PAY72739,O52739,2025-02-26,Credit Card,Paid,948.1
PAY72740,O52740,2025-12-24,Credit Card,Paid,848.3
PAY72741,O52741,2025-08-31,UPI,Paid,1948.5
PAY72742,O52742,2025-09-11,UPI,Paid,598.5
PAY72743,O52743,2025-01-23,Cash on Delivery,Paid,1299.0
PAY72744,O52744,2025-11-03,Debit Card,Paid,1497.0
PAY72745,O52745,2025-06-13,Net Banking,Paid,3702.15
PAY72746,O52746,2025-12-23,Credit Card,Paid,5698.1
PAY72747,O52747,2025-09-22,UPI,Failed,2598.0
PAY72748,O52748,2025-03-09,UPI,Paid,4498.2
PAY72749,O52749,2025-04-19,UPI,Paid,1017.45
PAY72750,O52750,2025-03-09,Net Banking,Paid,1017.45
PAY72751,O52751,2025-07-20,Credit Card,Paid,2718.3
PAY72752,O52752,2025-07-11,Credit Card,Paid,5398.2
PAY72753,O52753,2025-01-03,Net Banking,Paid,319.2
PAY72754,O52754,2025-09-15,Credit Card,Paid,319.2
PAY72755,O52755,2025-01-03,Cash on Delivery,Paid,718.2
PAY72756,O52756,2025-12-25,UPI,Paid,799.0
PAY72757,O52757,2025-04-25,Cash on Delivery,Paid,2249.1
PAY72758,O52758,2025-03-31,Net Banking,Paid,999.0
PAY72759,O52759,2025-07-18,UPI,Paid,1439.1
PAY72760,O52760,2025-04-03,Credit Card,Paid,1898.1
PAY72761,O52761,2025-10-02,Cash on Delivery,Paid,898.2
PAY72762,O52762,2025-12-11,Credit Card,Paid,758.1
PAY72763,O52763,2025-06-10,UPI,Paid,2558.4
PAY72764,O52764,2025-06-24,Cash on Delivery,Paid,998.0
PAY72765,O52765,2025-02-04,Credit Card,Paid,3398.3
PAY72766,O52766,2025-03-15,Credit Card,Paid,284.05
PAY72767,O52767,2025-07-17,UPI,Paid,3998.0
PAY72768,O52768,2025-10-11,UPI,Paid,1874.25
PAY72769,O52769,2025-03-30,Net Banking,Refunded,2208.3
PAY72770,O52770,2025-11-05,Credit Card,Paid,399.0
PAY72771,O52771,2025-08-12,Cash on Delivery,Refunded,849.15
PAY72772,O52772,2025-02-13,Debit Card,Paid,1018.3
PAY72773,O52773,2025-12-03,Cash on Delivery,Paid,1104.15
PAY72774,O52774,2025-05-20,UPI,Paid,359.1
PAY72775,O52775,2025-09-27,UPI,Paid,1499.25
PAY72776,O52776,2025-12-26,UPI,Paid,759.05
PAY72777,O52777,2025-02-07,UPI,Paid,449.1
PAY72778,O52778,2025-02-05,Debit Card,Paid,539.1
PAY72779,O52779,2025-03-30,Debit Card,Paid,479.2
PAY72780,O52780,2025-05-28,Credit Card,Paid,1498.5
PAY72781,O52781,2025-01-17,UPI,Paid,7197.6
PAY72782,O52782,2025-08-22,UPI,Refunded,399.2
PAY72783,O52783,2025-02-11,UPI,Paid,1818.6
PAY72784,O52784,2025-09-14,Debit Card,Paid,2399.2
PAY72785,O52785,2025-10-09,UPI,Paid,1279.2
PAY72786,O52786,2025-05-07,Cash on Delivery,Paid,4197.9
PAY72787,O52787,2025-01-10,Debit Card,Paid,299.0
PAY72788,O52788,2025-12-16,Cash on Delivery,Paid,2549.15
PAY72789,O52789,2025-12-07,Credit Card,Paid,4797.6
PAY72790,O52790,2025-11-21,Cash on Delivery,Paid,898.5
PAY72791,O52791,2025-06-25,Debit Card,Paid,374.25
PAY72792,O52792,2025-08-18,UPI,Paid,638.4
PAY72793,O52793,2025-11-21,UPI,Paid,449.25
PAY72794,O52794,2025-01-20,Cash on Delivery,Paid,1104.15
PAY72795,O52795,2025-02-26,UPI,Paid,998.0
PAY72796,O52796,2025-02-04,UPI,Paid,1299.0
PAY72797,O52797,2025-04-30,UPI,Paid,254.15
PAY72798,O52798,2025-10-09,UPI,Paid,538.2
PAY72799,O52799,2025-09-13,UPI,Paid,1438.2
PAY72800,O52800,2025-08-02,Debit Card,Paid,899.1
PAY72801,O52801,2025-03-04,Credit Card,Paid,3597.75
PAY72802,O52802,2025-03-29,Debit Card,Paid,899.1
PAY72803,O52803,2025-09-28,UPI,Paid,748.5
PAY72804,O52804,2025-12-13,UPI,Paid,374.25
PAY72805,O52805,2025-02-02,UPI,Paid,848.3
PAY72806,O52806,2025-05-15,Net Banking,Paid,4498.2
PAY72807,O52807,2025-03-06,UPI,Paid,2078.4
PAY72808,O52808,2025-07-19,Net Banking,Paid,5997.6
PAY72809,O52809,2025-09-13,UPI,Paid,718.2
PAY72810,O52810,2025-12-08,Debit Card,Paid,2598.0
PAY72811,O52811,2025-06-05,Debit Card,Paid,3038.1
PAY72812,O52812,2025-08-20,UPI,Refunded,1999.0
PAY72813,O52813,2025-10-30,Debit Card,Paid,2878.2
PAY72814,O52814,2025-02-04,Credit Card,Paid,4748.1
PAY72815,O52815,2025-01-26,Debit Card,Paid,1017.45
PAY72816,O52816,2025-01-23,Net Banking,Paid,3357.9
PAY72817,O52817,2025-05-23,UPI,Paid,254.15
PAY72818,O52818,2025-10-14,Debit Card,Paid,598.5
PAY72819,O52819,2025-11-16,UPI,Paid,799.2
PAY72820,O52820,2025-06-05,UPI,Refunded,717.6
PAY72821,O52821,2025-04-24,UPI,Paid,538.2
PAY72822,O52822,2025-05-20,UPI,Paid,359.1
PAY72823,O52823,2025-07-30,UPI,Paid,958.4
PAY72824,O52824,2025-11-19,Credit Card,Paid,299.25
PAY72825,O52825,2025-12-31,Credit Card,Failed,4498.2
PAY72826,O52826,2025-03-28,Net Banking,Paid,1198.0
PAY72827,O52827,2025-10-12,Debit Card,Paid,3198.4
PAY72828,O52828,2025-03-01,Debit Card,Paid,1798.2
PAY72829,O52829,2025-02-24,UPI,Paid,1599.0
PAY72830,O52830,2025-04-03,UPI,Paid,1999.2
PAY72831,O52831,2025-11-21,Cash on Delivery,Paid,2124.15
PAY72832,O52832,2025-09-24,Credit Card,Paid,5098.3
PAY72833,O52833,2025-08-02,Credit Card,Paid,4497.75
PAY72834,O52834,2025-11-30,UPI,Paid,5097.45
PAY72835,O52835,2025-01-12,UPI,Paid,3398.3
PAY72836,O52836,2025-12-26,Cash on Delivery,Paid,1169.1
PAY72837,O52837,2025-07-23,Debit Card,Paid,3598.2
PAY72838,O52838,2025-07-16,Credit Card,Paid,2558.4
PAY72839,O52839,2025-02-27,Cash on Delivery,Paid,538.2
PAY72840,O52840,2025-09-13,Credit Card,Paid,5698.1
PAY72841,O52841,2025-08-12,Debit Card,Paid,499.0
PAY72842,O52842,2025-06-29,Credit Card,Paid,4077.45
PAY72843,O52843,2025-12-28,Credit Card,Paid,899.1
PAY72844,O52844,2025-02-04,UPI,Paid,509.15
PAY72845,O52845,2025-12-27,Debit Card,Paid,1018.3
PAY72846,O52846,2025-04-14,UPI,Paid,798.0
PAY72847,O52847,2025-06-11,Net Banking,Paid,2718.3
PAY72848,O52848,2025-07-20,UPI,Paid,374.25
PAY72849,O52849,2025-06-09,UPI,Paid,1899.05
PAY72850,O52850,2025-07-02,Cash on Delivery,Paid,5097.45
PAY72851,O52851,2025-12-21,Credit Card,Paid,848.3
PAY72852,O52852,2025-05-18,UPI,Paid,717.6
PAY72853,O52853,2025-08-15,Cash on Delivery,Paid,3038.1
PAY72854,O52854,2025-09-02,Credit Card,Paid,448.5
PAY72855,O52855,2025-04-18,UPI,Paid,679.15
PAY72856,O52856,2025-03-12,Credit Card,Paid,1437.6
PAY72857,O52857,2025-03-19,Credit Card,Paid,2374.05
PAY72858,O52858,2025-02-24,UPI,Paid,1599.2
PAY72859,O52859,2025-10-06,Cash on Delivery,Paid,3117.6
PAY72860,O52860,2025-04-21,UPI,Paid,4498.2
PAY72861,O52861,2025-08-14,UPI,Paid,1439.1
PAY72862,O52862,2025-03-18,UPI,Refunded,1018.3
PAY72863,O52863,2025-01-15,UPI,Paid,1599.0
PAY72864,O52864,2025-09-15,Credit Card,Paid,1999.2
PAY72865,O52865,2025-07-10,Cash on Delivery,Paid,998.0
PAY72866,O52866,2026-01-01,UPI,Paid,474.05
PAY72867,O52867,2025-08-27,UPI,Paid,1699.15
PAY72868,O52868,2025-12-02,Net Banking,Paid,1198.0
PAY72869,O52869,2025-11-01,UPI,Paid,2099.3
PAY72870,O52870,2025-04-03,Credit Card,Refunded,1499.25
PAY72871,O52871,2025-07-04,UPI,Paid,2124.15
PAY72872,O52872,2025-01-18,UPI,Paid,2397.6
PAY72873,O52873,2025-01-13,UPI,Failed,374.25
PAY72874,O52874,2025-06-16,UPI,Paid,379.05
PAY72875,O52875,2025-05-27,Credit Card,Failed,4797.6
PAY72876,O52876,2025-10-10,UPI,Paid,2374.05
PAY72877,O52877,2025-02-08,UPI,Paid,1439.1
PAY72878,O52878,2025-03-11,Credit Card,Paid,1358.3
PAY72879,O52879,2025-06-20,Net Banking,Paid,798.4
PAY72880,O52880,2025-12-01,Debit Card,Paid,3897.0
PAY72881,O52881,2025-06-21,UPI,Paid,718.2
PAY72882,O52882,2025-09-10,UPI,Paid,1699.15
PAY72883,O52883,2025-12-14,Debit Card,Paid,539.1
PAY72884,O52884,2025-10-25,Credit Card,Refunded,2397.6
PAY72885,O52885,2025-05-22,Debit Card,Paid,339.15
PAY72886,O52886,2025-10-02,UPI,Paid,852.15
PAY72887,O52887,2025-08-14,UPI,Paid,2999.0
PAY72888,O52888,2025-07-04,Net Banking,Paid,849.15
PAY72889,O52889,2025-08-09,Net Banking,Paid,898.2
PAY72890,O52890,2025-02-24,UPI,Paid,949.05
PAY72891,O52891,2025-04-30,Cash on Delivery,Paid,719.1
PAY72892,O52892,2026-01-01,UPI,Paid,1438.2
PAY72893,O52893,2025-06-09,Cash on Delivery,Paid,399.0
PAY72894,O52894,2025-05-17,Credit Card,Paid,508.3
PAY72895,O52895,2025-03-18,Credit Card,Paid,717.6
PAY72896,O52896,2025-12-03,Debit Card,Paid,1272.45
PAY72897,O52897,2025-02-14,UPI,Paid,957.6
PAY72898,O52898,2025-01-19,UPI,Refunded,1598.0
PAY72899,O52899,2025-12-22,Credit Card,Paid,1439.1
PAY72900,O52900,2025-07-25,UPI,Paid,424.15
PAY72901,O52901,2025-11-21,Credit Card,Paid,849.15
PAY72902,O52902,2025-03-24,Credit Card,Paid,799.2
PAY72903,O52903,2025-02-19,UPI,Paid,1279.2
PAY72904,O52904,2025-10-08,Debit Card,Paid,2037.45
PAY72905,O52905,2025-06-16,UPI,Paid,2997.0
PAY72906,O52906,2025-09-01,UPI,Paid,5997.6
PAY72907,O52907,2025-06-14,Debit Card,Paid,319.2
PAY72908,O52908,2025-11-20,Credit Card,Paid,349.3
PAY72909,O52909,2025-02-27,UPI,Paid,319.2
PAY72910,O52910,2025-02-10,UPI,Paid,1359.15
PAY72911,O52911,2025-11-17,Debit Card,Refunded,2718.3
PAY72912,O52912,2025-05-08,UPI,Paid,1347.75
PAY72913,O52913,2025-05-04,Cash on Delivery,Paid,909.3
PAY72914,O52914,2025-09-04,Cash on Delivery,Paid,319.2
PAY72915,O52915,2025-07-05,UPI,Paid,339.15
PAY72916,O52916,2025-07-28,Net Banking,Paid,2598.0
PAY72917,O52917,2025-11-12,UPI,Paid,958.4
PAY72918,O52918,2025-10-31,Credit Card,Paid,1279.2
PAY72919,O52919,2025-08-29,UPI,Paid,1598.4
PAY72920,O52920,2025-08-03,UPI,Paid,798.0
PAY72921,O52921,2025-10-19,Cash on Delivery,Paid,508.3
PAY72922,O52922,2025-08-14,Debit Card,Paid,1439.1
PAY72923,O52923,2025-03-30,Credit Card,Paid,319.2
PAY72924,O52924,2025-01-25,UPI,Paid,758.1
PAY72925,O52925,2025-08-09,Cash on Delivery,Paid,1698.3
PAY72926,O52926,2025-10-03,UPI,Paid,2878.2
PAY72927,O52927,2025-05-16,Credit Card,Paid,2999.0
PAY72928,O52928,2025-08-21,UPI,Refunded,509.15
PAY72929,O52929,2025-03-09,Cash on Delivery,Paid,1599.0
PAY72930,O52930,2025-03-23,UPI,Paid,678.3
PAY72931,O52931,2025-09-13,UPI,Paid,3597.75
PAY72932,O52932,2025-05-06,Credit Card,Refunded,1818.6
PAY72933,O52933,2025-05-28,Net Banking,Paid,852.15
PAY72934,O52934,2025-04-14,UPI,Failed,478.4
PAY72935,O52935,2025-10-06,Debit Card,Paid,4317.3
PAY72936,O52936,2025-05-06,UPI,Paid,598.5
PAY72937,O52937,2025-09-24,Debit Card,Paid,638.4
PAY72938,O52938,2025-10-06,Debit Card,Paid,599.0
PAY72939,O52939,2025-04-22,Debit Card,Paid,719.1
PAY72940,O52940,2025-11-09,Debit Card,Paid,899.1
PAY72941,O52941,2025-04-01,UPI,Paid,1039.2
PAY72942,O52942,2025-06-08,Cash on Delivery,Paid,1438.2
PAY72943,O52943,2025-08-04,Credit Card,Paid,508.3
PAY72944,O52944,2025-10-30,Credit Card,Paid,2124.15
PAY72945,O52945,2025-02-05,UPI,Paid,909.3
PAY72946,O52946,2025-03-28,Net Banking,Paid,1198.5
PAY72947,O52947,2025-04-28,Credit Card,Paid,1169.1
PAY72948,O52948,2025-11-24,UPI,Paid,1039.2
PAY72949,O52949,2025-07-03,Cash on Delivery,Paid,1999.2
PAY72950,O52950,2025-03-09,UPI,Paid,748.5
PAY72951,O52951,2025-12-27,Credit Card,Paid,3998.0
PAY72952,O52952,2025-06-08,Debit Card,Paid,4498.2
PAY72953,O52953,2025-10-12,Cash on Delivery,Failed,3507.3
PAY72954,O52954,2025-06-14,UPI,Paid,359.1
PAY72955,O52955,2025-12-28,Debit Card,Paid,284.05
PAY72956,O52956,2025-03-15,Credit Card,Paid,4248.3
PAY72957,O52957,2025-04-30,UPI,Refunded,679.15
PAY72958,O52958,2025-12-07,Cash on Delivery,Paid,1358.3
PAY72959,O52959,2025-07-14,Net Banking,Paid,1698.3
PAY72960,O52960,2025-04-01,Net Banking,Paid,2999.0
PAY72961,O52961,2025-12-11,Cash on Delivery,Paid,1498.5
PAY72962,O52962,2025-03-19,Debit Card,Paid,1948.5
PAY72963,O52963,2025-08-09,Credit Card,Paid,2549.15
PAY72964,O52964,2025-05-19,Credit Card,Paid,1198.5
PAY72965,O52965,2025-08-31,Debit Card,Refunded,3998.0
PAY72966,O52966,2025-06-04,Debit Card,Paid,1599.2
PAY72967,O52967,2025-02-22,Credit Card,Paid,1198.0
PAY72968,O52968,2025-05-23,Credit Card,Paid,539.1
PAY72969,O52969,2025-11-18,Debit Card,Paid,538.2
PAY72970,O52970,2025-01-31,Cash on Delivery,Paid,678.3
PAY72971,O52971,2025-08-13,Debit Card,Paid,899.1
PAY72972,O52972,2025-10-19,UPI,Paid,339.15
PAY72973,O52973,2025-09-25,Credit Card,Paid,2338.2
PAY72974,O52974,2025-10-11,Debit Card,Refunded,1498.5
PAY72975,O52975,2025-10-04,UPI,Paid,2718.3
PAY72976,O52976,2025-02-14,Cash on Delivery,Paid,1899.05
PAY72977,O52977,2025-03-04,UPI,Paid,359.1
PAY72978,O52978,2025-07-20,Debit Card,Paid,1197.6
PAY72979,O52979,2025-12-03,Cash on Delivery,Paid,2157.3
PAY72980,O52980,2025-01-10,Debit Card,Paid,5098.3
PAY72981,O52981,2025-03-12,Debit Card,Paid,849.15
PAY72982,O52982,2025-04-01,Cash on Delivery,Paid,718.2
PAY72983,O52983,2025-01-24,Net Banking,Paid,269.1
PAY72984,O52984,2025-05-22,Cash on Delivery,Paid,2124.15
PAY72985,O52985,2025-11-14,Debit Card,Paid,948.1
PAY72986,O52986,2025-12-08,Debit Card,Paid,1439.1
PAY72987,O52987,2025-03-19,Net Banking,Paid,2499.0
PAY72988,O52988,2025-08-04,UPI,Paid,1799.1
PAY72989,O52989,2025-01-16,Net Banking,Paid,449.1
PAY72990,O52990,2025-01-29,Cash on Delivery,Paid,1818.6
PAY72991,O52991,2025-10-18,Debit Card,Paid,339.15
PAY72992,O52992,2025-02-14,UPI,Paid,1598.4
PAY72993,O52993,2025-12-20,UPI,Paid,897.0
PAY72994,O52994,2025-02-24,UPI,Paid,3198.0
PAY72995,O52995,2025-10-03,Credit Card,Paid,798.4
PAY72996,O52996,2025-08-22,Credit Card,Paid,2208.3
PAY72997,O52997,2025-07-31,Cash on Delivery,Paid,949.05
PAY72998,O52998,2025-01-10,Cash on Delivery,Refunded,2249.1
PAY72999,O52999,2025-05-02,Credit Card,Paid,2547.45
PAY73000,O53000,2025-02-12,Net Banking,Paid,639.2
PAY73001,O53001,2025-12-01,Debit Card,Paid,3198.0
PAY73002,O53002,2025-08-23,UPI,Refunded,2208.3
PAY73003,O53003,2025-03-11,Cash on Delivery,Paid,7197.6
PAY73004,O53004,2025-01-16,UPI,Paid,349.3
PAY73005,O53005,2025-03-10,Cash on Delivery,Refunded,239.2
PAY73006,O53006,2025-02-23,Debit Card,Failed,2249.1
PAY73007,O53007,2025-06-24,Debit Card,Failed,1598.4
PAY73008,O53008,2025-09-19,Net Banking,Refunded,479.2
PAY73009,O53009,2025-10-17,Credit Card,Paid,239.2
PAY73010,O53010,2025-01-16,Net Banking,Paid,319.2
PAY73011,O53011,2025-09-27,Credit Card,Paid,1347.75
PAY73012,O53012,2025-06-18,Cash on Delivery,Paid,8997.0
PAY73013,O53013,2025-03-04,Debit Card,Paid,399.0
PAY73014,O53014,2025-09-18,UPI,Paid,479.2
PAY73015,O53015,2025-05-01,Net Banking,Paid,949.05
PAY73016,O53016,2025-12-13,Credit Card,Paid,2997.0
PAY73017,O53017,2025-08-29,Net Banking,Paid,3507.3
PAY73018,O53018,2025-04-19,Net Banking,Paid,717.6
PAY73019,O53019,2025-06-30,Debit Card,Paid,1999.0
PAY73020,O53020,2025-01-16,Cash on Delivery,Paid,254.15
PAY73021,O53021,2025-12-22,Credit Card,Paid,2598.0
PAY73022,O53022,2025-11-07,UPI,Paid,7497.0
PAY73023,O53023,2025-08-03,Debit Card,Paid,899.1
PAY73024,O53024,2025-03-18,Net Banking,Paid,3198.0
PAY73025,O53025,2025-08-14,UPI,Paid,399.2
PAY73026,O53026,2025-04-04,Net Banking,Paid,448.5
PAY73027,O53027,2025-07-02,Debit Card,Paid,2397.6
PAY73028,O53028,2025-06-23,UPI,Paid,3702.15
PAY73029,O53029,2025-12-22,Credit Card,Paid,1104.15
PAY73030,O53030,2025-12-21,UPI,Paid,474.05
PAY73031,O53031,2025-08-07,UPI,Paid,2699.1
PAY73032,O53032,2025-05-24,Net Banking,Paid,3312.45
PAY73033,O53033,2025-11-11,UPI,Paid,399.2
PAY73034,O53034,2025-10-11,Credit Card,Paid,599.0
PAY73035,O53035,2025-09-16,Debit Card,Paid,269.1
PAY73036,O53036,2025-12-23,Cash on Delivery,Refunded,2998.5
PAY73037,O53037,2025-02-16,Debit Card,Paid,898.2
PAY73038,O53038,2025-01-07,UPI,Paid,3748.5
PAY73039,O53039,2025-03-04,Cash on Delivery,Paid,1749.3
PAY73040,O53040,2025-03-27,Credit Card,Paid,1698.3
PAY73041,O53041,2025-05-13,UPI,Paid,539.1
PAY73042,O53042,2025-12-02,UPI,Refunded,1279.2
PAY73043,O53043,2025-03-04,Cash on Delivery,Refunded,379.05
PAY73044,O53044,2025-10-08,Credit Card,Paid,4557.15
PAY73045,O53045,2025-02-14,Cash on Delivery,Paid,1278.4
PAY73046,O53046,2025-06-02,UPI,Paid,538.2
PAY73047,O53047,2025-09-28,Credit Card,Refunded,1519.05
PAY73048,O53048,2025-12-09,UPI,Paid,2208.3
PAY73049,O53049,2025-06-21,Credit Card,Paid,1599.2
PAY73050,O53050,2025-06-05,Cash on Delivery,Refunded,4998.0
PAY73051,O53051,2025-10-02,UPI,Paid,1077.3
PAY73052,O53052,2025-12-26,UPI,Paid,949.05
PAY73053,O53053,2025-01-20,Debit Card,Refunded,898.2
PAY73054,O53054,2025-08-02,UPI,Paid,798.4
PAY73055,O53055,2025-03-20,Credit Card,Paid,4798.4
PAY73056,O53056,2025-05-20,UPI,Paid,1698.3
PAY73057,O53057,2025-04-10,Net Banking,Paid,399.0
PAY73058,O53058,2025-06-01,UPI,Refunded,399.0
PAY73059,O53059,2025-07-19,Cash on Delivery,Paid,4557.15
PAY73060,O53060,2025-10-01,Debit Card,Paid,449.1
PAY73061,O53061,2025-06-07,UPI,Paid,3998.0
PAY73062,O53062,2025-02-21,UPI,Paid,539.1
PAY73063,O53063,2025-08-18,Cash on Delivery,Paid,399.0
PAY73064,O53064,2025-01-12,Credit Card,Paid,1279.2
PAY73065,O53065,2025-05-31,UPI,Paid,1039.2
PAY73066,O53066,2025-02-28,UPI,Paid,424.15
PAY73067,O53067,2025-06-11,UPI,Paid,499.0
PAY73068,O53068,2025-12-19,Credit Card,Refunded,974.25
PAY73069,O53069,2025-04-18,Credit Card,Paid,1399.3
PAY73070,O53070,2025-10-17,Debit Card,Paid,7122.15
PAY73071,O53071,2025-07-05,Net Banking,Paid,1279.2
PAY73072,O53072,2025-02-16,Credit Card,Paid,1039.2
PAY73073,O53073,2025-05-09,UPI,Paid,849.15
PAY73074,O53074,2025-11-16,Net Banking,Paid,4317.3
PAY73075,O53075,2025-03-29,Credit Card,Paid,1358.3
PAY73076,O53076,2025-09-07,Cash on Delivery,Paid,509.15
PAY73077,O53077,2025-11-26,Net Banking,Paid,449.1
PAY73078,O53078,2025-09-16,UPI,Paid,448.5
PAY73079,O53079,2025-10-04,Credit Card,Paid,1039.2
PAY73080,O53080,2025-10-05,UPI,Paid,1422.15
PAY73081,O53081,2025-01-05,Credit Card,Paid,1104.15
PAY73082,O53082,2025-03-07,Debit Card,Paid,849.15
PAY73083,O53083,2025-07-23,Debit Card,Paid,1797.0
PAY73084,O53084,2025-03-06,UPI,Paid,449.1
PAY73085,O53085,2025-05-23,Net Banking,Paid,1498.5
PAY73086,O53086,2025-09-02,UPI,Paid,762.45
PAY73087,O53087,2025-10-20,UPI,Paid,379.05
PAY73088,O53088,2025-10-13,Credit Card,Paid,798.0
PAY73089,O53089,2025-06-30,Debit Card,Paid,3398.3
PAY73090,O53090,2025-06-25,Debit Card,Paid,2208.3
PAY73091,O53091,2025-11-23,UPI,Paid,2249.1
PAY73092,O53092,2025-04-21,Debit Card,Paid,4077.45
PAY73093,O53093,2025-06-25,UPI,Paid,1599.0
PAY73094,O53094,2025-06-04,UPI,Paid,799.0
PAY73095,O53095,2025-12-23,Debit Card,Paid,2547.45
PAY73096,O53096,2025-08-05,UPI,Paid,3998.0
PAY73097,O53097,2025-10-25,UPI,Paid,299.25
PAY73098,O53098,2025-08-30,UPI,Paid,1999.0
PAY73099,O53099,2025-08-16,UPI,Paid,848.3
PAY73100,O53100,2025-07-05,Net Banking,Paid,4498.2
PAY73101,O53101,2025-02-17,Net Banking,Refunded,3598.2
PAY73102,O53102,2025-07-28,Cash on Delivery,Paid,798.4
PAY73103,O53103,2025-06-07,UPI,Paid,339.15
PAY73104,O53104,2025-08-15,Cash on Delivery,Paid,1039.2
PAY73105,O53105,2025-05-26,Credit Card,Paid,1104.15
PAY73106,O53106,2025-04-23,Cash on Delivery,Paid,2208.3
PAY73107,O53107,2025-11-14,Cash on Delivery,Paid,478.4
PAY73108,O53108,2025-12-29,Credit Card,Paid,6372.45
PAY73109,O53109,2025-12-28,UPI,Paid,2547.45
PAY73110,O53110,2025-05-13,Credit Card,Paid,639.2
PAY73111,O53111,2025-04-23,UPI,Paid,898.5
PAY73112,O53112,2025-11-21,UPI,Paid,1798.2
PAY73113,O53113,2025-03-31,UPI,Paid,3398.3
PAY73114,O53114,2025-06-11,Credit Card,Paid,499.0
PAY73115,O53115,2025-11-30,UPI,Paid,539.1
PAY73116,O53116,2025-03-18,Net Banking,Refunded,449.1
PAY73117,O53117,2025-10-08,UPI,Paid,319.2
PAY73118,O53118,2025-01-07,Credit Card,Paid,339.15
PAY73119,O53119,2025-04-23,UPI,Paid,7197.6
PAY73120,O53120,2025-02-06,Net Banking,Paid,5997.0
PAY73121,O53121,2025-09-25,Debit Card,Paid,1617.3
PAY73122,O53122,2025-04-23,UPI,Paid,1198.5
PAY73123,O53123,2025-10-19,Debit Card,Paid,1898.1
PAY73124,O53124,2025-08-12,UPI,Paid,499.0
PAY73125,O53125,2025-07-30,Net Banking,Paid,1439.1
PAY73126,O53126,2025-01-18,Credit Card,Paid,1039.2
PAY73127,O53127,2025-08-30,UPI,Paid,1439.1
PAY73128,O53128,2025-05-14,Credit Card,Paid,718.2
PAY73129,O53129,2025-08-10,UPI,Paid,679.15
PAY73130,O53130,2025-04-13,Debit Card,Paid,758.1
PAY73131,O53131,2025-05-22,Debit Card,Paid,799.2
PAY73132,O53132,2025-06-18,Net Banking,Paid,3702.15
PAY73133,O53133,2025-07-11,Cash on Delivery,Paid,359.1
PAY73134,O53134,2025-01-26,Debit Card,Paid,339.15
PAY73135,O53135,2025-02-02,Credit Card,Paid,2399.2
PAY73136,O53136,2025-12-11,Net Banking,Paid,639.2
PAY73137,O53137,2025-11-25,Cash on Delivery,Paid,399.2
PAY73138,O53138,2025-01-07,Net Banking,Paid,449.1
PAY73139,O53139,2025-07-14,Cash on Delivery,Paid,598.0
PAY73140,O53140,2025-08-19,Cash on Delivery,Paid,948.1
PAY73141,O53141,2025-05-17,UPI,Paid,2249.25
PAY73142,O53142,2025-11-19,UPI,Refunded,1874.25
PAY73143,O53143,2025-08-04,Credit Card,Paid,1118.6
PAY73144,O53144,2025-12-17,Cash on Delivery,Paid,1998.0
PAY73145,O53145,2026-01-01,UPI,Paid,848.3
PAY73146,O53146,2025-07-04,Debit Card,Refunded,6372.45
PAY73147,O53147,2025-06-18,Net Banking,Paid,1999.2
PAY73148,O53148,2025-10-11,Cash on Delivery,Paid,1698.3
PAY73149,O53149,2025-02-08,Debit Card,Paid,2558.4
PAY73150,O53150,2025-06-14,Credit Card,Paid,1077.3
PAY73151,O53151,2025-05-24,UPI,Paid,948.1
PAY73152,O53152,2025-09-06,Cash on Delivery,Paid,852.15
PAY73153,O53153,2025-04-13,Cash on Delivery,Paid,1299.0
PAY73154,O53154,2025-07-20,Net Banking,Paid,539.1
PAY73155,O53155,2025-07-20,Cash on Delivery,Paid,599.0
PAY73156,O53156,2025-02-11,UPI,Paid,359.1
PAY73157,O53157,2025-05-27,Debit Card,Paid,1017.45
PAY73158,O53158,2025-03-07,UPI,Paid,748.5
PAY73159,O53159,2025-07-13,Net Banking,Paid,1279.2
PAY73160,O53160,2025-10-27,UPI,Paid,2374.05
PAY73161,O53161,2025-02-09,UPI,Failed,5998.0
PAY73162,O53162,2025-05-23,Net Banking,Paid,759.05
PAY73163,O53163,2025-04-16,Debit Card,Paid,1047.9
PAY73164,O53164,2025-06-03,Cash on Delivery,Paid,4077.45
PAY73165,O53165,2025-12-19,Debit Card,Paid,1519.05
PAY73166,O53166,2025-11-24,UPI,Paid,1437.6
PAY73167,O53167,2025-02-09,Credit Card,Paid,4498.2
PAY73168,O53168,2025-04-09,Cash on Delivery,Paid,299.25
PAY73169,O53169,2025-04-20,Debit Card,Paid,2374.05
PAY73170,O53170,2025-04-30,Cash on Delivery,Paid,449.1
PAY73171,O53171,2025-06-02,UPI,Paid,678.3
PAY73172,O53172,2025-03-15,UPI,Paid,224.25
PAY73173,O53173,2025-02-28,Cash on Delivery,Paid,897.75
PAY73174,O53174,2025-12-01,UPI,Paid,1018.3
PAY73175,O53175,2025-09-09,Credit Card,Refunded,1898.1
PAY73176,O53176,2025-10-19,UPI,Paid,5397.3
PAY73177,O53177,2025-11-10,Debit Card,Paid,209.3
PAY73178,O53178,2025-09-12,UPI,Paid,762.45
PAY73179,O53179,2025-09-11,Debit Card,Paid,1917.6
PAY73180,O53180,2025-09-18,Cash on Delivery,Failed,4498.2
PAY73181,O53181,2025-09-28,UPI,Paid,2124.15
PAY73182,O53182,2025-02-04,Credit Card,Paid,539.1
PAY73183,O53183,2025-11-23,UPI,Paid,479.2
PAY73184,O53184,2025-11-21,Credit Card,Paid,748.5
PAY73185,O53185,2025-08-26,Credit Card,Paid,508.3
PAY73186,O53186,2025-06-28,Credit Card,Paid,508.3
PAY73187,O53187,2025-04-16,UPI,Paid,2699.1
PAY73188,O53188,2025-01-29,UPI,Paid,3798.1
PAY73189,O53189,2025-08-16,Debit Card,Paid,2398.5
PAY73190,O53190,2025-08-22,Cash on Delivery,Paid,2878.2
PAY73191,O53191,2025-11-02,UPI,Paid,479.2
PAY73192,O53192,2025-12-17,Debit Card,Paid,1279.2
PAY73193,O53193,2025-12-01,Credit Card,Paid,639.2
PAY73194,O53194,2025-04-29,UPI,Paid,897.75
PAY73195,O53195,2025-07-27,Credit Card,Paid,2718.3
PAY73196,O53196,2025-07-04,Debit Card,Refunded,2249.25
PAY73197,O53197,2025-05-20,Credit Card,Paid,5697.15
PAY73198,O53198,2025-11-21,UPI,Paid,339.15
PAY73199,O53199,2025-06-15,Net Banking,Paid,319.2
PAY73200,O53200,2025-03-18,UPI,Paid,1799.1
PAY73201,O53201,2025-08-23,UPI,Refunded,478.4
PAY73202,O53202,2025-10-11,Debit Card,Paid,399.2
PAY73203,O53203,2025-09-13,UPI,Paid,399.2
PAY73204,O53204,2025-01-11,UPI,Paid,899.1
PAY73205,O53205,2025-07-23,Credit Card,Paid,1017.45
PAY73206,O53206,2025-11-02,Debit Card,Paid,2878.2
PAY73207,O53207,2025-04-02,Credit Card,Paid,478.4
PAY73208,O53208,2025-11-28,Debit Card,Paid,539.1
PAY73209,O53209,2025-05-31,Cash on Delivery,Paid,2547.45
PAY73210,O53210,2025-12-27,Cash on Delivery,Refunded,538.2
PAY73211,O53211,2025-06-26,UPI,Refunded,379.05
PAY73212,O53212,2025-02-04,Debit Card,Paid,568.1
PAY73213,O53213,2025-07-05,UPI,Paid,499.0
PAY73214,O53214,2025-06-07,Cash on Delivery,Paid,849.15
PAY73215,O53215,2025-02-22,Cash on Delivery,Paid,1917.6
PAY73216,O53216,2025-10-25,UPI,Failed,1598.0
PAY73217,O53217,2025-07-23,Debit Card,Paid,1198.0
PAY73218,O53218,2025-10-02,Cash on Delivery,Paid,539.1
PAY73219,O53219,2025-06-25,Credit Card,Paid,1999.2
PAY73220,O53220,2025-09-01,Debit Card,Paid,8547.15
PAY73221,O53221,2025-09-28,Net Banking,Paid,899.1
PAY73222,O53222,2025-03-16,Cash on Delivery,Paid,474.05
PAY73223,O53223,2025-04-08,Credit Card,Paid,6747.3
PAY73224,O53224,2025-12-28,Cash on Delivery,Paid,3798.1
PAY73225,O53225,2025-06-23,Debit Card,Paid,898.2
PAY73226,O53226,2025-06-04,UPI,Paid,1039.2
PAY73227,O53227,2025-07-04,Debit Card,Paid,7647.45
PAY73228,O53228,2025-11-21,UPI,Paid,1998.0
PAY73229,O53229,2025-10-17,UPI,Paid,679.15
PAY73230,O53230,2025-09-15,Net Banking,Paid,679.15
PAY73231,O53231,2025-03-16,Cash on Delivery,Paid,1499.25
PAY73232,O53232,2025-06-23,Cash on Delivery,Paid,899.1
PAY73233,O53233,2025-11-28,UPI,Paid,3117.6
PAY73234,O53234,2025-08-20,Credit Card,Paid,3837.6
PAY73235,O53235,2025-09-05,Cash on Delivery,Paid,1518.1
PAY73236,O53236,2025-06-10,Cash on Delivery,Paid,4498.5
PAY73237,O53237,2025-07-05,Cash on Delivery,Paid,2124.15
PAY73238,O53238,2025-05-23,Credit Card,Paid,1017.45
PAY73239,O53239,2025-10-11,Net Banking,Paid,1198.0
PAY73240,O53240,2025-05-09,Cash on Delivery,Paid,758.1
PAY73241,O53241,2025-06-15,UPI,Paid,339.15
PAY73242,O53242,2025-01-27,UPI,Failed,269.1
PAY73243,O53243,2025-09-04,Cash on Delivery,Paid,3398.3
PAY73244,O53244,2025-05-17,Credit Card,Paid,718.2
PAY73245,O53245,2025-07-23,UPI,Paid,424.15
PAY73246,O53246,2025-01-23,UPI,Paid,1698.3
PAY73247,O53247,2025-03-21,UPI,Paid,599.0
PAY73248,O53248,2025-06-09,UPI,Paid,1104.15
PAY73249,O53249,2025-04-04,UPI,Paid,1169.1
PAY73250,O53250,2025-01-10,UPI,Paid,1439.1
PAY73251,O53251,2025-12-06,Cash on Delivery,Paid,2499.0
PAY73252,O53252,2025-09-18,UPI,Paid,284.05
PAY73253,O53253,2025-02-25,Credit Card,Paid,2277.15
PAY73254,O53254,2025-02-06,Credit Card,Paid,1199.25
PAY73255,O53255,2025-01-08,Net Banking,Paid,1799.1
PAY73256,O53256,2025-02-11,UPI,Paid,3198.0
PAY73257,O53257,2025-02-20,UPI,Paid,599.0
PAY73258,O53258,2025-04-24,UPI,Paid,1999.0
PAY73259,O53259,2025-05-27,Cash on Delivery,Paid,1358.3
PAY73260,O53260,2025-08-20,Debit Card,Paid,474.05
PAY73261,O53261,2025-07-30,UPI,Paid,678.3
PAY73262,O53262,2025-11-03,Cash on Delivery,Paid,2249.1
PAY73263,O53263,2025-01-30,UPI,Paid,399.2
PAY73264,O53264,2025-10-22,UPI,Paid,538.2
PAY73265,O53265,2025-04-26,Credit Card,Paid,2878.2
PAY73266,O53266,2025-08-14,Credit Card,Paid,4797.6
PAY73267,O53267,2025-02-28,Debit Card,Paid,449.1
PAY73268,O53268,2025-03-19,UPI,Paid,1598.4
PAY73269,O53269,2025-08-04,Debit Card,Paid,2124.15
PAY73270,O53270,2025-05-14,Credit Card,Paid,269.1
PAY73271,O53271,2025-10-31,UPI,Paid,1104.15
PAY73272,O53272,2025-03-22,Debit Card,Paid,349.3
PAY73273,O53273,2025-11-02,Cash on Delivery,Paid,2718.3
PAY73274,O53274,2025-03-10,UPI,Paid,299.25
PAY73275,O53275,2025-08-18,Credit Card,Paid,1138.1
PAY73276,O53276,2025-11-29,Debit Card,Paid,424.15
PAY73277,O53277,2025-10-04,Net Banking,Paid,1874.25
PAY73278,O53278,2025-12-29,UPI,Paid,2249.1
PAY73279,O53279,2025-03-15,Credit Card,Paid,1119.3
PAY73280,O53280,2025-07-30,Debit Card,Failed,8997.0
PAY73281,O53281,2025-09-30,UPI,Paid,2249.25
PAY73282,O53282,2025-05-25,Credit Card,Paid,5397.3
PAY73283,O53283,2025-09-08,Credit Card,Paid,599.0
PAY73284,O53284,2025-10-13,Net Banking,Paid,898.5
PAY73285,O53285,2025-06-30,Net Banking,Paid,759.05
PAY73286,O53286,2025-03-22,UPI,Paid,2997.0
PAY73287,O53287,2025-02-26,UPI,Paid,7497.0
PAY73288,O53288,2025-11-06,Debit Card,Paid,849.15
PAY73289,O53289,2025-06-25,Debit Card,Paid,418.6
PAY73290,O53290,2025-08-26,UPI,Paid,1599.0
PAY73291,O53291,2025-06-16,Credit Card,Refunded,719.1
PAY73292,O53292,2025-03-26,Net Banking,Paid,2468.1
PAY73293,O53293,2025-02-19,UPI,Paid,958.4
PAY73294,O53294,2025-05-07,UPI,Paid,998.0
PAY73295,O53295,2025-06-18,Debit Card,Paid,3798.1
PAY73296,O53296,2025-12-20,Net Banking,Paid,7122.15
PAY73297,O53297,2025-12-17,Debit Card,Paid,849.15
PAY73298,O53298,2025-03-09,Credit Card,Paid,1347.75
PAY73299,O53299,2025-11-27,Cash on Delivery,Paid,254.15
PAY73300,O53300,2025-12-07,UPI,Paid,998.0
PAY73301,O53301,2025-07-14,Credit Card,Paid,2124.15
PAY73302,O53302,2025-06-05,Credit Card,Paid,2397.6
PAY73303,O53303,2025-06-11,UPI,Paid,3897.0
PAY73304,O53304,2025-07-05,Credit Card,Paid,998.0
PAY73305,O53305,2025-09-24,UPI,Paid,1518.1
PAY73306,O53306,2025-06-18,Credit Card,Paid,1999.2
PAY73307,O53307,2025-05-27,Credit Card,Paid,1104.15
PAY73308,O53308,2025-07-06,Net Banking,Paid,4248.3
PAY73309,O53309,2025-12-20,Cash on Delivery,Paid,284.05
PAY73310,O53310,2025-09-20,UPI,Paid,899.1
PAY73311,O53311,2025-10-01,Cash on Delivery,Paid,558.6
PAY73312,O53312,2025-11-25,Cash on Delivery,Paid,2849.05
PAY73313,O53313,2025-12-11,UPI,Paid,4498.5
PAY73314,O53314,2025-08-12,Cash on Delivery,Refunded,1017.45
PAY73315,O53315,2025-02-12,Credit Card,Paid,3998.0
PAY73316,O53316,2025-01-06,Cash on Delivery,Paid,1077.3
PAY73317,O53317,2025-10-05,Cash on Delivery,Paid,1874.25
PAY73318,O53318,2025-10-13,Net Banking,Paid,269.1
PAY73319,O53319,2025-07-12,Credit Card,Paid,749.25
PAY73320,O53320,2025-04-14,Debit Card,Paid,759.05
PAY73321,O53321,2025-09-05,Credit Card,Paid,254.15
PAY73322,O53322,2025-10-27,UPI,Paid,1279.2
PAY73323,O53323,2025-01-25,UPI,Paid,974.25
PAY73324,O53324,2025-10-30,Credit Card,Paid,678.3
PAY73325,O53325,2025-01-14,Net Banking,Paid,5098.3
PAY73326,O53326,2025-05-24,Net Banking,Paid,3998.0
PAY73327,O53327,2025-08-08,Cash on Delivery,Paid,5697.15
PAY73328,O53328,2025-07-03,UPI,Paid,1439.1
PAY73329,O53329,2025-12-17,Debit Card,Paid,1598.0
PAY73330,O53330,2025-08-31,Debit Card,Paid,1799.1
PAY73331,O53331,2025-07-13,UPI,Paid,4498.2
PAY73332,O53332,2025-09-29,UPI,Paid,1398.6
PAY73333,O53333,2025-06-15,UPI,Paid,2037.45
PAY73334,O53334,2025-06-29,Cash on Delivery,Refunded,449.1
PAY73335,O53335,2025-04-29,Cash on Delivery,Paid,699.3
PAY73336,O53336,2025-09-25,Net Banking,Paid,1898.1
PAY73337,O53337,2025-02-07,Credit Card,Paid,4077.45
PAY73338,O53338,2025-02-13,UPI,Paid,1359.15
PAY73339,O53339,2025-12-18,Cash on Delivery,Paid,2499.0
PAY73340,O53340,2025-03-15,UPI,Paid,1917.6
PAY73341,O53341,2025-08-15,Credit Card,Paid,798.0
PAY73342,O53342,2025-11-05,UPI,Paid,1198.0
PAY73343,O53343,2025-11-04,Cash on Delivery,Paid,2374.05
PAY73344,O53344,2025-12-16,UPI,Paid,299.25
PAY73345,O53345,2025-11-11,UPI,Paid,679.15
PAY73346,O53346,2025-01-15,Net Banking,Paid,2549.15
PAY73347,O53347,2025-01-12,UPI,Paid,508.3
PAY73348,O53348,2025-02-19,Cash on Delivery,Paid,2249.1
PAY73349,O53349,2025-11-10,UPI,Paid,2718.3
PAY73350,O53350,2025-09-07,Cash on Delivery,Paid,1798.2
PAY73351,O53351,2025-04-29,Debit Card,Paid,3998.0
PAY73352,O53352,2025-02-27,Debit Card,Paid,3398.3
PAY73353,O53353,2025-07-01,Cash on Delivery,Paid,1598.0
PAY73354,O53354,2025-09-21,Credit Card,Paid,948.1
PAY73355,O53355,2025-04-18,Credit Card,Refunded,239.2
PAY73356,O53356,2025-07-11,UPI,Paid,679.15
PAY73357,O53357,2025-05-18,UPI,Paid,424.15
PAY73358,O53358,2025-07-09,Net Banking,Paid,3598.2
PAY73359,O53359,2025-04-30,UPI,Paid,899.1
PAY73360,O53360,2025-08-31,Credit Card,Refunded,1599.2
PAY73361,O53361,2025-11-15,Credit Card,Paid,1437.6
PAY73362,O53362,2025-03-14,Debit Card,Paid,1698.3
PAY73363,O53363,2025-09-01,UPI,Paid,699.3
PAY73364,O53364,2025-05-11,Net Banking,Paid,419.3
PAY73365,O53365,2025-09-26,UPI,Paid,2878.2
PAY73366,O53366,2025-02-22,Net Banking,Paid,239.2
PAY73367,O53367,2025-03-05,Net Banking,Paid,1358.3
PAY73368,O53368,2025-05-01,UPI,Paid,2208.3
PAY73369,O53369,2026-01-02,Net Banking,Paid,3998.0
PAY73370,O53370,2025-09-23,Debit Card,Paid,508.3
PAY73371,O53371,2025-08-29,Cash on Delivery,Paid,1498.5
PAY73372,O53372,2025-12-17,Credit Card,Refunded,2397.6
PAY73373,O53373,2025-09-13,UPI,Paid,799.2
PAY73374,O53374,2025-06-24,Cash on Delivery,Paid,1422.15
PAY73375,O53375,2025-11-06,Net Banking,Paid,269.1
PAY73376,O53376,2025-08-25,UPI,Refunded,284.05
PAY73377,O53377,2025-11-16,Cash on Delivery,Paid,718.2
PAY73378,O53378,2025-04-05,Cash on Delivery,Paid,509.15
PAY73379,O53379,2025-12-04,UPI,Refunded,269.1
PAY73380,O53380,2025-02-27,UPI,Paid,679.15
PAY73381,O53381,2025-03-08,Credit Card,Paid,6747.3
PAY73382,O53382,2025-02-16,Cash on Delivery,Paid,539.1
PAY73383,O53383,2025-04-04,UPI,Paid,999.0
PAY73384,O53384,2025-05-19,Credit Card,Failed,3597.75
PAY73385,O53385,2025-04-04,Debit Card,Paid,3998.0
PAY73386,O53386,2025-08-22,UPI,Paid,1599.0
PAY73387,O53387,2025-02-19,Credit Card,Paid,798.4
PAY73388,O53388,2025-01-25,UPI,Refunded,2238.6
PAY73389,O53389,2025-03-05,Credit Card,Paid,639.2
PAY73390,O53390,2025-09-24,Credit Card,Paid,1999.0
PAY73391,O53391,2025-11-25,UPI,Refunded,1519.05
PAY73392,O53392,2025-04-29,Net Banking,Paid,279.3
PAY73393,O53393,2025-03-29,Credit Card,Paid,639.2
PAY73394,O53394,2025-04-01,Debit Card,Paid,2547.45
PAY73395,O53395,2025-02-25,Net Banking,Paid,569.05
PAY73396,O53396,2025-06-02,UPI,Failed,599.0
PAY73397,O53397,2025-08-27,UPI,Paid,1197.0
PAY73398,O53398,2025-09-22,UPI,Paid,1018.3
PAY73399,O53399,2025-09-27,UPI,Paid,799.0
PAY73400,O53400,2025-04-23,Net Banking,Paid,419.3
PAY73401,O53401,2025-06-16,Net Banking,Paid,3702.15
PAY73402,O53402,2025-06-06,Cash on Delivery,Failed,399.2
PAY73403,O53403,2025-01-09,Net Banking,Paid,4748.1
PAY73404,O53404,2025-07-23,UPI,Paid,2547.45
PAY73405,O53405,2025-08-05,Credit Card,Paid,897.0
PAY73406,O53406,2025-10-20,UPI,Refunded,799.2
PAY73407,O53407,2025-02-19,UPI,Paid,4077.45
PAY73408,O53408,2025-04-17,Credit Card,Paid,2499.0
PAY73409,O53409,2025-01-10,UPI,Paid,957.6
PAY73410,O53410,2025-08-23,Credit Card,Paid,1104.15
PAY73411,O53411,2025-07-08,UPI,Paid,374.25
PAY73412,O53412,2025-11-20,Credit Card,Refunded,6747.75
PAY73413,O53413,2025-11-07,UPI,Paid,974.25
PAY73414,O53414,2025-12-04,Credit Card,Paid,2499.0
PAY73415,O53415,2025-04-20,UPI,Paid,2499.0
PAY73416,O53416,2025-05-27,UPI,Paid,1399.3
PAY73417,O53417,2025-08-17,UPI,Paid,4077.45
PAY73418,O53418,2025-11-07,UPI,Paid,1518.1
PAY73419,O53419,2025-04-25,UPI,Paid,958.4
PAY73420,O53420,2025-03-06,UPI,Paid,569.05
PAY73421,O53421,2025-10-02,Cash on Delivery,Refunded,399.2
PAY73422,O53422,2025-05-06,UPI,Paid,638.4
PAY73423,O53423,2025-03-29,Cash on Delivery,Paid,717.6
PAY73424,O53424,2025-03-12,Credit Card,Paid,5397.3
PAY73425,O53425,2025-02-17,Credit Card,Paid,538.2
PAY73426,O53426,2025-07-19,Net Banking,Paid,539.1
PAY73427,O53427,2026-01-01,Debit Card,Paid,508.3
PAY73428,O53428,2025-07-22,UPI,Paid,759.05
PAY73429,O53429,2025-10-04,UPI,Paid,2878.2
PAY73430,O53430,2025-02-06,Net Banking,Paid,678.3
PAY73431,O53431,2025-07-23,UPI,Paid,679.15
PAY73432,O53432,2025-05-12,Credit Card,Paid,1999.2
PAY73433,O53433,2025-10-21,Cash on Delivery,Paid,1359.15
PAY73434,O53434,2025-03-06,Credit Card,Paid,759.05
PAY73435,O53435,2025-09-21,UPI,Refunded,339.15
PAY73436,O53436,2025-05-02,UPI,Paid,958.4
PAY73437,O53437,2025-10-07,UPI,Paid,1169.1
PAY73438,O53438,2025-07-21,Debit Card,Paid,7647.45
PAY73439,O53439,2025-02-16,Credit Card,Paid,3198.0
PAY73440,O53440,2025-06-18,Credit Card,Paid,359.1
PAY73441,O53441,2025-04-20,UPI,Paid,6747.75
PAY73442,O53442,2025-02-17,UPI,Paid,1122.75
PAY73443,O53443,2025-08-02,Cash on Delivery,Paid,1359.15
PAY73444,O53444,2025-01-28,UPI,Paid,5997.6
PAY73445,O53445,2025-03-29,UPI,Paid,749.25
PAY73446,O53446,2025-10-20,UPI,Paid,5247.9
PAY73447,O53447,2025-06-06,UPI,Paid,4077.45
PAY73448,O53448,2025-09-22,Cash on Delivery,Paid,1018.3
PAY73449,O53449,2025-09-22,UPI,Paid,2249.1
PAY73450,O53450,2025-01-24,Debit Card,Paid,599.0
PAY73451,O53451,2025-09-15,UPI,Paid,1439.1
PAY73452,O53452,2025-07-10,Debit Card,Paid,1599.2
PAY73453,O53453,2025-08-20,Net Banking,Paid,399.2
PAY73454,O53454,2025-07-07,UPI,Paid,2398.5
PAY73455,O53455,2025-11-24,UPI,Paid,5997.0
PAY73456,O53456,2025-07-04,UPI,Paid,849.15
PAY73457,O53457,2025-07-23,Credit Card,Failed,499.0
PAY73458,O53458,2025-03-08,Credit Card,Paid,759.05
PAY73459,O53459,2025-02-12,Cash on Delivery,Paid,598.5
PAY73460,O53460,2025-08-11,UPI,Paid,254.15
PAY73461,O53461,2025-01-19,Debit Card,Paid,1599.2
PAY73462,O53462,2025-11-20,UPI,Refunded,1797.0
PAY73463,O53463,2025-10-12,UPI,Paid,8097.3
PAY73464,O53464,2025-07-03,Debit Card,Paid,1358.3
PAY73465,O53465,2025-02-15,Cash on Delivery,Paid,299.0
PAY73466,O53466,2025-07-08,UPI,Paid,269.1
PAY73467,O53467,2025-09-21,UPI,Paid,299.0
PAY73468,O53468,2025-06-23,Debit Card,Paid,2549.15
PAY73469,O53469,2025-02-23,Net Banking,Paid,699.3
PAY73470,O53470,2025-08-09,Cash on Delivery,Paid,1039.2
PAY73471,O53471,2025-02-16,UPI,Paid,3498.6
PAY73472,O53472,2025-09-18,Debit Card,Paid,638.4
PAY73473,O53473,2025-07-15,UPI,Refunded,2998.5
PAY73474,O53474,2025-12-15,Credit Card,Paid,2718.3
PAY73475,O53475,2025-03-03,UPI,Paid,2124.15
PAY73476,O53476,2025-06-15,UPI,Refunded,449.1
PAY73477,O53477,2025-06-10,Cash on Delivery,Paid,639.2
PAY73478,O53478,2025-06-01,Credit Card,Paid,8547.15
PAY73479,O53479,2025-04-21,UPI,Paid,3897.0
PAY73480,O53480,2025-02-07,Net Banking,Paid,1874.25
PAY73481,O53481,2025-01-03,Debit Card,Paid,799.0
PAY73482,O53482,2025-01-15,UPI,Paid,2238.6
PAY73483,O53483,2025-06-13,Credit Card,Paid,1999.2
PAY73484,O53484,2025-12-10,Credit Card,Paid,449.1
PAY73485,O53485,2025-11-30,UPI,Paid,1279.2
PAY73486,O53486,2025-09-23,Cash on Delivery,Paid,3117.6
PAY73487,O53487,2025-03-26,Credit Card,Paid,2847.15
PAY73488,O53488,2025-09-22,Cash on Delivery,Paid,319.2
PAY73489,O53489,2025-12-01,Credit Card,Paid,2558.4
PAY73490,O53490,2025-08-09,Debit Card,Paid,4557.15
PAY73491,O53491,2025-05-27,UPI,Paid,999.0
PAY73492,O53492,2025-10-26,Credit Card,Paid,758.1
PAY73493,O53493,2025-10-26,Debit Card,Refunded,2847.15
PAY73494,O53494,2025-06-12,UPI,Paid,1998.0
PAY73495,O53495,2025-08-18,Debit Card,Paid,2399.2
PAY73496,O53496,2025-08-24,UPI,Paid,539.1
PAY73497,O53497,2025-03-30,Net Banking,Paid,448.5
PAY73498,O53498,2025-11-29,Cash on Delivery,Paid,568.1
PAY73499,O53499,2025-11-08,Debit Card,Paid,2699.1
PAY73500,O53500,2025-08-04,UPI,Paid,762.45
PAY73501,O53501,2025-04-09,Credit Card,Paid,2922.75
PAY73502,O53502,2025-08-01,Debit Card,Paid,1104.15
PAY73503,O53503,2025-12-21,Cash on Delivery,Paid,269.1
PAY73504,O53504,2025-11-10,UPI,Paid,6747.75
PAY73505,O53505,2025-04-10,Net Banking,Paid,2878.2
PAY73506,O53506,2025-05-26,UPI,Paid,1598.0
PAY73507,O53507,2025-01-10,Net Banking,Paid,2878.2
PAY73508,O53508,2025-02-15,Cash on Delivery,Failed,3117.6
PAY73509,O53509,2025-09-10,Cash on Delivery,Paid,1999.0
PAY73510,O53510,2025-08-15,Debit Card,Paid,508.3
PAY73511,O53511,2025-09-06,Credit Card,Paid,254.15
PAY73512,O53512,2025-06-18,Cash on Delivery,Paid,749.25
PAY73513,O53513,2025-05-10,Credit Card,Paid,899.1
PAY73514,O53514,2025-01-19,UPI,Paid,359.1
PAY73515,O53515,2025-12-03,Cash on Delivery,Paid,538.2
PAY73516,O53516,2025-08-25,UPI,Paid,1169.1
PAY73517,O53517,2025-12-12,Debit Card,Paid,1279.2
PAY73518,O53518,2025-01-01,UPI,Paid,4248.3
PAY73519,O53519,2025-05-11,UPI,Refunded,2397.6
PAY73520,O53520,2025-01-29,Credit Card,Paid,1437.6
PAY73521,O53521,2025-01-02,Credit Card,Paid,598.5
PAY73522,O53522,2025-09-07,UPI,Paid,3598.2
PAY73523,O53523,2025-08-12,UPI,Paid,1047.9
PAY73524,O53524,2025-05-19,UPI,Paid,1519.05
PAY73525,O53525,2025-10-04,Net Banking,Paid,3998.4
PAY73526,O53526,2025-05-23,UPI,Paid,3398.3
PAY73527,O53527,2025-09-14,Cash on Delivery,Paid,638.4
PAY73528,O53528,2025-11-09,UPI,Paid,848.3
PAY73529,O53529,2025-04-05,Cash on Delivery,Paid,1039.2
PAY73530,O53530,2025-06-22,Debit Card,Paid,1874.25
PAY73531,O53531,2025-02-26,UPI,Paid,478.4
PAY73532,O53532,2025-04-14,UPI,Refunded,1999.2
PAY73533,O53533,2025-06-19,Net Banking,Paid,599.0
PAY73534,O53534,2025-03-12,Cash on Delivery,Paid,474.05
PAY73535,O53535,2025-12-04,Cash on Delivery,Paid,3357.9
PAY73536,O53536,2025-02-20,Credit Card,Paid,1599.2
PAY73537,O53537,2025-12-15,UPI,Paid,1358.3
PAY73538,O53538,2025-01-06,UPI,Paid,1347.3
PAY73539,O53539,2025-07-22,UPI,Paid,7497.0
PAY73540,O53540,2025-07-22,UPI,Paid,1169.1
PAY73541,O53541,2025-06-29,Credit Card,Refunded,1358.3
PAY73542,O53542,2025-02-28,Debit Card,Paid,948.1
PAY73543,O53543,2025-07-05,Debit Card,Paid,379.05
PAY73544,O53544,2025-04-03,UPI,Paid,1698.3
PAY73545,O53545,2025-10-20,UPI,Paid,339.15
PAY73546,O53546,2025-08-16,UPI,Paid,379.05
PAY73547,O53547,2025-04-24,Cash on Delivery,Failed,848.3
PAY73548,O53548,2025-05-28,Cash on Delivery,Paid,1198.5
PAY73549,O53549,2025-09-28,UPI,Paid,508.3
PAY73550,O53550,2025-07-22,Credit Card,Paid,374.25
PAY73551,O53551,2026-01-02,Credit Card,Paid,598.5
PAY73552,O53552,2025-12-15,Credit Card,Paid,5998.0
PAY73553,O53553,2025-12-25,UPI,Paid,599.0
PAY73554,O53554,2025-02-25,Credit Card,Failed,4248.3
PAY73555,O53555,2025-10-30,UPI,Paid,849.15
PAY73556,O53556,2025-11-12,Debit Card,Paid,449.1
PAY73557,O53557,2025-07-06,UPI,Paid,1438.2
PAY73558,O53558,2025-02-24,Credit Card,Paid,424.15
PAY73559,O53559,2025-02-06,Debit Card,Failed,1998.0
PAY73560,O53560,2025-07-30,Net Banking,Paid,698.6
PAY73561,O53561,2025-10-21,UPI,Paid,4557.15
PAY73562,O53562,2025-09-28,Credit Card,Paid,448.5
PAY73563,O53563,2025-12-18,Cash on Delivery,Paid,1998.0
PAY73564,O53564,2025-08-09,UPI,Paid,2468.1
PAY73565,O53565,2025-08-17,Credit Card,Paid,3798.1
PAY73566,O53566,2025-12-25,UPI,Paid,349.3
PAY73567,O53567,2025-08-01,Debit Card,Paid,3897.0
PAY73568,O53568,2025-10-27,UPI,Paid,254.15
PAY73569,O53569,2025-01-01,Debit Card,Paid,599.25
PAY73570,O53570,2025-01-25,UPI,Paid,2124.15
PAY73571,O53571,2025-10-11,UPI,Refunded,1169.1
PAY73572,O53572,2025-07-09,Credit Card,Paid,2798.6
PAY73573,O53573,2025-01-20,Credit Card,Paid,1499.25
PAY73574,O53574,2025-02-19,Credit Card,Failed,719.1
PAY73575,O53575,2025-02-18,UPI,Paid,424.15
PAY73576,O53576,2025-04-27,Credit Card,Paid,419.3
PAY73577,O53577,2025-02-10,UPI,Paid,1398.6
PAY73578,O53578,2025-08-06,UPI,Failed,1798.2
PAY73579,O53579,2025-07-30,Net Banking,Failed,3198.4
PAY73580,O53580,2025-09-21,Debit Card,Paid,5398.2
PAY73581,O53581,2025-07-30,UPI,Paid,539.1
PAY73582,O53582,2025-02-24,UPI,Paid,758.1
PAY73583,O53583,2025-10-09,UPI,Paid,2468.1
PAY73584,O53584,2025-12-22,Net Banking,Paid,679.15
PAY73585,O53585,2025-11-17,Net Banking,Paid,254.15
PAY73586,O53586,2025-05-14,Credit Card,Paid,568.1
PAY73587,O53587,2025-09-22,Net Banking,Paid,1617.3
PAY73588,O53588,2025-10-24,Cash on Delivery,Paid,4498.2
PAY73589,O53589,2025-04-21,Cash on Delivery,Paid,1749.3
PAY73590,O53590,2025-02-13,Cash on Delivery,Paid,6747.75
PAY73591,O53591,2025-12-05,Net Banking,Paid,359.1
PAY73592,O53592,2025-08-28,UPI,Paid,1199.25
PAY73593,O53593,2025-09-06,UPI,Paid,538.2
PAY73594,O53594,2025-01-06,Net Banking,Paid,254.15
PAY73595,O53595,2026-01-01,UPI,Paid,419.3
PAY73596,O53596,2025-12-15,UPI,Paid,2249.1
PAY73597,O53597,2025-12-18,UPI,Paid,3398.3
PAY73598,O53598,2025-11-08,Debit Card,Paid,4498.2
PAY73599,O53599,2025-06-23,Credit Card,Paid,569.05
PAY73600,O53600,2025-07-13,UPI,Paid,1527.45
PAY73601,O53601,2025-01-05,Debit Card,Paid,838.6
PAY73602,O53602,2025-10-07,Cash on Delivery,Paid,2249.1
PAY73603,O53603,2025-02-27,Credit Card,Paid,1498.5
PAY73604,O53604,2025-10-02,Debit Card,Failed,1499.25
PAY73605,O53605,2025-06-26,UPI,Paid,3038.1
PAY73606,O53606,2025-04-27,UPI,Paid,4498.2
PAY73607,O53607,2025-03-25,Credit Card,Paid,848.3
PAY73608,O53608,2025-06-09,Net Banking,Paid,2718.3
PAY73609,O53609,2025-10-15,Cash on Delivery,Paid,499.0
PAY73610,O53610,2025-03-21,Debit Card,Paid,419.3
PAY73611,O53611,2025-03-07,UPI,Refunded,798.4
PAY73612,O53612,2025-07-28,Debit Card,Paid,5397.3
PAY73613,O53613,2025-01-11,UPI,Paid,509.15
PAY73614,O53614,2025-07-19,UPI,Paid,1999.0
PAY73615,O53615,2025-03-01,Net Banking,Paid,1699.15
PAY73616,O53616,2025-08-23,Debit Card,Paid,2398.5
PAY73617,O53617,2025-11-05,Cash on Delivery,Paid,4497.75
PAY73618,O53618,2025-09-01,Credit Card,Paid,898.2
PAY73619,O53619,2025-02-23,Cash on Delivery,Paid,1018.3
PAY73620,O53620,2025-12-03,UPI,Paid,958.4
PAY73621,O53621,2025-01-09,UPI,Paid,2338.2
PAY73622,O53622,2025-04-11,Net Banking,Paid,299.0
PAY73623,O53623,2025-10-24,Credit Card,Paid,1358.3
PAY73624,O53624,2025-07-24,UPI,Paid,5098.3
PAY73625,O53625,2025-06-02,Net Banking,Paid,2499.0
PAY73626,O53626,2025-04-20,Net Banking,Paid,1198.0
PAY73627,O53627,2025-11-19,Credit Card,Paid,1519.05
PAY73628,O53628,2025-09-23,Credit Card,Paid,4498.2
PAY73629,O53629,2025-06-03,Net Banking,Paid,1358.3
PAY73630,O53630,2025-03-25,Net Banking,Paid,1439.1
PAY73631,O53631,2025-05-16,Cash on Delivery,Paid,899.1
PAY73632,O53632,2025-11-23,Debit Card,Paid,1198.5
PAY73633,O53633,2025-06-10,UPI,Paid,1198.0
PAY73634,O53634,2025-02-08,Credit Card,Paid,4248.3
PAY73635,O53635,2025-06-27,Credit Card,Paid,1399.3
PAY73636,O53636,2025-01-15,UPI,Paid,1272.45
PAY73637,O53637,2025-11-11,UPI,Paid,2078.4
PAY73638,O53638,2025-03-09,UPI,Paid,718.2
PAY73639,O53639,2025-09-06,UPI,Paid,998.0
PAY73640,O53640,2025-02-12,Credit Card,Paid,6372.45
PAY73641,O53641,2025-07-03,Credit Card,Paid,1358.3
PAY73642,O53642,2025-02-04,UPI,Refunded,7497.0
PAY73643,O53643,2025-12-05,Credit Card,Paid,1347.3
PAY73644,O53644,2025-10-18,Credit Card,Paid,748.5
PAY73645,O53645,2025-03-18,UPI,Paid,4748.1
PAY73646,O53646,2025-03-11,Credit Card,Paid,1169.1
PAY73647,O53647,2025-08-23,Debit Card,Paid,6747.3
PAY73648,O53648,2025-01-12,Cash on Delivery,Paid,399.2
PAY73649,O53649,2025-10-11,UPI,Paid,957.6
PAY73650,O53650,2025-11-02,Debit Card,Paid,399.2
PAY73651,O53651,2025-01-24,Debit Card,Paid,538.2
PAY73652,O53652,2025-10-03,Credit Card,Paid,998.0
PAY73653,O53653,2025-01-29,Cash on Delivery,Paid,899.1
PAY73654,O53654,2025-02-24,Debit Card,Paid,1358.3
PAY73655,O53655,2025-02-24,UPI,Paid,239.2
PAY73656,O53656,2025-08-22,Debit Card,Paid,279.3
PAY73657,O53657,2025-10-04,Cash on Delivery,Refunded,449.1
PAY73658,O53658,2025-05-01,Cash on Delivery,Paid,339.15
PAY73659,O53659,2025-08-13,Cash on Delivery,Paid,508.3
PAY73660,O53660,2025-02-27,UPI,Paid,1138.1
PAY73661,O53661,2025-09-13,Credit Card,Paid,1347.3
PAY73662,O53662,2025-06-26,Credit Card,Paid,1358.3
PAY73663,O53663,2025-02-25,Credit Card,Paid,1677.9
PAY73664,O53664,2025-05-28,UPI,Paid,718.2
PAY73665,O53665,2025-09-16,Net Banking,Paid,1398.6
PAY73666,O53666,2025-06-02,Debit Card,Paid,2037.45
PAY73667,O53667,2025-09-20,Debit Card,Paid,2374.05
PAY73668,O53668,2025-01-21,Credit Card,Paid,1899.05
PAY73669,O53669,2025-12-09,Credit Card,Paid,2499.0
PAY73670,O53670,2025-06-20,Net Banking,Paid,2338.2
PAY73671,O53671,2025-07-16,Credit Card,Paid,2397.0
PAY73672,O53672,2025-03-14,Debit Card,Paid,2338.2
PAY73673,O53673,2025-11-01,UPI,Failed,1119.3
PAY73674,O53674,2025-03-26,Credit Card,Paid,339.15
PAY73675,O53675,2025-10-13,UPI,Paid,799.2
PAY73676,O53676,2025-10-31,UPI,Paid,999.0
PAY73677,O53677,2025-05-12,Debit Card,Paid,1104.15
PAY73678,O53678,2025-05-02,UPI,Paid,1799.1
PAY73679,O53679,2025-08-06,Cash on Delivery,Paid,974.25
PAY73680,O53680,2025-05-16,Debit Card,Paid,1138.1
PAY73681,O53681,2025-04-26,Debit Card,Paid,1439.1
PAY73682,O53682,2025-03-04,UPI,Paid,848.3
PAY73683,O53683,2025-01-19,UPI,Refunded,848.3
PAY73684,O53684,2025-02-04,Credit Card,Paid,3117.6
PAY73685,O53685,2025-01-20,Cash on Delivery,Paid,1519.05
PAY73686,O53686,2025-07-28,UPI,Failed,899.1
PAY73687,O53687,2025-06-13,Credit Card,Paid,239.2
PAY73688,O53688,2025-10-27,UPI,Paid,1527.45
PAY73689,O53689,2025-01-12,Net Banking,Refunded,719.1
PAY73690,O53690,2025-04-05,Debit Card,Paid,4797.0
PAY73691,O53691,2025-04-19,UPI,Paid,1999.2
PAY73692,O53692,2025-04-17,Debit Card,Paid,838.6
PAY73693,O53693,2025-03-14,Cash on Delivery,Paid,3398.3
PAY73694,O53694,2025-03-25,Credit Card,Paid,598.5
PAY73695,O53695,2025-07-30,UPI,Paid,2718.3
PAY73696,O53696,2025-09-16,UPI,Paid,7122.15
PAY73697,O53697,2025-08-29,Cash on Delivery,Paid,1299.0
PAY73698,O53698,2025-10-30,Credit Card,Paid,3312.45
PAY73699,O53699,2025-08-22,UPI,Paid,848.3
PAY73700,O53700,2025-10-11,UPI,Paid,478.4
PAY73701,O53701,2025-07-26,Cash on Delivery,Paid,479.2
PAY73702,O53702,2025-09-23,Debit Card,Paid,418.6
PAY73703,O53703,2025-11-09,UPI,Paid,2549.15
PAY73704,O53704,2025-12-15,UPI,Paid,359.1
PAY73705,O53705,2025-07-05,Cash on Delivery,Paid,269.1
PAY73706,O53706,2025-04-26,Debit Card,Paid,339.15
PAY73707,O53707,2025-03-20,UPI,Refunded,599.25
PAY73708,O53708,2025-12-23,Debit Card,Paid,399.0
PAY73709,O53709,2025-12-08,Credit Card,Paid,2798.6
PAY73710,O53710,2025-10-28,Net Banking,Paid,3498.6
PAY73711,O53711,2025-02-20,UPI,Failed,508.3
PAY73712,O53712,2025-11-18,Credit Card,Paid,538.2
PAY73713,O53713,2025-04-05,UPI,Paid,758.1
PAY73714,O53714,2025-09-17,UPI,Paid,1798.2
PAY73715,O53715,2025-12-19,UPI,Paid,2499.0
PAY73716,O53716,2025-03-04,UPI,Paid,2718.3
PAY73717,O53717,2025-05-24,UPI,Failed,998.0
PAY73718,O53718,2025-11-26,Net Banking,Paid,2558.4
PAY73719,O53719,2025-08-10,Net Banking,Paid,899.1
PAY73720,O53720,2025-12-23,UPI,Paid,3702.15
PAY73721,O53721,2025-04-21,Debit Card,Paid,1018.3
PAY73722,O53722,2025-04-14,Debit Card,Paid,2099.3
PAY73723,O53723,2025-01-16,UPI,Paid,3198.4
PAY73724,O53724,2025-09-28,UPI,Paid,2208.3
PAY73725,O53725,2025-06-08,Credit Card,Paid,799.2
PAY73726,O53726,2025-06-07,UPI,Paid,1437.6
PAY73727,O53727,2025-01-28,Debit Card,Paid,4498.5
PAY73728,O53728,2025-03-26,Credit Card,Paid,5697.15
PAY73729,O53729,2025-01-09,UPI,Paid,599.25
PAY73730,O53730,2025-10-04,Debit Card,Paid,538.2
PAY73731,O53731,2025-08-17,UPI,Paid,1122.75
PAY73732,O53732,2025-07-07,UPI,Paid,1617.3
PAY73733,O53733,2025-03-20,Debit Card,Paid,4498.5
PAY73734,O53734,2025-08-04,Net Banking,Paid,4198.6
PAY73735,O53735,2025-02-28,UPI,Paid,4998.0
PAY73736,O53736,2025-05-25,UPI,Paid,699.3
PAY73737,O53737,2025-12-24,Net Banking,Paid,4998.0
PAY73738,O53738,2025-11-29,Cash on Delivery,Paid,284.05
PAY73739,O53739,2025-03-08,Cash on Delivery,Paid,269.1
PAY73740,O53740,2025-10-03,UPI,Paid,419.3
PAY73741,O53741,2025-04-17,UPI,Paid,1359.15
PAY73742,O53742,2025-07-08,Cash on Delivery,Paid,1698.3
PAY73743,O53743,2025-06-13,Credit Card,Paid,479.2
PAY73744,O53744,2025-09-26,UPI,Paid,419.3
PAY73745,O53745,2025-02-20,Credit Card,Paid,1278.4
PAY73746,O53746,2025-05-08,UPI,Paid,379.05
PAY73747,O53747,2025-03-22,UPI,Paid,718.2
PAY73748,O53748,2025-07-02,UPI,Paid,1797.0
PAY73749,O53749,2025-11-07,Cash on Delivery,Paid,1017.45
PAY73750,O53750,2025-01-19,Debit Card,Paid,2468.1
PAY73751,O53751,2025-06-19,Credit Card,Paid,474.05
PAY73752,O53752,2025-10-08,Credit Card,Paid,1347.75
PAY73753,O53753,2025-11-01,Debit Card,Paid,6747.3
PAY73754,O53754,2025-12-08,Cash on Delivery,Paid,2124.15
PAY73755,O53755,2025-08-02,UPI,Paid,4498.2
PAY73756,O53756,2025-07-18,Credit Card,Paid,499.0
PAY73757,O53757,2025-01-07,UPI,Paid,359.1
PAY73758,O53758,2025-01-11,Credit Card,Paid,1799.1
PAY73759,O53759,2025-01-12,Credit Card,Paid,3748.5
PAY73760,O53760,2025-04-20,UPI,Paid,719.1
PAY73761,O53761,2025-05-15,Credit Card,Paid,2249.1
PAY73762,O53762,2025-05-09,Debit Card,Paid,1278.4
PAY73763,O53763,2025-05-28,UPI,Paid,399.2
PAY73764,O53764,2025-02-24,UPI,Paid,399.2
PAY73765,O53765,2025-11-08,UPI,Paid,837.9
PAY73766,O53766,2025-03-21,Debit Card,Paid,1599.2
PAY73767,O53767,2025-12-14,Credit Card,Paid,2249.1
PAY73768,O53768,2025-04-07,Cash on Delivery,Paid,239.2
PAY73769,O53769,2025-09-06,UPI,Paid,2718.3
PAY73770,O53770,2025-05-08,UPI,Paid,359.1
PAY73771,O53771,2025-01-31,Credit Card,Paid,1798.2
PAY73772,O53772,2025-01-26,Credit Card,Refunded,758.1
PAY73773,O53773,2025-07-22,Credit Card,Paid,1599.0
PAY73774,O53774,2025-05-12,UPI,Paid,759.05
PAY73775,O53775,2025-05-02,UPI,Paid,399.0
PAY73776,O53776,2025-12-24,Net Banking,Paid,448.5
PAY73777,O53777,2025-11-23,UPI,Paid,374.25
PAY73778,O53778,2025-06-01,UPI,Paid,3398.3
PAY73779,O53779,2025-01-14,UPI,Paid,799.2
PAY73780,O53780,2025-11-01,Debit Card,Paid,569.05
PAY73781,O53781,2025-01-31,UPI,Paid,448.5
PAY73782,O53782,2025-02-20,UPI,Paid,1017.45
PAY73783,O53783,2025-08-30,UPI,Paid,399.0
PAY73784,O53784,2025-10-11,UPI,Failed,1299.0
PAY73785,O53785,2025-12-03,Net Banking,Paid,2338.2
PAY73786,O53786,2025-12-20,Net Banking,Paid,799.0
PAY73787,O53787,2025-06-07,Cash on Delivery,Paid,359.1
PAY73788,O53788,2025-05-17,UPI,Paid,2997.0
PAY73789,O53789,2025-11-23,UPI,Paid,3798.1
PAY73790,O53790,2025-12-04,UPI,Failed,2374.05
PAY73791,O53791,2025-06-04,UPI,Refunded,699.3
PAY73792,O53792,2025-03-23,Debit Card,Paid,948.1
PAY73793,O53793,2025-03-30,Cash on Delivery,Paid,949.05
PAY73794,O53794,2025-09-21,UPI,Paid,2208.3
PAY73795,O53795,2025-09-15,UPI,Paid,224.25
PAY73796,O53796,2025-07-04,UPI,Paid,4498.2
PAY73797,O53797,2025-06-29,Net Banking,Failed,598.5
PAY73798,O53798,2025-07-06,Credit Card,Paid,2157.3
PAY73799,O53799,2025-05-05,Cash on Delivery,Refunded,5697.15
PAY73800,O53800,2025-04-08,Debit Card,Paid,2699.1
PAY73801,O53801,2025-04-05,Debit Card,Paid,339.15
PAY73802,O53802,2025-01-04,UPI,Paid,1169.1
PAY73803,O53803,2025-01-02,Cash on Delivery,Paid,509.15
PAY73804,O53804,2025-11-01,Debit Card,Paid,3038.1
PAY73805,O53805,2025-12-24,Credit Card,Paid,1279.2
PAY73806,O53806,2025-05-29,Credit Card,Paid,2878.2
PAY73807,O53807,2025-10-14,UPI,Paid,1799.1
PAY73808,O53808,2025-05-27,UPI,Paid,4248.3
PAY73809,O53809,2025-11-27,UPI,Paid,254.15
PAY73810,O53810,2025-12-28,Cash on Delivery,Paid,1899.05
PAY73811,O53811,2025-09-20,Net Banking,Paid,957.6
PAY73812,O53812,2025-03-03,Net Banking,Paid,1599.2
PAY73813,O53813,2025-08-16,Debit Card,Paid,474.05
PAY73814,O53814,2025-02-01,Credit Card,Paid,279.3
PAY73815,O53815,2025-07-10,UPI,Paid,1272.45
PAY73816,O53816,2025-09-25,UPI,Refunded,2699.1
PAY73817,O53817,2025-01-13,Cash on Delivery,Paid,1519.05
PAY73818,O53818,2025-07-12,UPI,Refunded,254.15
PAY73819,O53819,2025-01-25,Debit Card,Paid,948.1
PAY73820,O53820,2025-04-02,Debit Card,Paid,1438.2
PAY73821,O53821,2025-03-31,Credit Card,Paid,1799.1
PAY73822,O53822,2025-11-30,Cash on Delivery,Paid,1999.2
PAY73823,O53823,2025-10-01,UPI,Paid,2849.05
PAY73824,O53824,2025-10-30,Net Banking,Paid,319.2
PAY73825,O53825,2025-04-21,Debit Card,Paid,899.1
PAY73826,O53826,2025-03-23,Cash on Delivery,Paid,1077.3
PAY73827,O53827,2025-11-21,Cash on Delivery,Paid,4798.4
PAY73828,O53828,2025-05-20,UPI,Paid,1104.15
PAY73829,O53829,2025-08-04,UPI,Paid,2697.3
PAY73830,O53830,2025-01-18,Net Banking,Paid,1798.2
PAY73831,O53831,2025-02-25,UPI,Paid,5397.3
PAY73832,O53832,2025-04-07,UPI,Paid,678.3
PAY73833,O53833,2025-10-11,Debit Card,Refunded,359.1
PAY73834,O53834,2025-08-22,Credit Card,Paid,798.4
PAY73835,O53835,2025-08-28,Debit Card,Paid,679.15
PAY73836,O53836,2025-12-01,Debit Card,Refunded,3998.0
PAY73837,O53837,2025-12-12,Debit Card,Paid,2338.2
PAY73838,O53838,2025-02-24,Debit Card,Paid,758.1
PAY73839,O53839,2025-03-28,Cash on Delivery,Failed,1077.3
PAY73840,O53840,2025-09-19,UPI,Paid,2124.15
PAY73841,O53841,2025-08-25,UPI,Paid,1359.15
PAY73842,O53842,2025-05-03,UPI,Paid,1279.2
PAY73843,O53843,2025-02-23,Cash on Delivery,Paid,2374.05
PAY73844,O53844,2025-08-05,UPI,Paid,1797.75
PAY73845,O53845,2025-07-16,Debit Card,Paid,2697.3
PAY73846,O53846,2025-02-10,Credit Card,Paid,449.1
PAY73847,O53847,2026-01-02,Cash on Delivery,Paid,678.3
PAY73848,O53848,2025-08-18,Cash on Delivery,Paid,1598.4
PAY73849,O53849,2025-08-27,Net Banking,Paid,2697.3
PAY73850,O53850,2025-05-13,UPI,Refunded,399.2
PAY73851,O53851,2025-11-27,UPI,Paid,374.25
PAY73852,O53852,2025-11-18,UPI,Paid,798.4
PAY73853,O53853,2025-06-17,UPI,Paid,4998.0
PAY73854,O53854,2025-02-07,UPI,Paid,3837.6
PAY73855,O53855,2025-03-09,UPI,Paid,319.2
PAY73856,O53856,2025-04-21,UPI,Refunded,339.15
PAY73857,O53857,2025-08-07,Debit Card,Paid,2078.4
PAY73858,O53858,2025-07-28,Net Banking,Paid,1749.3
PAY73859,O53859,2025-03-30,Credit Card,Paid,5397.3
PAY73860,O53860,2025-10-31,Cash on Delivery,Paid,1299.0
PAY73861,O53861,2025-06-29,UPI,Paid,2338.2
PAY73862,O53862,2025-01-14,UPI,Paid,1197.0
PAY73863,O53863,2025-10-27,UPI,Failed,718.2
PAY73864,O53864,2025-05-06,Cash on Delivery,Paid,679.15
PAY73865,O53865,2025-08-23,Credit Card,Paid,449.1
PAY73866,O53866,2025-09-09,Cash on Delivery,Paid,849.15
PAY73867,O53867,2025-05-07,UPI,Failed,4798.4
PAY73868,O53868,2025-08-23,Net Banking,Paid,1077.3
PAY73869,O53869,2025-05-20,UPI,Paid,449.25
PAY73870,O53870,2025-02-19,Debit Card,Paid,798.0
PAY73871,O53871,2025-07-05,Cash on Delivery,Paid,479.2
PAY73872,O53872,2025-07-26,Cash on Delivery,Paid,1278.4
PAY73873,O53873,2025-03-21,Net Banking,Paid,718.2
PAY73874,O53874,2025-07-13,UPI,Paid,3598.2
PAY73875,O53875,2025-04-13,Debit Card,Refunded,1077.3
PAY73876,O53876,2025-04-15,Net Banking,Paid,3837.6
PAY73877,O53877,2025-10-14,Credit Card,Paid,3998.4
PAY73878,O53878,2025-11-20,Debit Card,Paid,1347.3
PAY73879,O53879,2025-07-30,UPI,Paid,1359.15
PAY73880,O53880,2025-09-08,UPI,Paid,3198.0
PAY73881,O53881,2025-10-20,Debit Card,Paid,5398.2
PAY73882,O53882,2025-07-20,Credit Card,Paid,419.3
PAY73883,O53883,2025-01-26,UPI,Paid,3038.1
PAY73884,O53884,2025-10-29,UPI,Paid,974.25
PAY73885,O53885,2025-03-26,Debit Card,Paid,1917.6
PAY73886,O53886,2025-10-24,Debit Card,Paid,1047.9
PAY73887,O53887,2025-06-28,UPI,Paid,758.1
PAY73888,O53888,2025-10-26,Cash on Delivery,Paid,2847.15
PAY73889,O53889,2025-12-31,UPI,Paid,2499.0
PAY73890,O53890,2025-07-26,Debit Card,Paid,1039.2
PAY73891,O53891,2025-02-10,UPI,Failed,509.15
PAY73892,O53892,2025-10-31,Credit Card,Paid,758.1
PAY73893,O53893,2025-04-25,Credit Card,Paid,1598.4
PAY73894,O53894,2025-12-06,Credit Card,Paid,1439.1
PAY73895,O53895,2025-01-04,Net Banking,Paid,7497.0
PAY73896,O53896,2025-04-18,Net Banking,Refunded,449.1
PAY73897,O53897,2025-11-12,UPI,Paid,499.0
PAY73898,O53898,2025-04-26,Debit Card,Paid,1138.1
PAY73899,O53899,2025-06-18,Credit Card,Failed,1439.1
PAY73900,O53900,2025-09-19,Net Banking,Paid,374.25
PAY73901,O53901,2025-04-16,Debit Card,Paid,1599.2
PAY73902,O53902,2025-08-13,UPI,Paid,1438.2
PAY73903,O53903,2025-09-21,Debit Card,Paid,239.2
PAY73904,O53904,2025-09-10,Cash on Delivery,Paid,3312.45
PAY73905,O53905,2025-01-15,UPI,Paid,2249.1
PAY73906,O53906,2025-07-19,Credit Card,Paid,2078.4
PAY73907,O53907,2025-05-08,Debit Card,Paid,848.3
PAY73908,O53908,2025-07-25,UPI,Paid,5098.3
PAY73909,O53909,2025-05-20,Debit Card,Paid,339.15
PAY73910,O53910,2025-03-05,UPI,Paid,509.15
PAY73911,O53911,2025-10-12,Cash on Delivery,Paid,1439.1
PAY73912,O53912,2025-02-24,Net Banking,Paid,748.5
PAY73913,O53913,2025-12-13,Cash on Delivery,Paid,568.1
PAY73914,O53914,2025-01-14,Credit Card,Paid,1199.25
PAY73915,O53915,2025-05-16,UPI,Refunded,1798.2
PAY73916,O53916,2025-11-26,UPI,Paid,1299.0
PAY73917,O53917,2025-05-25,Credit Card,Refunded,339.15
PAY73918,O53918,2025-10-09,Cash on Delivery,Paid,1169.1
PAY73919,O53919,2025-05-16,Cash on Delivery,Paid,1598.4
PAY73920,O53920,2025-10-29,Credit Card,Paid,1169.1
PAY73921,O53921,2025-08-10,Debit Card,Paid,3398.3
PAY73922,O53922,2025-12-06,Cash on Delivery,Paid,1077.3
PAY73923,O53923,2025-07-29,Net Banking,Failed,1898.1
PAY73924,O53924,2025-12-27,Debit Card,Paid,2878.2
PAY73925,O53925,2025-05-04,Credit Card,Paid,1018.3
PAY73926,O53926,2025-04-28,Credit Card,Paid,3398.3
PAY73927,O53927,2025-06-08,Debit Card,Paid,5098.3
PAY73928,O53928,2025-09-29,Net Banking,Paid,1257.9
PAY73929,O53929,2025-01-18,UPI,Paid,1039.2
PAY73930,O53930,2025-09-27,Credit Card,Paid,2398.5
PAY73931,O53931,2025-12-16,Net Banking,Paid,999.0
PAY73932,O53932,2025-08-09,Debit Card,Paid,399.0
PAY73933,O53933,2025-11-16,Credit Card,Paid,1347.3
PAY73934,O53934,2025-08-26,UPI,Paid,399.0
PAY73935,O53935,2025-02-02,Debit Card,Paid,254.15
PAY73936,O53936,2025-10-13,Debit Card,Paid,1527.45
PAY73937,O53937,2025-02-08,Credit Card,Paid,1104.15
PAY73938,O53938,2025-04-14,Cash on Delivery,Paid,1197.6
PAY73939,O53939,2025-07-30,Debit Card,Paid,419.3
PAY73940,O53940,2025-10-09,Net Banking,Paid,748.5
PAY73941,O53941,2025-05-23,UPI,Paid,1598.0
PAY73942,O53942,2025-08-28,Debit Card,Paid,1798.2
PAY73943,O53943,2025-08-19,Debit Card,Paid,758.1
PAY73944,O53944,2025-05-15,UPI,Paid,2468.1
PAY73945,O53945,2025-05-05,UPI,Paid,4248.3
PAY73946,O53946,2025-02-23,UPI,Paid,678.3
PAY73947,O53947,2025-03-29,Credit Card,Paid,474.05
PAY73948,O53948,2025-04-08,UPI,Paid,1917.6
PAY73949,O53949,2025-04-07,Debit Card,Paid,1999.2
PAY73950,O53950,2025-07-08,UPI,Paid,2598.0
PAY73951,O53951,2025-09-13,Net Banking,Paid,539.1
PAY73952,O53952,2025-03-14,Debit Card,Paid,748.5
PAY73953,O53953,2025-12-30,UPI,Paid,2037.45
PAY73954,O53954,2025-10-10,UPI,Paid,2699.1
PAY73955,O53955,2025-01-19,Cash on Delivery,Paid,569.05
PAY73956,O53956,2025-06-13,Cash on Delivery,Paid,948.1
PAY73957,O53957,2025-05-28,Credit Card,Refunded,999.0
PAY73958,O53958,2025-11-11,Debit Card,Paid,1999.2
PAY73959,O53959,2025-09-11,Cash on Delivery,Paid,1299.0
PAY73960,O53960,2025-06-09,Cash on Delivery,Paid,4317.3
PAY73961,O53961,2025-12-16,UPI,Paid,1299.0
PAY73962,O53962,2025-02-19,Credit Card,Paid,1598.4
PAY73963,O53963,2025-06-26,Debit Card,Paid,999.0
PAY73964,O53964,2025-11-24,UPI,Paid,2338.2
PAY73965,O53965,2025-03-06,Net Banking,Paid,4248.3
PAY73966,O53966,2025-10-17,Credit Card,Paid,2249.1
PAY73967,O53967,2025-02-20,Credit Card,Paid,898.2
PAY73968,O53968,2025-01-06,UPI,Paid,899.1
PAY73969,O53969,2025-04-29,UPI,Paid,1437.6
PAY73970,O53970,2025-12-07,UPI,Paid,1818.6
PAY73971,O53971,2025-06-15,Cash on Delivery,Paid,449.1
PAY73972,O53972,2025-08-11,Credit Card,Paid,2999.0
PAY73973,O53973,2025-12-25,UPI,Paid,1998.0
PAY73974,O53974,2025-06-07,UPI,Paid,1278.4
PAY73975,O53975,2025-09-19,Credit Card,Paid,1699.15
PAY73976,O53976,2025-06-23,Debit Card,Paid,479.2
PAY73977,O53977,2025-01-25,Net Banking,Paid,399.2
PAY73978,O53978,2025-03-02,Cash on Delivery,Refunded,4498.5
PAY73979,O53979,2025-12-24,Debit Card,Paid,5622.75
PAY73980,O53980,2025-11-19,Credit Card,Paid,1279.2
PAY73981,O53981,2025-05-15,Credit Card,Paid,848.3
PAY73982,O53982,2025-01-26,Credit Card,Paid,6747.3
PAY73983,O53983,2025-10-21,Credit Card,Paid,1272.45
PAY73984,O53984,2025-02-15,Debit Card,Failed,2718.3
PAY73985,O53985,2025-06-30,Credit Card,Refunded,848.3
PAY73986,O53986,2025-12-24,UPI,Paid,474.05
PAY73987,O53987,2025-12-26,Credit Card,Paid,1699.15
PAY73988,O53988,2025-03-06,UPI,Paid,718.2
PAY73989,O53989,2025-01-29,UPI,Paid,1359.15
PAY73990,O53990,2025-12-24,Credit Card,Paid,4748.1
PAY73991,O53991,2026-01-02,Credit Card,Paid,4317.3
PAY73992,O53992,2025-04-06,UPI,Refunded,569.05
PAY73993,O53993,2025-09-25,UPI,Paid,299.25
PAY73994,O53994,2025-10-18,UPI,Paid,678.3
PAY73995,O53995,2025-02-25,UPI,Paid,379.05
PAY73996,O53996,2025-06-04,Cash on Delivery,Paid,1299.0
PAY73997,O53997,2025-08-07,Net Banking,Paid,848.3
PAY73998,O53998,2025-06-22,Net Banking,Refunded,1518.1
PAY73999,O53999,2025-04-07,Credit Card,Paid,699.3
PAY74000,O54000,2025-05-05,Cash on Delivery,Paid,2547.45
PAY74001,O54001,2025-01-14,Debit Card,Paid,8097.3
PAY74002,O54002,2025-01-05,UPI,Paid,5098.3
PAY74003,O54003,2025-12-29,Debit Card,Paid,449.1
PAY74004,O54004,2025-12-13,Credit Card,Paid,5997.6
PAY74005,O54005,2025-03-08,Credit Card,Paid,449.1
PAY74006,O54006,2025-05-25,Net Banking,Failed,1399.3
PAY74007,O54007,2025-03-07,Credit Card,Paid,849.15
PAY74008,O54008,2025-03-25,Debit Card,Refunded,638.4
PAY74009,O54009,2025-04-15,UPI,Paid,2598.0
PAY74010,O54010,2025-07-01,Cash on Delivery,Paid,269.1
PAY74011,O54011,2025-12-06,UPI,Paid,1039.2
PAY74012,O54012,2025-04-15,Cash on Delivery,Paid,254.15
PAY74013,O54013,2025-08-15,Debit Card,Paid,284.05
PAY74014,O54014,2025-01-30,Credit Card,Paid,899.1
PAY74015,O54015,2025-01-18,UPI,Failed,379.05
PAY74016,O54016,2025-10-04,Credit Card,Paid,762.45
PAY74017,O54017,2025-12-01,Net Banking,Failed,538.2
PAY74018,O54018,2025-10-27,UPI,Paid,1347.3
PAY74019,O54019,2025-02-24,UPI,Paid,474.05
PAY74020,O54020,2025-10-16,UPI,Paid,1439.1
PAY74021,O54021,2025-04-25,Credit Card,Paid,759.05
PAY74022,O54022,2025-02-09,Credit Card,Paid,5247.9
PAY74023,O54023,2025-08-20,Debit Card,Paid,3798.1
PAY74024,O54024,2025-06-16,Cash on Delivery,Paid,1948.5
PAY74025,O54025,2025-07-03,Cash on Delivery,Failed,719.1
PAY74026,O54026,2025-07-25,Cash on Delivery,Paid,718.2
PAY74027,O54027,2025-09-02,Debit Card,Paid,1519.05
PAY74028,O54028,2025-12-25,UPI,Refunded,254.15
PAY74029,O54029,2025-12-01,Credit Card,Paid,762.45
PAY74030,O54030,2025-11-07,UPI,Paid,1798.2
PAY74031,O54031,2025-05-03,UPI,Paid,4797.0
PAY74032,O54032,2025-09-18,Credit Card,Paid,1948.5
PAY74033,O54033,2025-07-29,Cash on Delivery,Paid,559.3
PAY74034,O54034,2025-11-07,Debit Card,Paid,719.1
PAY74035,O54035,2025-10-23,Cash on Delivery,Paid,509.15
PAY74036,O54036,2025-07-14,UPI,Paid,899.1
PAY74037,O54037,2025-03-11,Credit Card,Paid,1617.3
PAY74038,O54038,2025-04-25,Net Banking,Paid,2999.0
PAY74039,O54039,2025-08-09,Credit Card,Paid,1169.1
PAY74040,O54040,2025-08-09,UPI,Paid,1278.4
PAY74041,O54041,2025-08-07,Net Banking,Paid,999.0
PAY74042,O54042,2025-08-25,Credit Card,Paid,1017.45
PAY74043,O54043,2025-10-27,Cash on Delivery,Paid,1948.5
PAY74044,O54044,2025-04-06,UPI,Paid,284.05
PAY74045,O54045,2025-09-11,Cash on Delivery,Paid,2374.05
PAY74046,O54046,2025-12-25,UPI,Paid,1039.2
PAY74047,O54047,2025-08-03,UPI,Paid,1137.15
PAY74048,O54048,2025-09-16,Credit Card,Paid,1899.05
PAY74049,O54049,2025-12-15,Credit Card,Paid,3507.3
PAY74050,O54050,2025-08-30,Credit Card,Paid,5398.2
PAY74051,O54051,2025-11-12,Cash on Delivery,Paid,1499.25
PAY74052,O54052,2025-08-02,Net Banking,Paid,2718.3
PAY74053,O54053,2025-04-09,UPI,Paid,359.1
PAY74054,O54054,2025-01-17,Credit Card,Paid,1359.15
PAY74055,O54055,2025-06-05,Credit Card,Paid,2798.6
PAY74056,O54056,2025-01-18,UPI,Paid,2999.0
PAY74057,O54057,2025-07-18,Debit Card,Paid,3038.1
PAY74058,O54058,2025-04-19,UPI,Paid,909.3
PAY74059,O54059,2025-01-25,Cash on Delivery,Paid,1118.6
PAY74060,O54060,2025-02-12,Credit Card,Paid,5698.1
PAY74061,O54061,2025-02-06,Debit Card,Paid,599.0
PAY74062,O54062,2025-11-25,Net Banking,Paid,269.1
PAY74063,O54063,2025-06-14,UPI,Paid,599.0
PAY74064,O54064,2025-04-27,Credit Card,Paid,678.3
PAY74065,O54065,2025-05-31,UPI,Paid,7497.0
PAY74066,O54066,2025-01-07,Credit Card,Paid,4797.0
PAY74067,O54067,2025-02-03,Credit Card,Paid,1699.15
PAY74068,O54068,2025-05-27,UPI,Paid,837.9
PAY74069,O54069,2025-10-23,Credit Card,Paid,1078.2
PAY74070,O54070,2025-10-22,Credit Card,Paid,2249.1
PAY74071,O54071,2025-06-28,Credit Card,Paid,909.3
PAY74072,O54072,2025-06-28,Cash on Delivery,Paid,424.15
PAY74073,O54073,2025-03-03,Credit Card,Paid,2249.1
PAY74074,O54074,2025-03-18,Credit Card,Paid,1617.3
PAY74075,O54075,2025-03-29,Credit Card,Paid,2374.05
PAY74076,O54076,2025-07-12,Debit Card,Paid,2208.3
PAY74077,O54077,2025-01-08,UPI,Paid,807.3
PAY74078,O54078,2025-03-28,Net Banking,Paid,898.2
PAY74079,O54079,2025-09-20,UPI,Paid,1234.05
PAY74080,O54080,2025-09-18,UPI,Paid,4498.2
PAY74081,O54081,2025-02-16,Credit Card,Paid,424.15
PAY74082,O54082,2025-12-09,UPI,Paid,999.0
PAY74083,O54083,2025-04-06,UPI,Paid,379.05
PAY74084,O54084,2025-08-13,UPI,Paid,1498.5
PAY74085,O54085,2025-10-08,Cash on Delivery,Paid,1104.15
PAY74086,O54086,2025-01-04,UPI,Paid,1198.0
PAY74087,O54087,2025-05-09,UPI,Paid,638.4
PAY74088,O54088,2025-11-21,Debit Card,Paid,598.0
PAY74089,O54089,2025-09-07,Cash on Delivery,Paid,799.2
PAY74090,O54090,2025-08-17,Debit Card,Paid,2078.4
PAY74091,O54091,2025-11-23,Cash on Delivery,Paid,424.15
PAY74092,O54092,2025-05-12,Net Banking,Paid,639.2
PAY74093,O54093,2025-08-17,Credit Card,Paid,1198.0
PAY74094,O54094,2025-06-28,UPI,Paid,957.6
PAY74095,O54095,2025-11-19,Debit Card,Paid,799.0
PAY74096,O54096,2025-11-07,Credit Card,Refunded,538.2
PAY74097,O54097,2025-02-01,UPI,Paid,1498.5
PAY74098,O54098,2025-03-07,Cash on Delivery,Paid,3312.45
PAY74099,O54099,2025-07-26,Credit Card,Paid,1818.6
PAY74100,O54100,2025-04-13,Cash on Delivery,Paid,1999.0
PAY74101,O54101,2025-11-17,Debit Card,Paid,848.3
PAY74102,O54102,2025-02-02,UPI,Paid,399.0
PAY74103,O54103,2025-07-11,Cash on Delivery,Paid,424.15
PAY74104,O54104,2025-03-09,Net Banking,Paid,598.0
PAY74105,O54105,2025-10-30,Credit Card,Paid,2849.05
PAY74106,O54106,2025-08-24,Net Banking,Paid,1518.1
PAY74107,O54107,2025-10-06,UPI,Paid,1279.2
PAY74108,O54108,2025-07-22,Debit Card,Paid,949.05
PAY74109,O54109,2025-12-18,UPI,Paid,1999.2
PAY74110,O54110,2025-08-14,Cash on Delivery,Paid,2598.0
PAY74111,O54111,2025-03-25,Debit Card,Paid,1198.0
PAY74112,O54112,2025-02-15,UPI,Paid,5397.3
PAY74113,O54113,2025-03-31,UPI,Paid,558.6
PAY74114,O54114,2025-07-06,Credit Card,Paid,1299.0
PAY74115,O54115,2025-07-09,Debit Card,Refunded,3198.0
PAY74116,O54116,2025-09-04,UPI,Paid,399.2
PAY74117,O54117,2025-02-15,Cash on Delivery,Paid,538.2
PAY74118,O54118,2025-09-15,Cash on Delivery,Paid,2399.2
PAY74119,O54119,2025-12-19,Credit Card,Paid,1138.1
PAY74120,O54120,2025-03-02,UPI,Refunded,1799.1
PAY74121,O54121,2025-04-17,Cash on Delivery,Paid,474.05
PAY74122,O54122,2025-12-05,Net Banking,Refunded,269.1
PAY74123,O54123,2025-01-14,UPI,Paid,3198.4
PAY74124,O54124,2025-10-28,Credit Card,Paid,1279.2
PAY74125,O54125,2025-03-20,Cash on Delivery,Refunded,2549.15
PAY74126,O54126,2025-08-19,Credit Card,Paid,599.25
PAY74127,O54127,2025-06-18,Cash on Delivery,Paid,948.1
PAY74128,O54128,2025-03-08,Cash on Delivery,Paid,568.1
PAY74129,O54129,2025-02-01,Credit Card,Paid,679.15
PAY74130,O54130,2025-04-06,Cash on Delivery,Paid,2718.3
PAY74131,O54131,2025-02-27,UPI,Failed,4797.0
PAY74132,O54132,2025-04-16,UPI,Paid,1527.45
PAY74133,O54133,2025-11-08,UPI,Paid,807.3
PAY74134,O54134,2025-05-16,Credit Card,Paid,1917.6
PAY74135,O54135,2025-08-06,UPI,Paid,958.4
PAY74136,O54136,2025-03-09,UPI,Failed,2124.15
PAY74137,O54137,2025-06-28,UPI,Paid,299.0
PAY74138,O54138,2025-09-04,Credit Card,Paid,508.3
PAY74139,O54139,2025-10-22,Net Banking,Paid,717.6
PAY74140,O54140,2025-08-23,Credit Card,Paid,2849.05
PAY74141,O54141,2025-05-13,Net Banking,Paid,449.1
PAY74142,O54142,2025-04-22,UPI,Paid,558.6
PAY74143,O54143,2025-02-24,Credit Card,Paid,1438.2
PAY74144,O54144,2025-10-17,UPI,Paid,1519.05
PAY74145,O54145,2025-08-27,UPI,Paid,1519.05
PAY74146,O54146,2025-08-30,Debit Card,Paid,339.15
PAY74147,O54147,2025-10-22,Credit Card,Paid,1198.5
PAY74148,O54148,2025-04-23,UPI,Paid,254.15
PAY74149,O54149,2025-03-29,UPI,Paid,2249.1
PAY74150,O54150,2025-08-16,UPI,Paid,849.15
PAY74151,O54151,2025-11-01,Net Banking,Paid,509.15
PAY74152,O54152,2025-11-01,UPI,Refunded,2718.3
PAY74153,O54153,2025-10-19,Debit Card,Paid,2847.15
PAY74154,O54154,2025-07-28,UPI,Refunded,1698.3
PAY74155,O54155,2025-12-23,Cash on Delivery,Paid,539.1
PAY74156,O54156,2025-10-01,Credit Card,Paid,399.0
PAY74157,O54157,2025-03-13,UPI,Paid,5098.3
PAY74158,O54158,2025-08-10,Debit Card,Paid,209.3
PAY74159,O54159,2025-08-20,Credit Card,Refunded,2697.3
PAY74160,O54160,2025-10-18,Cash on Delivery,Paid,1398.6
PAY74161,O54161,2025-11-03,Debit Card,Refunded,1599.0
PAY74162,O54162,2025-12-28,Debit Card,Paid,1039.2
PAY74163,O54163,2025-12-17,Net Banking,Paid,998.0
PAY74164,O54164,2025-09-12,Credit Card,Paid,3598.2
PAY74165,O54165,2025-05-22,Net Banking,Paid,2718.3
PAY74166,O54166,2025-03-12,UPI,Paid,679.15
PAY74167,O54167,2025-04-01,Net Banking,Paid,479.2
PAY74168,O54168,2025-12-26,Debit Card,Paid,254.15
PAY74169,O54169,2025-05-18,Credit Card,Paid,2547.45
PAY74170,O54170,2025-05-23,UPI,Paid,1199.25
PAY74171,O54171,2025-12-05,UPI,Paid,269.1
PAY74172,O54172,2025-07-08,Debit Card,Paid,284.05
PAY74173,O54173,2025-01-12,Credit Card,Paid,474.05
PAY74174,O54174,2025-05-28,UPI,Paid,359.1
PAY74175,O54175,2025-10-20,UPI,Paid,3117.6
PAY74176,O54176,2025-12-06,Credit Card,Refunded,798.0
PAY74177,O54177,2025-02-08,UPI,Paid,998.0
PAY74178,O54178,2025-12-11,Cash on Delivery,Paid,2598.0
PAY74179,O54179,2025-07-29,UPI,Paid,762.45
PAY74180,O54180,2025-07-29,UPI,Paid,1234.05
PAY74181,O54181,2025-01-01,UPI,Paid,1137.15
PAY74182,O54182,2025-12-28,UPI,Paid,678.3
PAY74183,O54183,2025-03-07,Net Banking,Failed,319.2
PAY74184,O54184,2025-01-03,UPI,Paid,1438.2
PAY74185,O54185,2025-08-31,UPI,Paid,1018.3
PAY74186,O54186,2025-11-12,Cash on Delivery,Refunded,1599.0
PAY74187,O54187,2025-01-25,UPI,Paid,1199.25
PAY74188,O54188,2025-12-15,UPI,Paid,1799.1
PAY74189,O54189,2025-02-21,UPI,Refunded,1677.9
PAY74190,O54190,2025-12-16,Credit Card,Refunded,3498.6
PAY74191,O54191,2025-08-31,Net Banking,Paid,1279.2
PAY74192,O54192,2025-02-02,Cash on Delivery,Paid,998.0
PAY74193,O54193,2025-02-02,Net Banking,Paid,3398.3
PAY74194,O54194,2025-07-20,Debit Card,Paid,799.0
PAY74195,O54195,2025-08-22,Cash on Delivery,Paid,898.5
PAY74196,O54196,2025-01-26,Net Banking,Paid,4798.4
PAY74197,O54197,2025-02-12,UPI,Paid,909.3
PAY74198,O54198,2025-03-04,Credit Card,Paid,1699.15
PAY74199,O54199,2025-02-10,Credit Card,Paid,678.3
PAY74200,O54200,2025-05-12,UPI,Paid,848.3
PAY74201,O54201,2025-12-22,UPI,Paid,3598.2
PAY74202,O54202,2025-12-20,Debit Card,Paid,2878.2
PAY74203,O54203,2025-07-19,UPI,Paid,5097.45
PAY74204,O54204,2025-10-15,Debit Card,Paid,374.25
PAY74205,O54205,2025-05-31,UPI,Paid,1104.15
PAY74206,O54206,2025-07-24,Credit Card,Paid,1874.25
PAY74207,O54207,2025-07-03,UPI,Paid,749.25
PAY74208,O54208,2025-07-26,Credit Card,Paid,5097.45
PAY74209,O54209,2025-05-27,Debit Card,Paid,2699.1
PAY74210,O54210,2025-07-23,Cash on Delivery,Refunded,848.3
PAY74211,O54211,2025-02-18,Credit Card,Paid,1439.1
PAY74212,O54212,2025-09-16,Debit Card,Paid,999.0
PAY74213,O54213,2025-05-20,Cash on Delivery,Paid,1799.1
PAY74214,O54214,2025-06-22,UPI,Paid,838.6
PAY74215,O54215,2025-04-13,UPI,Paid,599.0
PAY74216,O54216,2025-07-07,UPI,Paid,399.2
PAY74217,O54217,2025-11-12,UPI,Paid,638.4
PAY74218,O54218,2025-10-22,Cash on Delivery,Paid,339.15
PAY74219,O54219,2025-12-31,Credit Card,Paid,509.15
PAY74220,O54220,2025-01-23,Credit Card,Paid,319.2
PAY74221,O54221,2025-10-25,Credit Card,Paid,2338.2
PAY74222,O54222,2025-01-11,Cash on Delivery,Paid,399.0
PAY74223,O54223,2025-07-06,UPI,Paid,3498.6
PAY74224,O54224,2025-05-13,Credit Card,Paid,718.2
PAY74225,O54225,2025-02-04,UPI,Paid,3398.3
PAY74226,O54226,2025-03-12,Net Banking,Paid,849.15
PAY74227,O54227,2025-03-21,Net Banking,Paid,2997.0
PAY74228,O54228,2025-07-10,Cash on Delivery,Paid,909.3
PAY74229,O54229,2025-04-12,Credit Card,Paid,3998.4
PAY74230,O54230,2025-10-14,UPI,Paid,3897.0
PAY74231,O54231,2025-08-11,Cash on Delivery,Paid,4198.6
PAY74232,O54232,2025-02-22,Cash on Delivery,Paid,798.4
PAY74233,O54233,2025-06-11,UPI,Paid,1104.15
PAY74234,O54234,2025-02-11,UPI,Paid,2124.15
PAY74235,O54235,2025-02-16,UPI,Paid,2598.0
PAY74236,O54236,2025-06-10,Credit Card,Paid,424.15
PAY74237,O54237,2025-07-04,Net Banking,Paid,399.0
PAY74238,O54238,2025-09-05,UPI,Paid,339.15
PAY74239,O54239,2025-01-11,Debit Card,Paid,6372.45
PAY74240,O54240,2025-06-03,UPI,Refunded,1199.25
PAY74241,O54241,2025-08-09,UPI,Refunded,1999.2
PAY74242,O54242,2025-06-04,UPI,Paid,379.05
PAY74243,O54243,2025-12-06,Credit Card,Paid,1797.75
PAY74244,O54244,2026-01-02,Cash on Delivery,Paid,1359.15
PAY74245,O54245,2025-10-11,Debit Card,Paid,1018.3
PAY74246,O54246,2025-07-06,Debit Card,Paid,568.1
PAY74247,O54247,2025-03-03,UPI,Paid,1499.25
PAY74248,O54248,2025-05-29,UPI,Paid,749.25
PAY74249,O54249,2025-05-26,UPI,Paid,798.4
PAY74250,O54250,2025-04-14,UPI,Paid,2398.5
PAY74251,O54251,2025-10-27,Credit Card,Paid,3598.2
PAY74252,O54252,2025-04-05,Credit Card,Paid,1199.25
PAY74253,O54253,2025-10-14,UPI,Paid,1104.15
PAY74254,O54254,2025-04-30,UPI,Paid,474.05
PAY74255,O54255,2025-01-30,UPI,Paid,254.15
PAY74256,O54256,2025-01-30,Cash on Delivery,Paid,424.15
PAY74257,O54257,2025-12-26,Credit Card,Paid,1798.2
PAY74258,O54258,2025-10-15,Credit Card,Paid,999.0
PAY74259,O54259,2025-05-20,Debit Card,Paid,474.05
PAY74260,O54260,2025-02-22,UPI,Paid,359.1
PAY74261,O54261,2025-10-21,Debit Card,Paid,1519.05
PAY74262,O54262,2025-08-22,Cash on Delivery,Refunded,948.1
PAY74263,O54263,2025-02-26,Credit Card,Paid,1078.2
PAY74264,O54264,2025-10-21,Credit Card,Paid,349.3
PAY74265,O54265,2025-08-29,Credit Card,Paid,399.2
PAY74266,O54266,2025-11-08,Debit Card,Paid,718.2
PAY74267,O54267,2025-02-06,Net Banking,Paid,699.3
PAY74268,O54268,2025-03-30,Credit Card,Paid,508.3
PAY74269,O54269,2025-07-31,UPI,Paid,359.1
PAY74270,O54270,2025-11-16,Debit Card,Failed,269.1
PAY74271,O54271,2026-01-01,Cash on Delivery,Paid,1799.1
PAY74272,O54272,2025-09-03,Net Banking,Paid,948.1
PAY74273,O54273,2025-03-30,Debit Card,Paid,1798.2
PAY74274,O54274,2025-08-29,UPI,Refunded,424.15
PAY74275,O54275,2025-11-17,Debit Card,Paid,848.3
PAY74276,O54276,2025-07-07,UPI,Paid,2078.4
PAY74277,O54277,2025-02-27,Credit Card,Paid,449.1
PAY74278,O54278,2025-04-24,UPI,Paid,399.2
PAY74279,O54279,2025-08-11,Cash on Delivery,Failed,509.15
PAY74280,O54280,2025-03-13,UPI,Refunded,349.3
PAY74281,O54281,2025-08-15,Net Banking,Paid,449.1
PAY74282,O54282,2025-09-15,UPI,Paid,1874.25
PAY74283,O54283,2025-07-01,Debit Card,Refunded,399.2
PAY74284,O54284,2025-07-03,UPI,Paid,849.15
PAY74285,O54285,2025-07-10,Cash on Delivery,Paid,848.3
PAY74286,O54286,2025-08-22,Debit Card,Paid,399.0
PAY74287,O54287,2025-10-03,UPI,Paid,698.6
PAY74288,O54288,2025-08-21,UPI,Paid,5998.0
PAY74289,O54289,2025-02-24,Debit Card,Paid,339.15
PAY74290,O54290,2025-09-14,UPI,Paid,719.1
PAY74291,O54291,2025-03-31,UPI,Paid,4498.2
PAY74292,O54292,2025-08-15,Debit Card,Paid,1358.3
PAY74293,O54293,2025-09-06,Debit Card,Paid,1948.5
PAY74294,O54294,2025-06-02,UPI,Paid,898.2
PAY74295,O54295,2025-04-23,Credit Card,Paid,558.6
PAY74296,O54296,2025-09-26,Debit Card,Paid,848.3
PAY74297,O54297,2025-06-08,Cash on Delivery,Paid,284.05
PAY74298,O54298,2025-12-13,Net Banking,Paid,2849.05
PAY74299,O54299,2025-12-19,Credit Card,Paid,239.2
PAY74300,O54300,2025-10-28,Net Banking,Paid,999.0
PAY74301,O54301,2025-06-09,Credit Card,Paid,1699.15
PAY74302,O54302,2025-11-27,UPI,Paid,3198.0
PAY74303,O54303,2025-08-13,UPI,Paid,3598.2
PAY74304,O54304,2025-01-14,Net Banking,Paid,239.2
PAY74305,O54305,2025-12-23,Cash on Delivery,Paid,1438.2
PAY74306,O54306,2025-04-19,Cash on Delivery,Paid,2374.05
PAY74307,O54307,2025-04-07,Debit Card,Paid,1137.15
PAY74308,O54308,2025-07-16,Credit Card,Paid,1799.1
PAY74309,O54309,2025-03-01,UPI,Paid,998.0
PAY74310,O54310,2025-12-18,UPI,Paid,5097.45
PAY74311,O54311,2025-10-23,Credit Card,Paid,339.15
PAY74312,O54312,2025-06-05,Debit Card,Paid,1198.0
PAY74313,O54313,2025-03-07,UPI,Paid,539.1
PAY74314,O54314,2025-06-08,Debit Card,Paid,359.1
PAY74315,O54315,2025-09-24,Credit Card,Paid,1439.1
PAY74316,O54316,2025-05-02,Cash on Delivery,Paid,2718.3
PAY74317,O54317,2025-10-17,UPI,Paid,4317.3
PAY74318,O54318,2025-01-11,Credit Card,Paid,1799.1
PAY74319,O54319,2025-08-02,Credit Card,Paid,319.2
PAY74320,O54320,2025-06-13,UPI,Paid,379.05
PAY74321,O54321,2025-04-15,UPI,Paid,6372.45
PAY74322,O54322,2025-05-28,UPI,Paid,3398.3
PAY74323,O54323,2025-07-03,Credit Card,Paid,1799.1
PAY74324,O54324,2025-12-05,Credit Card,Paid,639.2
PAY74325,O54325,2025-02-08,Cash on Delivery,Paid,509.15
PAY74326,O54326,2025-03-24,Net Banking,Paid,1527.45
PAY74327,O54327,2025-01-12,UPI,Paid,849.15
PAY74328,O54328,2025-01-05,Cash on Delivery,Paid,3998.4
PAY74329,O54329,2025-02-13,Cash on Delivery,Paid,2097.9
PAY74330,O54330,2025-02-20,Debit Card,Paid,254.15
PAY74331,O54331,2025-09-18,UPI,Paid,1499.25
PAY74332,O54332,2025-05-16,UPI,Paid,8997.0
PAY74333,O54333,2025-03-30,Net Banking,Paid,1358.3
PAY74334,O54334,2025-12-29,Credit Card,Paid,3038.1
PAY74335,O54335,2025-02-27,UPI,Failed,599.0
PAY74336,O54336,2025-08-06,Credit Card,Paid,2124.15
PAY74337,O54337,2025-03-11,UPI,Paid,4798.4
PAY74338,O54338,2025-12-18,Cash on Delivery,Paid,718.2
PAY74339,O54339,2025-02-13,Cash on Delivery,Paid,4248.3
PAY74340,O54340,2025-05-23,Credit Card,Paid,509.15
PAY74341,O54341,2025-12-12,UPI,Paid,719.1
PAY74342,O54342,2025-02-12,UPI,Paid,719.1
PAY74343,O54343,2025-05-19,UPI,Paid,2157.3
PAY74344,O54344,2025-03-14,UPI,Paid,718.2
PAY74345,O54345,2025-09-24,Net Banking,Paid,849.15
PAY74346,O54346,2025-07-13,UPI,Paid,3198.0
PAY74347,O54347,2025-06-06,Credit Card,Paid,4998.0
PAY74348,O54348,2025-09-04,UPI,Paid,1698.3
PAY74349,O54349,2025-11-11,UPI,Paid,2718.3
PAY74350,O54350,2025-08-08,UPI,Paid,538.2
PAY74351,O54351,2025-09-12,Credit Card,Paid,2468.1
PAY74352,O54352,2025-10-05,UPI,Paid,1439.1
PAY74353,O54353,2025-10-05,Cash on Delivery,Paid,1039.2
PAY74354,O54354,2025-03-15,Credit Card,Paid,598.5
PAY74355,O54355,2025-05-09,Credit Card,Paid,1599.2
PAY74356,O54356,2025-12-25,Cash on Delivery,Paid,5998.0
PAY74357,O54357,2025-07-07,Debit Card,Refunded,848.3
PAY74358,O54358,2025-01-13,Credit Card,Paid,1422.15
PAY74359,O54359,2025-11-25,UPI,Paid,1439.1
PAY74360,O54360,2025-08-10,Net Banking,Paid,1138.1
PAY74361,O54361,2025-01-07,Debit Card,Paid,399.2
PAY74362,O54362,2025-08-28,UPI,Paid,2037.45
PAY74363,O54363,2025-04-22,UPI,Paid,679.15
PAY74364,O54364,2025-08-18,Credit Card,Paid,2124.15
PAY74365,O54365,2025-01-17,UPI,Paid,4557.15
PAY74366,O54366,2025-03-14,Debit Card,Paid,1169.1
PAY74367,O54367,2025-01-12,UPI,Paid,508.3
PAY74368,O54368,2025-03-29,Credit Card,Paid,849.15
PAY74369,O54369,2025-06-30,UPI,Paid,639.2
PAY74370,O54370,2025-05-02,Credit Card,Refunded,1438.2
PAY74371,O54371,2025-07-24,UPI,Paid,478.4
PAY74372,O54372,2025-03-12,Credit Card,Paid,5397.3
PAY74373,O54373,2025-04-20,Cash on Delivery,Paid,849.15
PAY74374,O54374,2025-07-21,Net Banking,Paid,539.1
PAY74375,O54375,2025-02-22,UPI,Paid,374.25
PAY74376,O54376,2025-02-06,Credit Card,Paid,949.05
PAY74377,O54377,2025-04-29,Credit Card,Paid,2124.15
PAY74378,O54378,2025-09-18,Cash on Delivery,Paid,1698.3
PAY74379,O54379,2025-09-21,Net Banking,Paid,1899.05
PAY74380,O54380,2025-10-30,UPI,Paid,999.0
PAY74381,O54381,2025-03-06,UPI,Paid,319.2
PAY74382,O54382,2025-02-12,Debit Card,Paid,948.1
PAY74383,O54383,2025-02-14,UPI,Paid,474.05
PAY74384,O54384,2025-05-07,Cash on Delivery,Refunded,419.3
PAY74385,O54385,2025-09-28,Cash on Delivery,Paid,319.2
PAY74386,O54386,2025-12-13,Net Banking,Paid,1234.05
PAY74387,O54387,2025-08-23,UPI,Paid,5097.45
PAY74388,O54388,2025-05-12,Credit Card,Paid,678.3
PAY74389,O54389,2025-01-03,Credit Card,Paid,3198.4
PAY74390,O54390,2025-04-27,Net Banking,Failed,3198.4
PAY74391,O54391,2025-01-03,UPI,Paid,957.6
PAY74392,O54392,2025-11-28,Credit Card,Paid,758.1
PAY74393,O54393,2025-03-07,UPI,Paid,4248.3
PAY74394,O54394,2025-05-05,UPI,Paid,1299.0
PAY74395,O54395,2025-09-13,Cash on Delivery,Paid,4797.0
PAY74396,O54396,2025-11-19,Cash on Delivery,Paid,5997.6
PAY74397,O54397,2025-05-24,Debit Card,Paid,399.0
PAY74398,O54398,2025-11-25,Cash on Delivery,Paid,424.15
PAY74399,O54399,2025-09-05,UPI,Refunded,798.4
PAY74400,O54400,2025-04-27,Debit Card,Paid,1169.1
PAY74401,O54401,2025-11-01,Credit Card,Paid,799.0
PAY74402,O54402,2025-04-01,Credit Card,Paid,639.2
PAY74403,O54403,2025-10-25,UPI,Paid,299.25
PAY74404,O54404,2025-02-11,Cash on Delivery,Paid,3198.4
PAY74405,O54405,2025-02-04,Credit Card,Paid,509.15
PAY74406,O54406,2025-02-12,Debit Card,Paid,569.05
PAY74407,O54407,2025-12-07,Debit Card,Paid,299.0
PAY74408,O54408,2025-05-04,UPI,Paid,638.4
PAY74409,O54409,2025-02-28,UPI,Paid,569.05
PAY74410,O54410,2025-10-22,Net Banking,Paid,974.25
PAY74411,O54411,2025-08-24,Credit Card,Refunded,1169.1
PAY74412,O54412,2025-04-08,Net Banking,Refunded,1017.45
PAY74413,O54413,2025-11-15,UPI,Paid,638.4
PAY74414,O54414,2025-12-10,Cash on Delivery,Paid,638.4
PAY74415,O54415,2025-05-13,Net Banking,Paid,1104.15
PAY74416,O54416,2025-06-25,Credit Card,Paid,3748.5
PAY74417,O54417,2025-02-23,Credit Card,Paid,2238.6
PAY74418,O54418,2025-02-09,UPI,Refunded,749.25
PAY74419,O54419,2025-12-10,UPI,Paid,479.2
PAY74420,O54420,2025-01-07,Debit Card,Paid,798.4
PAY74421,O54421,2025-08-01,UPI,Paid,1017.45
PAY74422,O54422,2025-05-02,Cash on Delivery,Paid,1598.0
PAY74423,O54423,2025-11-24,Cash on Delivery,Paid,1078.2
PAY74424,O54424,2025-07-30,Debit Card,Paid,8997.0
PAY74425,O54425,2025-08-07,UPI,Paid,299.0
PAY74426,O54426,2025-01-24,UPI,Paid,719.1
PAY74427,O54427,2025-12-10,Net Banking,Paid,399.0
PAY74428,O54428,2025-07-25,Cash on Delivery,Paid,224.25
PAY74429,O54429,2025-08-16,UPI,Paid,799.2
PAY74430,O54430,2025-08-07,UPI,Paid,798.0
PAY74431,O54431,2025-07-30,Credit Card,Refunded,759.05
PAY74432,O54432,2025-01-28,Net Banking,Paid,3998.4
PAY74433,O54433,2025-09-10,Debit Card,Paid,1599.2
PAY74434,O54434,2025-01-05,UPI,Paid,2247.75
PAY74435,O54435,2025-01-04,Debit Card,Paid,2097.9
PAY74436,O54436,2025-04-03,UPI,Paid,2099.3
PAY74437,O54437,2025-01-02,Debit Card,Failed,4317.3
PAY74438,O54438,2025-05-30,Net Banking,Paid,1234.05
PAY74439,O54439,2025-03-12,Net Banking,Paid,2078.4
PAY74440,O54440,2025-01-04,Debit Card,Paid,8097.3
PAY74441,O54441,2025-02-07,UPI,Paid,4797.6
PAY74442,O54442,2025-12-25,Net Banking,Paid,1018.3
PAY74443,O54443,2025-03-13,Cash on Delivery,Paid,1598.4
PAY74444,O54444,2025-07-22,Debit Card,Paid,1799.1
PAY74445,O54445,2025-11-05,UPI,Paid,509.15
PAY74446,O54446,2025-09-09,UPI,Paid,6372.45
PAY74447,O54447,2025-10-14,UPI,Paid,2398.5
PAY74448,O54448,2025-10-19,UPI,Paid,1234.05
PAY74449,O54449,2025-06-04,UPI,Paid,374.25
PAY74450,O54450,2025-05-15,UPI,Refunded,2558.4
PAY74451,O54451,2025-03-17,Cash on Delivery,Paid,639.2
PAY74452,O54452,2025-10-01,Debit Card,Paid,3837.6
PAY74453,O54453,2025-09-30,Credit Card,Paid,2208.3
PAY74454,O54454,2025-07-06,UPI,Paid,284.05
PAY74455,O54455,2025-12-21,Cash on Delivery,Paid,1899.05
PAY74456,O54456,2025-01-05,Credit Card,Paid,449.25
PAY74457,O54457,2025-10-22,Cash on Delivery,Paid,958.4
PAY74458,O54458,2025-12-28,Debit Card,Paid,3798.1
PAY74459,O54459,2025-03-28,UPI,Paid,678.3
PAY74460,O54460,2025-08-02,Net Banking,Paid,269.1
PAY74461,O54461,2025-01-17,Credit Card,Paid,5698.1
PAY74462,O54462,2025-09-30,Credit Card,Refunded,1359.15
PAY74463,O54463,2025-02-22,Debit Card,Paid,3598.2
PAY74464,O54464,2025-09-10,Net Banking,Refunded,598.0
PAY74465,O54465,2025-02-16,Net Banking,Paid,2878.2
PAY74466,O54466,2025-07-12,Net Banking,Paid,424.15
PAY74467,O54467,2025-05-03,Debit Card,Paid,599.0
PAY74468,O54468,2025-07-06,Debit Card,Paid,1169.1
PAY74469,O54469,2025-08-04,Net Banking,Paid,1138.1
PAY74470,O54470,2025-05-30,Debit Card,Paid,998.0
PAY74471,O54471,2025-06-20,UPI,Paid,399.0
PAY74472,O54472,2025-07-28,Debit Card,Paid,897.0
PAY74473,O54473,2025-03-23,UPI,Paid,4557.15
PAY74474,O54474,2025-07-16,UPI,Paid,479.2
PAY74475,O54475,2025-09-03,UPI,Refunded,2878.2
PAY74476,O54476,2025-12-11,UPI,Refunded,299.0
PAY74477,O54477,2025-12-23,UPI,Paid,999.0
PAY74478,O54478,2025-02-11,UPI,Paid,538.2
PAY74479,O54479,2025-06-17,Credit Card,Paid,638.4
PAY74480,O54480,2025-02-12,UPI,Failed,449.1
PAY74481,O54481,2025-11-26,UPI,Paid,2468.1
PAY74482,O54482,2025-07-31,Net Banking,Paid,1799.1
PAY74483,O54483,2025-06-29,Cash on Delivery,Paid,1698.3
PAY74484,O54484,2025-01-23,UPI,Paid,299.0
PAY74485,O54485,2025-04-05,Cash on Delivery,Paid,1272.45
PAY74486,O54486,2025-06-10,Credit Card,Refunded,2697.3
PAY74487,O54487,2025-09-02,UPI,Paid,999.0
PAY74488,O54488,2025-01-19,Debit Card,Paid,1699.15
PAY74489,O54489,2025-04-24,Cash on Delivery,Paid,2078.4
PAY74490,O54490,2025-04-15,Debit Card,Paid,2124.15
PAY74491,O54491,2025-11-10,UPI,Paid,5398.2
PAY74492,O54492,2025-03-27,UPI,Paid,2718.3
PAY74493,O54493,2025-02-05,UPI,Paid,2249.1
PAY74494,O54494,2025-02-01,UPI,Paid,638.4
PAY74495,O54495,2025-07-11,UPI,Paid,1358.3
PAY74496,O54496,2025-06-30,Credit Card,Paid,1497.0
PAY74497,O54497,2025-04-16,Credit Card,Paid,1359.15
PAY74498,O54498,2025-06-14,Credit Card,Paid,1359.15
PAY74499,O54499,2025-05-04,UPI,Paid,1799.1
PAY74500,O54500,2025-05-15,UPI,Paid,974.25
PAY74501,O54501,2025-10-18,Credit Card,Paid,1278.4
PAY74502,O54502,2025-11-08,Cash on Delivery,Paid,1518.1
PAY74503,O54503,2025-08-14,Debit Card,Paid,1499.25
PAY74504,O54504,2025-01-26,Credit Card,Paid,1799.1
PAY74505,O54505,2025-01-15,UPI,Paid,798.4
PAY74506,O54506,2025-11-16,UPI,Paid,239.2
PAY74507,O54507,2025-08-19,Credit Card,Paid,6372.45
PAY74508,O54508,2025-04-14,Credit Card,Paid,539.1
PAY74509,O54509,2025-07-22,UPI,Failed,299.25
PAY74510,O54510,2025-09-24,UPI,Paid,284.05
PAY74511,O54511,2025-12-31,UPI,Failed,1234.05
PAY74512,O54512,2025-08-12,UPI,Paid,2157.3
PAY74513,O54513,2025-04-16,Cash on Delivery,Paid,3748.5
PAY74514,O54514,2025-04-23,UPI,Paid,1198.5
PAY74515,O54515,2025-03-10,Cash on Delivery,Paid,379.05
PAY74516,O54516,2025-12-26,Debit Card,Paid,1874.25
PAY74517,O54517,2025-09-15,Credit Card,Paid,1707.15
PAY74518,O54518,2025-06-18,Credit Card,Paid,419.3
PAY74519,O54519,2025-10-20,Credit Card,Paid,424.15
PAY74520,O54520,2025-02-18,Credit Card,Paid,998.0
PAY74521,O54521,2025-09-07,UPI,Paid,2499.0
PAY74522,O54522,2025-11-29,UPI,Paid,1198.0
PAY74523,O54523,2025-03-16,Credit Card,Paid,379.05
PAY74524,O54524,2025-07-21,UPI,Paid,399.2
PAY74525,O54525,2025-02-04,UPI,Paid,2374.05
PAY74526,O54526,2025-11-11,Cash on Delivery,Paid,627.9
PAY74527,O54527,2025-04-22,Cash on Delivery,Paid,679.15
PAY74528,O54528,2025-12-19,Net Banking,Paid,479.2
PAY74529,O54529,2025-11-13,Credit Card,Paid,2468.1
PAY74530,O54530,2025-08-25,UPI,Paid,598.5
PAY74531,O54531,2025-02-03,UPI,Paid,6372.45
PAY74532,O54532,2025-07-30,Cash on Delivery,Paid,6747.75
PAY74533,O54533,2025-05-13,Net Banking,Paid,279.3
PAY74534,O54534,2025-04-16,UPI,Paid,1599.0
PAY74535,O54535,2025-02-03,Debit Card,Paid,1599.0
PAY74536,O54536,2025-02-13,Net Banking,Paid,638.4
PAY74537,O54537,2025-04-18,Debit Card,Paid,1948.5
PAY74538,O54538,2025-09-23,Net Banking,Paid,1358.3
PAY74539,O54539,2025-08-16,UPI,Paid,4317.3
PAY74540,O54540,2025-06-30,Credit Card,Paid,2718.3
PAY74541,O54541,2025-08-10,Credit Card,Refunded,1169.1
PAY74542,O54542,2025-05-05,Debit Card,Refunded,2468.1
PAY74543,O54543,2025-10-04,Cash on Delivery,Paid,508.3
PAY74544,O54544,2025-06-18,Net Banking,Paid,3702.15
PAY74545,O54545,2025-06-01,UPI,Paid,339.15
PAY74546,O54546,2025-02-12,UPI,Paid,1677.9
PAY74547,O54547,2025-10-29,Debit Card,Paid,1599.2
PAY74548,O54548,2025-02-04,UPI,Paid,1198.5
PAY74549,O54549,2025-11-10,UPI,Paid,2397.6
PAY74550,O54550,2025-11-02,Debit Card,Paid,8097.3
PAY74551,O54551,2025-08-19,Credit Card,Paid,1437.6
PAY74552,O54552,2025-08-04,Net Banking,Paid,1797.75
PAY74553,O54553,2025-11-12,UPI,Paid,1499.25
PAY74554,O54554,2025-04-13,UPI,Paid,679.15
PAY74555,O54555,2025-02-28,UPI,Paid,1707.15
PAY74556,O54556,2025-08-04,Debit Card,Paid,1299.0
PAY74557,O54557,2025-06-07,Debit Card,Refunded,998.0
PAY74558,O54558,2025-03-05,UPI,Paid,1677.9
PAY74559,O54559,2025-03-04,UPI,Paid,3598.2
PAY74560,O54560,2025-12-07,UPI,Paid,1122.75
PAY74561,O54561,2025-03-04,Debit Card,Paid,3507.3
PAY74562,O54562,2025-04-05,UPI,Paid,509.15
PAY74563,O54563,2025-12-07,UPI,Paid,3998.0
PAY74564,O54564,2025-01-26,UPI,Paid,1422.15
PAY74565,O54565,2025-05-01,Net Banking,Paid,1077.3
PAY74566,O54566,2025-02-21,UPI,Paid,1272.45
PAY74567,O54567,2025-09-11,UPI,Paid,2374.05
PAY74568,O54568,2025-02-05,UPI,Paid,958.4
PAY74569,O54569,2025-10-16,UPI,Paid,1169.1
PAY74570,O54570,2025-04-12,Credit Card,Failed,1197.6
PAY74571,O54571,2025-11-20,Credit Card,Refunded,4998.0
PAY74572,O54572,2025-11-26,Credit Card,Paid,2124.15
PAY74573,O54573,2025-05-17,Cash on Delivery,Paid,269.1
PAY74574,O54574,2025-07-14,Debit Card,Paid,799.2
PAY74575,O54575,2025-08-11,UPI,Paid,807.3
PAY74576,O54576,2025-10-06,UPI,Paid,849.15
PAY74577,O54577,2025-11-23,Debit Card,Paid,4497.75
PAY74578,O54578,2025-02-26,Credit Card,Paid,2997.0
PAY74579,O54579,2025-04-20,Cash on Delivery,Paid,1598.0
PAY74580,O54580,2025-05-29,Cash on Delivery,Paid,799.2
PAY74581,O54581,2025-09-23,Credit Card,Paid,2124.15
PAY74582,O54582,2025-06-11,UPI,Paid,449.1
PAY74583,O54583,2025-07-06,UPI,Paid,1018.3
PAY74584,O54584,2025-05-10,Net Banking,Paid,998.0
PAY74585,O54585,2025-04-19,Debit Card,Paid,1138.1
PAY74586,O54586,2025-03-09,Credit Card,Paid,719.1
PAY74587,O54587,2025-03-09,Debit Card,Paid,957.6
PAY74588,O54588,2025-05-26,Credit Card,Paid,1358.3
PAY74589,O54589,2025-02-23,Credit Card,Failed,679.15
PAY74590,O54590,2025-05-08,UPI,Paid,672.75
PAY74591,O54591,2025-11-18,Credit Card,Paid,1077.3
PAY74592,O54592,2025-07-28,UPI,Refunded,639.2
PAY74593,O54593,2025-11-18,Debit Card,Refunded,1498.5
PAY74594,O54594,2025-08-04,UPI,Paid,474.05
PAY74595,O54595,2025-03-10,Debit Card,Paid,2338.2
PAY74596,O54596,2025-03-04,Cash on Delivery,Paid,837.9
PAY74597,O54597,2025-07-31,Credit Card,Paid,1399.3
PAY74598,O54598,2025-12-04,UPI,Paid,2277.15
PAY74599,O54599,2025-11-24,UPI,Paid,1599.0
PAY74600,O54600,2025-02-22,UPI,Paid,2157.3
PAY74601,O54601,2025-04-26,Cash on Delivery,Paid,359.1
PAY74602,O54602,2025-03-08,Debit Card,Paid,5398.2
PAY74603,O54603,2025-05-11,Credit Card,Paid,5097.45
PAY74604,O54604,2025-06-26,UPI,Paid,2998.5
PAY74605,O54605,2025-10-06,Net Banking,Refunded,1438.2
PAY74606,O54606,2025-06-13,Credit Card,Paid,2399.2
PAY74607,O54607,2025-11-30,UPI,Paid,599.0
PAY74608,O54608,2025-06-01,UPI,Paid,1797.0
PAY74609,O54609,2025-12-17,UPI,Paid,4248.3
PAY74610,O54610,2025-08-26,UPI,Paid,4797.0
PAY74611,O54611,2025-06-07,Debit Card,Paid,4498.2
PAY74612,O54612,2025-11-24,UPI,Paid,897.75
PAY74613,O54613,2025-04-18,UPI,Paid,568.1
PAY74614,O54614,2025-11-03,UPI,Paid,319.2
PAY74615,O54615,2025-09-13,Credit Card,Paid,718.2
PAY74616,O54616,2025-12-24,UPI,Paid,399.0
PAY74617,O54617,2025-04-25,Credit Card,Paid,1698.3
PAY74618,O54618,2025-01-30,UPI,Paid,638.4
PAY74619,O54619,2025-01-13,Net Banking,Paid,1078.2
PAY74620,O54620,2025-06-28,Cash on Delivery,Paid,1018.3
PAY74621,O54621,2025-12-05,Cash on Delivery,Paid,748.5
PAY74622,O54622,2025-02-16,Debit Card,Paid,1278.4
PAY74623,O54623,2025-06-21,Debit Card,Paid,568.1
PAY74624,O54624,2025-05-12,Debit Card,Paid,639.2
PAY74625,O54625,2025-09-03,Net Banking,Paid,3398.3
PAY74626,O54626,2025-12-21,Net Banking,Paid,399.2
PAY74627,O54627,2025-07-23,Credit Card,Paid,254.15
PAY74628,O54628,2025-08-14,Debit Card,Paid,3998.0
PAY74629,O54629,2025-03-23,UPI,Paid,848.3
PAY74630,O54630,2025-11-07,Debit Card,Paid,1017.45
PAY74631,O54631,2025-02-04,Debit Card,Paid,849.15
PAY74632,O54632,2025-02-23,Net Banking,Paid,1347.75
PAY74633,O54633,2025-06-10,Net Banking,Paid,4498.5
PAY74634,O54634,2025-03-26,Credit Card,Failed,538.2
PAY74635,O54635,2025-11-24,Cash on Delivery,Paid,2249.1
PAY74636,O54636,2025-01-27,Cash on Delivery,Paid,2549.15
PAY74637,O54637,2025-08-14,Cash on Delivery,Paid,679.15
PAY74638,O54638,2025-11-15,Credit Card,Paid,5247.9
PAY74639,O54639,2025-06-04,Credit Card,Paid,2718.3
PAY74640,O54640,2025-10-21,Credit Card,Paid,359.1
PAY74641,O54641,2025-04-07,UPI,Paid,339.15
PAY74642,O54642,2025-08-15,UPI,Paid,424.15
PAY74643,O54643,2025-09-25,UPI,Paid,339.15
PAY74644,O54644,2025-02-11,Cash on Delivery,Paid,2547.45
PAY74645,O54645,2025-05-15,Debit Card,Paid,1138.1
PAY74646,O54646,2025-03-09,Cash on Delivery,Paid,999.0
PAY74647,O54647,2025-07-29,Credit Card,Paid,1078.2
PAY74648,O54648,2025-06-02,UPI,Paid,449.1
PAY74649,O54649,2025-06-21,UPI,Paid,1198.0
PAY74650,O54650,2025-11-23,UPI,Paid,319.2
PAY74651,O54651,2025-03-02,Cash on Delivery,Paid,1078.2
PAY74652,O54652,2025-07-05,Credit Card,Paid,224.25
PAY74653,O54653,2025-06-29,Credit Card,Failed,949.05
PAY74654,O54654,2025-11-19,Credit Card,Paid,2598.0
PAY74655,O54655,2025-11-21,Cash on Delivery,Paid,678.3
PAY74656,O54656,2025-01-13,UPI,Paid,2468.1
PAY74657,O54657,2025-03-11,Cash on Delivery,Paid,898.5
PAY74658,O54658,2025-11-26,Debit Card,Paid,4998.0
PAY74659,O54659,2025-07-22,Net Banking,Refunded,899.1
PAY74660,O54660,2025-01-08,Credit Card,Paid,224.25
PAY74661,O54661,2025-01-17,UPI,Paid,538.2
PAY74662,O54662,2025-02-13,Credit Card,Paid,799.0
PAY74663,O54663,2025-02-02,UPI,Paid,1439.1
PAY74664,O54664,2025-07-02,Net Banking,Paid,1104.15
PAY74665,O54665,2025-09-19,Debit Card,Paid,758.1
PAY74666,O54666,2025-10-18,UPI,Paid,2338.2
PAY74667,O54667,2025-01-22,UPI,Paid,1999.2
PAY74668,O54668,2025-07-02,Cash on Delivery,Paid,374.25
PAY74669,O54669,2025-07-03,Net Banking,Paid,2397.0
PAY74670,O54670,2025-09-03,Net Banking,Refunded,758.1
PAY74671,O54671,2025-12-17,Credit Card,Paid,359.1
PAY74672,O54672,2025-05-30,Cash on Delivery,Paid,6372.45
PAY74673,O54673,2025-09-15,UPI,Paid,449.1
PAY74674,O54674,2025-04-10,UPI,Paid,1278.4
PAY74675,O54675,2025-02-26,Credit Card,Paid,798.4
PAY74676,O54676,2025-07-07,Cash on Delivery,Paid,1998.0
PAY74677,O54677,2025-11-18,Credit Card,Paid,7647.45
PAY74678,O54678,2025-03-29,UPI,Refunded,999.0
PAY74679,O54679,2025-06-25,Debit Card,Paid,852.15
PAY74680,O54680,2025-01-22,Debit Card,Paid,758.1
PAY74681,O54681,2025-09-02,Credit Card,Paid,758.1
PAY74682,O54682,2025-03-03,Net Banking,Failed,1359.15
PAY74683,O54683,2025-04-15,Credit Card,Paid,849.15
PAY74684,O54684,2025-05-20,UPI,Paid,4748.1
PAY74685,O54685,2025-11-01,Net Banking,Refunded,349.3
PAY74686,O54686,2025-06-09,UPI,Paid,538.2
PAY74687,O54687,2025-08-22,Cash on Delivery,Paid,599.0
PAY74688,O54688,2025-03-20,Credit Card,Paid,799.0
PAY74689,O54689,2025-01-20,Debit Card,Paid,1104.15
PAY74690,O54690,2025-01-22,Cash on Delivery,Paid,627.9
PAY74691,O54691,2025-07-05,Credit Card,Paid,1359.15
PAY74692,O54692,2025-05-27,Credit Card,Paid,748.5
PAY74693,O54693,2025-02-08,Net Banking,Paid,449.1
PAY74694,O54694,2025-10-08,UPI,Paid,2249.1
PAY74695,O54695,2025-10-16,UPI,Paid,1527.45
PAY74696,O54696,2025-05-24,Debit Card,Paid,958.4
PAY74697,O54697,2025-01-15,UPI,Refunded,449.1
PAY74698,O54698,2025-07-05,UPI,Paid,1499.25
PAY74699,O54699,2025-09-24,Cash on Delivery,Paid,2999.0
PAY74700,O54700,2025-09-28,Debit Card,Refunded,269.1
PAY74701,O54701,2025-04-07,Net Banking,Paid,254.15
PAY74702,O54702,2025-12-25,Cash on Delivery,Paid,1358.3
PAY74703,O54703,2025-10-21,UPI,Paid,539.1
PAY74704,O54704,2025-01-01,Cash on Delivery,Failed,2249.1
PAY74705,O54705,2025-10-24,Cash on Delivery,Paid,424.15
PAY74706,O54706,2025-01-27,UPI,Paid,424.15
PAY74707,O54707,2025-02-05,Cash on Delivery,Paid,1437.6
PAY74708,O54708,2025-06-09,Credit Card,Paid,717.6
PAY74709,O54709,2025-02-01,Cash on Delivery,Paid,4317.3
PAY74710,O54710,2025-05-09,Net Banking,Paid,349.3
PAY74711,O54711,2025-09-20,Credit Card,Paid,1599.2
PAY74712,O54712,2025-12-11,Credit Card,Paid,4557.15
PAY74713,O54713,2025-07-29,UPI,Paid,3038.1
PAY74714,O54714,2025-05-31,Credit Card,Paid,5397.3
PAY74715,O54715,2025-01-31,UPI,Paid,2249.1
PAY74716,O54716,2025-04-10,Cash on Delivery,Refunded,1948.5
PAY74717,O54717,2025-11-27,Debit Card,Paid,1039.2
PAY74718,O54718,2025-10-29,Net Banking,Paid,748.5
PAY74719,O54719,2025-12-21,Credit Card,Refunded,359.1
PAY74720,O54720,2025-08-09,UPI,Paid,849.15
PAY74721,O54721,2025-09-11,Credit Card,Failed,718.2
PAY74722,O54722,2025-06-21,UPI,Paid,499.0
PAY74723,O54723,2025-09-14,UPI,Paid,1017.45
PAY74724,O54724,2025-02-27,Debit Card,Paid,2499.0
PAY74725,O54725,2025-01-11,Net Banking,Paid,679.15
PAY74726,O54726,2025-01-06,Debit Card,Paid,1699.15
PAY74727,O54727,2025-12-03,UPI,Refunded,478.4
PAY74728,O54728,2025-04-25,Net Banking,Paid,2999.0
PAY74729,O54729,2025-09-22,UPI,Paid,1278.4
PAY74730,O54730,2025-06-23,UPI,Paid,279.3
PAY74731,O54731,2025-08-08,Cash on Delivery,Paid,974.25
PAY74732,O54732,2025-07-25,UPI,Paid,239.2
PAY74733,O54733,2025-01-26,UPI,Paid,2208.3
PAY74734,O54734,2025-06-20,Credit Card,Refunded,4317.3
PAY74735,O54735,2025-04-14,UPI,Paid,3998.4
PAY74736,O54736,2025-03-03,UPI,Paid,3198.4
PAY74737,O54737,2025-03-29,Debit Card,Paid,509.15
PAY74738,O54738,2025-09-13,Net Banking,Paid,1279.2
PAY74739,O54739,2025-06-16,Debit Card,Paid,807.3
PAY74740,O54740,2025-06-18,UPI,Paid,999.0
PAY74741,O54741,2025-03-26,Cash on Delivery,Paid,509.15
PAY74742,O54742,2025-07-21,Cash on Delivery,Paid,8547.15
PAY74743,O54743,2025-04-01,UPI,Refunded,449.1
PAY74744,O54744,2025-03-31,Credit Card,Paid,798.0
PAY74745,O54745,2025-04-30,Credit Card,Paid,2878.2
PAY74746,O54746,2025-06-06,Debit Card,Paid,639.2
PAY74747,O54747,2025-07-08,Cash on Delivery,Paid,848.3
PAY74748,O54748,2025-07-09,Cash on Delivery,Paid,2499.0
PAY74749,O54749,2025-09-20,Credit Card,Paid,4317.3
PAY74750,O54750,2025-02-21,UPI,Paid,269.1
PAY74751,O54751,2025-05-20,UPI,Paid,678.3
PAY74752,O54752,2025-01-21,Credit Card,Paid,718.2
PAY74753,O54753,2025-03-17,Credit Card,Paid,4498.5
PAY74754,O54754,2025-08-19,Cash on Delivery,Paid,1598.0
PAY74755,O54755,2025-05-11,UPI,Paid,2124.15
PAY74756,O54756,2025-02-25,Credit Card,Paid,598.5
PAY74757,O54757,2025-09-28,UPI,Paid,1118.6
PAY74758,O54758,2025-04-10,Cash on Delivery,Paid,569.05
PAY74759,O54759,2025-03-12,Cash on Delivery,Paid,339.15
PAY74760,O54760,2025-10-27,Cash on Delivery,Paid,2499.0
PAY74761,O54761,2025-01-17,UPI,Paid,1017.45
PAY74762,O54762,2025-12-21,UPI,Paid,499.0
PAY74763,O54763,2025-04-26,Credit Card,Paid,1197.6
PAY74764,O54764,2025-06-01,Debit Card,Paid,3897.0
PAY74765,O54765,2025-11-28,UPI,Paid,678.3
PAY74766,O54766,2025-04-27,Cash on Delivery,Paid,5097.45
PAY74767,O54767,2025-02-01,Cash on Delivery,Paid,1119.3
PAY74768,O54768,2025-11-21,UPI,Paid,2718.3
PAY74769,O54769,2025-02-22,Credit Card,Paid,2249.1
PAY74770,O54770,2025-03-03,Debit Card,Paid,2849.05
PAY74771,O54771,2025-08-19,UPI,Paid,798.0
PAY74772,O54772,2025-09-18,UPI,Paid,798.4
PAY74773,O54773,2025-12-28,Debit Card,Paid,5997.6
PAY74774,O54774,2025-01-06,Cash on Delivery,Refunded,3398.3
PAY74775,O54775,2025-01-30,Cash on Delivery,Paid,1797.0
PAY74776,O54776,2025-09-12,UPI,Paid,799.2
PAY74777,O54777,2025-12-31,Cash on Delivery,Paid,1104.15
PAY74778,O54778,2025-08-19,Credit Card,Paid,2798.6
PAY74779,O54779,2025-12-25,UPI,Refunded,6372.45
PAY74780,O54780,2025-07-20,Debit Card,Paid,3507.3
PAY74781,O54781,2025-11-28,Cash on Delivery,Refunded,5398.2
PAY74782,O54782,2025-09-28,UPI,Paid,3798.1
PAY74783,O54783,2025-12-07,UPI,Failed,2397.6
PAY74784,O54784,2025-11-02,Debit Card,Paid,1039.2
PAY74785,O54785,2025-02-17,UPI,Paid,1519.05
PAY74786,O54786,2025-01-30,Net Banking,Paid,4557.15
PAY74787,O54787,2025-01-08,Debit Card,Paid,3998.0
PAY74788,O54788,2025-08-21,Net Banking,Paid,224.25
PAY74789,O54789,2025-07-20,UPI,Refunded,1898.1
PAY74790,O54790,2025-04-06,Net Banking,Paid,8097.3
PAY74791,O54791,2025-03-24,Credit Card,Paid,359.1
PAY74792,O54792,2025-03-31,UPI,Paid,2699.1
PAY74793,O54793,2025-07-05,Cash on Delivery,Paid,1279.2
PAY74794,O54794,2025-09-01,Debit Card,Paid,1499.25
PAY74795,O54795,2025-03-09,UPI,Paid,569.05
PAY74796,O54796,2025-11-07,UPI,Paid,254.15
PAY74797,O54797,2025-07-06,UPI,Paid,359.1
PAY74798,O54798,2025-08-27,Cash on Delivery,Paid,558.6
PAY74799,O54799,2025-08-08,Cash on Delivery,Paid,2249.1
PAY74800,O54800,2025-04-20,UPI,Paid,3998.0
PAY74801,O54801,2025-11-05,Credit Card,Paid,678.3
PAY74802,O54802,2025-02-09,UPI,Paid,568.1
PAY74803,O54803,2025-12-16,Debit Card,Paid,3198.0
PAY74804,O54804,2025-10-05,UPI,Refunded,399.2
PAY74805,O54805,2025-01-11,UPI,Paid,319.2
PAY74806,O54806,2025-01-26,Debit Card,Paid,2699.1
PAY74807,O54807,2025-02-18,Cash on Delivery,Paid,762.45
PAY74808,O54808,2025-12-15,Debit Card,Failed,1527.45
PAY74809,O54809,2025-01-14,Cash on Delivery,Paid,1359.15
PAY74810,O54810,2025-04-10,Cash on Delivery,Paid,848.3
PAY74811,O54811,2025-07-08,Debit Card,Paid,2037.45
PAY74812,O54812,2025-01-12,UPI,Paid,2468.1
PAY74813,O54813,2025-10-06,Debit Card,Paid,379.05
PAY74814,O54814,2025-12-07,UPI,Paid,1439.1
PAY74815,O54815,2025-11-25,UPI,Paid,2878.2
PAY74816,O54816,2025-06-16,Debit Card,Paid,639.2
PAY74817,O54817,2025-05-02,Net Banking,Paid,1169.1
PAY74818,O54818,2025-04-06,Credit Card,Paid,1899.05
PAY74819,O54819,2025-01-27,Credit Card,Refunded,1422.15
PAY74820,O54820,2025-01-18,Credit Card,Paid,1899.05
PAY74821,O54821,2025-01-30,Credit Card,Paid,319.2
PAY74822,O54822,2025-11-21,Credit Card,Paid,679.15
PAY74823,O54823,2025-12-09,Debit Card,Refunded,2558.4
PAY74824,O54824,2025-11-10,Debit Card,Paid,359.1
PAY74825,O54825,2025-03-13,Cash on Delivery,Refunded,2398.5
PAY74826,O54826,2025-09-29,Credit Card,Paid,279.3
PAY74827,O54827,2025-09-07,UPI,Paid,849.15
PAY74828,O54828,2025-10-24,Debit Card,Paid,2398.5
PAY74829,O54829,2025-05-24,Credit Card,Paid,1359.15
PAY74830,O54830,2025-10-02,Net Banking,Paid,1874.25
PAY74831,O54831,2025-08-12,UPI,Paid,958.4
PAY74832,O54832,2025-03-17,Debit Card,Paid,1047.9
PAY74833,O54833,2025-04-13,Credit Card,Paid,1018.3
PAY74834,O54834,2025-01-22,Credit Card,Paid,638.4
PAY74835,O54835,2025-04-28,Credit Card,Paid,3398.3
PAY74836,O54836,2025-06-23,Debit Card,Paid,284.05
PAY74837,O54837,2025-06-23,Net Banking,Refunded,539.1
PAY74838,O54838,2025-01-05,UPI,Paid,224.25
PAY74839,O54839,2025-12-07,UPI,Paid,2999.0
PAY74840,O54840,2025-05-29,Credit Card,Paid,2718.3
PAY74841,O54841,2025-04-26,UPI,Failed,359.1
PAY74842,O54842,2025-11-19,Credit Card,Paid,2338.2
PAY74843,O54843,2025-06-18,UPI,Paid,1499.25
PAY74844,O54844,2025-10-27,UPI,Paid,374.25
PAY74845,O54845,2025-04-28,UPI,Failed,2718.3
PAY74846,O54846,2025-04-11,Cash on Delivery,Paid,359.1
PAY74847,O54847,2025-10-01,Net Banking,Failed,762.45
PAY74848,O54848,2025-06-24,Net Banking,Paid,2249.1
PAY74849,O54849,2025-06-08,Credit Card,Paid,2249.1
PAY74850,O54850,2025-08-15,Credit Card,Paid,1299.0
PAY74851,O54851,2025-02-09,UPI,Paid,2718.3
PAY74852,O54852,2025-07-19,UPI,Failed,359.1
PAY74853,O54853,2025-05-16,Cash on Delivery,Failed,6372.45
PAY74854,O54854,2025-04-14,Credit Card,Paid,539.1
PAY74855,O54855,2025-07-14,Cash on Delivery,Paid,538.2
PAY74856,O54856,2025-09-08,Credit Card,Paid,1999.0
PAY74857,O54857,2025-01-15,UPI,Paid,279.3
PAY74858,O54858,2025-02-24,UPI,Paid,424.15
PAY74859,O54859,2025-12-10,Cash on Delivery,Paid,1999.0
PAY74860,O54860,2025-03-26,UPI,Refunded,679.15
PAY74861,O54861,2025-04-21,UPI,Paid,1874.25
PAY74862,O54862,2025-02-12,UPI,Paid,957.6
PAY74863,O54863,2025-03-14,Debit Card,Paid,1599.2
PAY74864,O54864,2025-09-26,UPI,Paid,1299.0
PAY74865,O54865,2025-02-28,UPI,Paid,1527.45
PAY74866,O54866,2025-02-13,Credit Card,Paid,319.2
PAY74867,O54867,2025-09-30,UPI,Paid,849.15
PAY74868,O54868,2025-01-16,Credit Card,Paid,599.25
PAY74869,O54869,2025-04-22,UPI,Paid,449.1
PAY74870,O54870,2025-11-10,Credit Card,Paid,379.05
PAY74871,O54871,2025-08-16,Credit Card,Failed,1874.25
PAY74872,O54872,2025-06-18,UPI,Paid,4248.3
PAY74873,O54873,2025-10-19,Credit Card,Paid,1497.0
PAY74874,O54874,2025-09-05,UPI,Paid,1799.1
PAY74875,O54875,2025-09-24,Net Banking,Paid,3748.5
PAY74876,O54876,2025-12-05,Debit Card,Paid,599.0
PAY74877,O54877,2025-09-01,Cash on Delivery,Paid,2598.0
PAY74878,O54878,2025-06-08,Debit Card,Paid,2697.3
PAY74879,O54879,2025-10-29,UPI,Paid,299.25
PAY74880,O54880,2025-11-23,Credit Card,Paid,2398.5
PAY74881,O54881,2025-01-18,Debit Card,Paid,2124.15
PAY74882,O54882,2025-03-25,Net Banking,Paid,678.3
PAY74883,O54883,2025-12-02,UPI,Paid,898.2
PAY74884,O54884,2025-08-20,UPI,Paid,2277.15
PAY74885,O54885,2025-12-08,Cash on Delivery,Paid,2558.4
PAY74886,O54886,2025-09-12,Credit Card,Paid,798.0
PAY74887,O54887,2025-06-16,Credit Card,Paid,3398.3
PAY74888,O54888,2025-02-12,Credit Card,Paid,1359.15
PAY74889,O54889,2025-09-06,UPI,Paid,7497.0
PAY74890,O54890,2025-09-05,Debit Card,Paid,1699.15
PAY74891,O54891,2025-10-13,Net Banking,Paid,1359.15
PAY74892,O54892,2025-01-22,Net Banking,Paid,1599.2
PAY74893,O54893,2025-12-19,UPI,Paid,2374.05
PAY74894,O54894,2025-02-11,Debit Card,Paid,269.1
PAY74895,O54895,2025-12-11,UPI,Paid,1698.3
PAY74896,O54896,2025-03-29,Cash on Delivery,Paid,1749.3
PAY74897,O54897,2025-09-18,Credit Card,Paid,759.05
PAY74898,O54898,2025-11-02,Net Banking,Paid,558.6
PAY74899,O54899,2025-10-24,Debit Card,Paid,958.4
PAY74900,O54900,2025-12-16,Cash on Delivery,Paid,1279.2
PAY74901,O54901,2025-08-29,Cash on Delivery,Paid,2997.0
PAY74902,O54902,2025-06-16,UPI,Paid,359.1
PAY74903,O54903,2025-11-11,Credit Card,Paid,999.0
PAY74904,O54904,2025-08-07,Credit Card,Paid,898.2
PAY74905,O54905,2025-05-15,UPI,Paid,279.3
PAY74906,O54906,2025-07-27,Cash on Delivery,Paid,999.0
PAY74907,O54907,2025-02-20,UPI,Paid,679.15
PAY74908,O54908,2025-04-18,UPI,Paid,599.0
PAY74909,O54909,2025-07-05,UPI,Paid,239.2
PAY74910,O54910,2025-07-20,Credit Card,Paid,3798.1
PAY74911,O54911,2025-01-11,Cash on Delivery,Paid,399.0
PAY74912,O54912,2025-09-12,Debit Card,Paid,718.2
PAY74913,O54913,2025-05-31,UPI,Paid,4798.4
PAY74914,O54914,2025-12-20,UPI,Failed,1599.0
PAY74915,O54915,2025-12-22,Cash on Delivery,Paid,379.05
PAY74916,O54916,2025-04-07,UPI,Paid,5998.0
PAY74917,O54917,2025-04-17,Cash on Delivery,Paid,698.6
PAY74918,O54918,2025-05-24,Cash on Delivery,Paid,4248.3
PAY74919,O54919,2025-06-15,Debit Card,Refunded,319.2
PAY74920,O54920,2025-01-01,Cash on Delivery,Paid,1359.15
PAY74921,O54921,2025-02-17,UPI,Paid,799.0
PAY74922,O54922,2025-08-31,Cash on Delivery,Paid,254.15
PAY74923,O54923,2025-12-10,UPI,Paid,399.0
PAY74924,O54924,2025-10-07,Credit Card,Paid,1439.1
PAY74925,O54925,2025-01-04,Credit Card,Paid,2208.3
PAY74926,O54926,2025-05-24,Credit Card,Paid,848.3
PAY74927,O54927,2025-03-03,UPI,Paid,1198.0
PAY74928,O54928,2025-10-21,Net Banking,Refunded,1999.0
PAY74929,O54929,2025-08-15,Debit Card,Paid,638.4
PAY74930,O54930,2025-10-29,Cash on Delivery,Paid,717.6
PAY74931,O54931,2025-06-20,Credit Card,Paid,3998.0
PAY74932,O54932,2025-05-15,Credit Card,Paid,799.0
PAY74933,O54933,2025-02-11,Cash on Delivery,Paid,3748.5
PAY74934,O54934,2025-08-21,Cash on Delivery,Paid,2399.2
PAY74935,O54935,2025-08-16,Debit Card,Paid,909.3
PAY74936,O54936,2025-05-21,Net Banking,Paid,2374.05
PAY74937,O54937,2025-04-20,Credit Card,Paid,254.15
PAY74938,O54938,2025-10-26,Credit Card,Paid,1519.05
PAY74939,O54939,2025-02-27,Cash on Delivery,Paid,2037.45
PAY74940,O54940,2025-05-03,Net Banking,Paid,299.0
PAY74941,O54941,2025-08-29,UPI,Paid,4998.0
PAY74942,O54942,2025-03-28,UPI,Paid,4797.0
PAY74943,O54943,2025-06-27,Credit Card,Paid,319.2
PAY74944,O54944,2025-03-06,Net Banking,Paid,2124.15
PAY74945,O54945,2025-02-10,UPI,Paid,4077.45
PAY74946,O54946,2025-05-19,Net Banking,Paid,1122.75
PAY74947,O54947,2025-08-29,Credit Card,Paid,717.6
PAY74948,O54948,2025-08-16,UPI,Paid,1799.1
PAY74949,O54949,2025-07-27,UPI,Paid,699.3
PAY74950,O54950,2025-06-13,Cash on Delivery,Paid,359.1
PAY74951,O54951,2025-01-28,UPI,Paid,3198.0
PAY74952,O54952,2025-07-03,UPI,Refunded,837.9
PAY74953,O54953,2025-07-17,UPI,Paid,2499.0
PAY74954,O54954,2025-12-05,UPI,Paid,339.15
PAY74955,O54955,2025-04-17,UPI,Paid,1078.2
PAY74956,O54956,2025-07-10,UPI,Refunded,254.15
PAY74957,O54957,2025-02-05,Credit Card,Paid,2718.3
PAY74958,O54958,2025-03-27,Credit Card,Refunded,759.05
PAY74959,O54959,2025-06-05,UPI,Paid,5098.3
PAY74960,O54960,2025-06-19,Net Banking,Refunded,3198.4
PAY74961,O54961,2025-10-12,UPI,Refunded,758.1
PAY74962,O54962,2025-09-29,Cash on Delivery,Paid,2338.2
PAY74963,O54963,2025-02-04,UPI,Paid,1138.1
PAY74964,O54964,2025-07-05,Cash on Delivery,Paid,1278.4
PAY74965,O54965,2025-04-09,UPI,Refunded,1599.2
PAY74966,O54966,2025-08-27,Credit Card,Refunded,749.25
PAY74967,O54967,2025-05-02,UPI,Paid,1234.05
PAY74968,O54968,2025-01-23,Credit Card,Paid,599.0
PAY74969,O54969,2025-03-04,Debit Card,Failed,799.0
PAY74970,O54970,2025-11-22,Debit Card,Paid,2468.1
PAY74971,O54971,2025-05-31,Cash on Delivery,Paid,254.15
PAY74972,O54972,2025-07-14,Credit Card,Paid,1119.3
PAY74973,O54973,2025-03-23,UPI,Refunded,539.1
PAY74974,O54974,2025-11-12,Cash on Delivery,Paid,419.3
PAY74975,O54975,2025-06-02,Debit Card,Paid,999.0
PAY74976,O54976,2025-01-17,UPI,Paid,598.5
PAY74977,O54977,2025-02-10,Cash on Delivery,Refunded,1899.05
PAY74978,O54978,2025-11-30,Cash on Delivery,Paid,3748.5
PAY74979,O54979,2025-12-15,UPI,Paid,399.0
PAY74980,O54980,2025-07-22,UPI,Paid,3748.5
PAY74981,O54981,2025-10-08,UPI,Paid,758.1
PAY74982,O54982,2025-03-31,Debit Card,Paid,6747.3
PAY74983,O54983,2025-10-27,Debit Card,Paid,2549.15
PAY74984,O54984,2025-10-19,Debit Card,Paid,4317.3
PAY74985,O54985,2025-12-22,Debit Card,Paid,7647.45
PAY74986,O54986,2025-03-13,UPI,Refunded,3498.6
PAY74987,O54987,2025-05-04,UPI,Paid,1698.3
PAY74988,O54988,2025-03-22,Cash on Delivery,Paid,1039.2
PAY74989,O54989,2025-02-15,Cash on Delivery,Paid,2499.0
PAY74990,O54990,2025-08-23,UPI,Paid,1104.15
PAY74991,O54991,2025-06-05,UPI,Paid,359.1
PAY74992,O54992,2025-07-01,UPI,Paid,1498.5
PAY74993,O54993,2025-02-01,UPI,Paid,2338.2
PAY74994,O54994,2025-03-28,UPI,Paid,3398.3
PAY74995,O54995,2025-02-15,Credit Card,Paid,568.1
PAY74996,O54996,2025-11-19,UPI,Paid,1422.15
PAY74997,O54997,2025-11-29,Debit Card,Paid,1439.1
PAY74998,O54998,2025-09-01,Cash on Delivery,Paid,898.2
PAY74999,O54999,2025-02-09,Cash on Delivery,Failed,2849.05
PAY75000,O55000,2025-07-03,Debit Card,Paid,2499.0
