Order_ID,Customer_ID,Product_ID,Order_Date,Quantity,Discount,Gross_Amount,Order_Amount,Order_Status,Delivery_Status
O50001,C10009,P20175,2025-05-21,1,15,999,849.15,Delivered,Delivered
O50002,C10801,P20114,2025-03-06,1,25,1599,1199.25,Delivered,Delayed
O50003,C10444,P20250,2025-05-14,1,20,2499,1999.2,Cancelled,Not Applicable
O50004,C10113,P20059,2025-07-18,3,25,5997,4497.75,Delivered,Delivered
O50005,C10989,P20203,2025-06-04,2,0,1598,1598.0,Delivered,Delivered
O50006,C10205,P20239,2025-03-20,2,5,1598,1518.1,Delivered,Delivered
O50007,C10405,P20234,2025-09-07,1,0,399,399.0,Delivered,Delivered
O50008,C10698,P20095,2025-03-28,2,10,4998,4498.2,Delivered,Delivered
O50009,C10853,P20141,2025-10-31,1,25,1299,974.25,Delivered,Delivered
O50010,C10197,P20113,2025-08-29,1,10,1299,1169.1,Delivered,Delivered
O50011,C10778,P20109,2025-03-29,1,20,2999,2399.2,Delivered,Delivered
O50012,C10774,P20289,2025-11-20,3,10,7497,6747.3,Delivered,Delivered
O50013,C10760,P20097,2025-06-21,1,10,799,719.1,Delivered,Delivered
O50014,C10115,P20016,2025-12-23,1,25,299,224.25,Delivered,Delivered
O50015,C10121,P20044,2025-01-17,2,10,798,718.2,Delivered,Delivered
O50016,C10653,P20230,2025-08-11,2,20,3998,3198.4,Delivered,Delivered
O50017,C10065,P20108,2025-10-21,2,5,2598,2468.1,Delivered,Delivered
O50018,C10276,P20217,2025-11-06,3,25,8997,6747.75,Cancelled,Not Applicable
O50019,C10825,P20260,2025-08-07,1,15,1599,1359.15,Delivered,Delivered
O50020,C10239,P20196,2025-08-22,1,20,299,239.2,Delivered,Delivered
O50021,C10302,P20095,2025-09-05,1,0,2499,2499.0,Cancelled,Not Applicable
O50022,C10392,P20056,2025-02-21,2,15,798,678.3,Delivered,Delivered
O50023,C10522,P20032,2025-01-15,3,25,897,672.75,Delivered,Delivered
O50024,C10969,P20231,2025-11-20,1,25,399,299.25,Delivered,Delayed
O50025,C10369,P20009,2025-04-22,1,0,499,499.0,Delivered,Delivered
O50026,C10233,P20191,2025-07-03,2,10,3198,2878.2,Cancelled,Not Applicable
O50027,C10195,P20200,2025-12-26,2,10,2598,2338.2,Delivered,Delivered
O50028,C10907,P20161,2025-01-07,3,5,3897,3702.15,Cancelled,Not Applicable
O50029,C10012,P20087,2025-02-20,1,20,1999,1599.2,Delivered,Delivered
O50030,C10906,P20021,2025-11-10,1,5,999,949.05,Delivered,Delivered
O50031,C10921,P20076,2025-08-29,1,10,2499,2249.1,Delivered,Delayed
O50032,C10689,P20141,2025-09-02,1,15,1299,1104.15,Processing,Not Applicable
O50033,C10177,P20126,2025-12-31,1,15,299,254.15,Delivered,Delivered
O50034,C10217,P20251,2025-07-05,3,20,4797,3837.6,Delivered,Delivered
O50035,C10011,P20084,2025-10-14,2,30,4998,3498.6,Delivered,Delivered
O50036,C10446,P20048,2025-04-02,2,0,2598,2598.0,Delivered,Delivered
O50037,C10630,P20078,2025-04-16,2,20,998,798.4,Delivered,Delivered
O50038,C10164,P20030,2025-01-13,2,5,598,568.1,Delivered,Delivered
O50039,C10551,P20285,2025-05-26,2,10,2598,2338.2,Cancelled,Not Applicable
O50040,C10053,P20136,2025-04-29,1,0,399,399.0,Delivered,Delivered
O50041,C10218,P20140,2025-07-22,2,0,5998,5998.0,Delivered,Delayed
O50042,C10718,P20041,2025-05-21,2,10,3998,3598.2,Delivered,Delivered
O50043,C10999,P20282,2025-04-25,1,10,2999,2699.1,Delivered,Delivered
O50044,C10824,P20050,2025-06-01,2,25,598,448.5,Delivered,Delivered
O50045,C10360,P20258,2025-02-26,1,20,599,479.2,Cancelled,Not Applicable
O50046,C10385,P20270,2025-06-06,1,30,999,699.3,Delivered,Delivered
O50047,C10056,P20134,2025-11-06,1,15,1599,1359.15,Delivered,Delivered
O50048,C10118,P20234,2025-05-13,1,5,399,379.05,Delivered,Delivered
O50049,C10900,P20128,2025-06-12,2,10,1998,1798.2,Delivered,Delayed
O50050,C10253,P20104,2025-10-02,1,10,599,539.1,Delivered,Delivered
O50051,C10798,P20254,2025-07-02,1,10,1299,1169.1,Delivered,Delivered
O50052,C10780,P20095,2025-03-18,2,15,4998,4248.3,Delivered,Delivered
O50053,C10803,P20217,2025-11-21,1,15,2999,2549.15,Delivered,Delivered
O50054,C10845,P20061,2025-02-13,1,10,499,449.1,Delivered,Delivered
O50055,C10180,P20268,2025-07-25,1,0,299,299.0,Delivered,Delivered
O50056,C10415,P20241,2025-02-07,1,0,1599,1599.0,Cancelled,Not Applicable
O50057,C10870,P20013,2025-11-14,1,5,999,949.05,Delivered,Delivered
O50058,C10235,P20147,2025-01-22,1,0,2999,2999.0,Delivered,Delivered
O50059,C10855,P20240,2025-03-14,1,20,299,239.2,Delivered,Delivered
O50060,C10708,P20089,2025-08-29,3,0,1797,1797.0,Delivered,Delivered
O50061,C10820,P20095,2025-06-03,1,20,2499,1999.2,Delivered,Delayed
O50062,C10080,P20293,2025-08-25,1,10,399,359.1,Cancelled,Not Applicable
O50063,C10647,P20025,2025-01-05,1,0,799,799.0,Delivered,Delayed
O50064,C10022,P20272,2025-08-09,1,20,999,799.2,Delivered,Delivered
O50065,C10477,P20166,2025-11-06,1,15,1999,1699.15,Delivered,Delayed
O50066,C10843,P20250,2025-03-27,1,5,2499,2374.05,Delivered,Delivered
O50067,C10440,P20087,2025-06-26,3,25,5997,4497.75,Delivered,Delivered
O50068,C10737,P20142,2025-09-16,2,0,3198,3198.0,Delivered,Delivered
O50069,C10570,P20134,2025-08-08,1,5,1599,1519.05,Cancelled,Not Applicable
O50070,C10093,P20279,2025-02-07,1,20,1599,1279.2,Delivered,Delivered
O50071,C10192,P20126,2025-05-22,1,20,299,239.2,Delivered,Delivered
O50072,C10103,P20141,2025-08-23,3,10,3897,3507.3,Delivered,Delivered
O50073,C10396,P20103,2025-07-22,1,0,2499,2499.0,Delivered,Delivered
O50074,C10007,P20226,2025-11-25,2,25,2598,1948.5,Delivered,Delivered
O50075,C10640,P20063,2025-10-21,1,10,799,719.1,Delivered,Delivered
O50076,C10567,P20294,2025-06-21,3,5,4797,4557.15,Delivered,Delivered
O50077,C10231,P20254,2025-05-05,1,15,1299,1104.15,Delivered,Delivered
O50078,C10874,P20180,2025-11-22,1,25,1599,1199.25,Delivered,Delivered
O50079,C10574,P20040,2025-03-06,1,0,999,999.0,Delivered,Delivered
O50080,C10240,P20264,2025-10-08,3,20,7497,5997.6,Delivered,Delayed
O50081,C10090,P20189,2025-09-29,1,15,299,254.15,Delivered,Delivered
O50082,C10232,P20008,2025-09-01,2,10,3998,3598.2,Delivered,Delayed
O50083,C10457,P20104,2025-01-15,1,20,599,479.2,Cancelled,Not Applicable
O50084,C10233,P20225,2025-08-14,2,30,598,418.6,Delivered,Delivered
O50085,C10354,P20034,2025-05-11,1,5,599,569.05,Cancelled,Not Applicable
O50086,C10333,P20236,2025-07-14,2,0,4998,4998.0,Delivered,Delivered
O50087,C10439,P20228,2025-10-20,1,25,1299,974.25,Delivered,Delivered
O50088,C10375,P20188,2025-07-28,2,15,4998,4248.3,Delivered,Delivered
O50089,C10292,P20022,2025-04-23,2,10,1198,1078.2,Delivered,Delivered
O50090,C10345,P20040,2025-09-01,1,15,999,849.15,Delivered,Delivered
O50091,C10664,P20173,2025-06-15,1,20,499,399.2,Delivered,Delivered
O50092,C10428,P20179,2025-07-10,2,20,1998,1598.4,Delivered,Delivered
O50093,C10657,P20086,2025-09-14,1,25,999,749.25,Delivered,Delivered
O50094,C10130,P20133,2025-11-23,3,10,1497,1347.3,Delivered,Delivered
O50095,C10141,P20013,2025-08-06,1,10,999,899.1,Delivered,Delivered
O50096,C10415,P20028,2025-12-25,1,15,299,254.15,Cancelled,Not Applicable
O50097,C10093,P20084,2025-10-02,1,10,2499,2249.1,Delivered,Delivered
O50098,C10626,P20280,2025-02-21,2,15,1998,1698.3,Delivered,Delayed
O50099,C10284,P20263,2025-06-07,1,10,399,359.1,Delivered,Delivered
O50100,C10956,P20166,2025-12-29,2,5,3998,3798.1,Delivered,Delivered
O50101,C10923,P20293,2025-02-24,1,10,399,359.1,Cancelled,Not Applicable
O50102,C10655,P20068,2025-01-14,1,20,1599,1279.2,Delivered,Delivered
O50103,C10223,P20226,2025-09-26,3,20,3897,3117.6,Delivered,Delivered
O50104,C10744,P20170,2025-12-06,3,15,4797,4077.45,Delivered,Delivered
O50105,C10463,P20086,2025-03-31,1,5,999,949.05,Processing,Not Applicable
O50106,C10545,P20133,2025-01-27,1,10,499,449.1,Delivered,Delivered
O50107,C10276,P20178,2025-03-30,3,20,3897,3117.6,Delivered,Delivered
O50108,C10682,P20252,2025-02-10,1,10,299,269.1,Delivered,Delivered
O50109,C10140,P20015,2025-10-31,2,20,998,798.4,Processing,Not Applicable
O50110,C10357,P20223,2025-09-25,3,15,1497,1272.45,Processing,Not Applicable
O50111,C10713,P20201,2025-05-18,1,5,299,284.05,Delivered,Delivered
O50112,C10023,P20107,2025-01-06,2,20,998,798.4,Delivered,Delivered
O50113,C10968,P20250,2025-08-30,2,0,4998,4998.0,Delivered,Delivered
O50114,C10736,P20089,2025-06-11,1,15,599,509.15,Delivered,Delivered
O50115,C10880,P20125,2025-06-29,1,5,299,284.05,Delivered,Delivered
O50116,C10270,P20113,2025-10-24,2,0,2598,2598.0,Delivered,Delivered
O50117,C10859,P20137,2025-01-06,1,15,1999,1699.15,Delivered,Delivered
O50118,C10665,P20247,2025-09-28,3,15,1497,1272.45,Delivered,Delivered
O50119,C10333,P20166,2025-09-29,1,20,1999,1599.2,Delivered,Delivered
O50120,C10085,P20150,2025-06-05,1,20,399,319.2,Cancelled,Not Applicable
O50121,C10621,P20068,2025-03-26,1,20,1599,1279.2,Delivered,Delivered
O50122,C10031,P20221,2025-07-19,3,10,2397,2157.3,Delivered,Delivered
O50123,C10741,P20271,2025-01-10,3,15,1197,1017.45,Delivered,Delayed
O50124,C10240,P20020,2025-05-18,2,15,798,678.3,Delivered,Delivered
O50125,C10890,P20289,2025-08-30,1,10,2499,2249.1,Delivered,Delivered
O50126,C10363,P20100,2025-07-20,1,15,599,509.15,Cancelled,Not Applicable
O50127,C10822,P20252,2025-06-05,3,25,897,672.75,Delivered,Delivered
O50128,C10389,P20077,2025-10-02,2,5,2598,2468.1,Delivered,Delivered
O50129,C10653,P20135,2025-08-13,1,25,1999,1499.25,Delivered,Delivered
O50130,C10668,P20173,2025-03-09,2,0,998,998.0,Cancelled,Not Applicable
O50131,C10299,P20201,2025-07-03,1,10,299,269.1,Delivered,Delivered
O50132,C10857,P20217,2025-07-14,2,10,5998,5398.2,Delivered,Delivered
O50133,C10371,P20208,2025-02-11,3,15,1497,1272.45,Delivered,Delivered
O50134,C10099,P20074,2025-05-31,1,0,499,499.0,Cancelled,Not Applicable
O50135,C10047,P20011,2025-03-25,1,25,1999,1499.25,Delivered,Delivered
O50136,C10999,P20287,2025-05-14,1,20,499,399.2,Delivered,Delivered
O50137,C10839,P20256,2025-11-05,1,15,1599,1359.15,Cancelled,Not Applicable
O50138,C10422,P20012,2025-12-20,2,10,5998,5398.2,Delivered,Delivered
O50139,C10480,P20078,2025-10-25,3,25,1497,1122.75,Delivered,Delivered
O50140,C10579,P20172,2025-01-30,1,20,499,399.2,Delivered,Delivered
O50141,C10062,P20096,2025-01-09,1,15,399,339.15,Delivered,Delivered
O50142,C10109,P20273,2025-06-19,1,20,799,639.2,Delivered,Delivered
O50143,C10679,P20179,2025-10-17,3,15,2997,2547.45,Delivered,Delivered
O50144,C10549,P20064,2025-06-17,2,15,4998,4248.3,Delivered,Delivered
O50145,C10119,P20132,2025-12-10,1,10,1599,1439.1,Delivered,Delivered
O50146,C10598,P20272,2025-05-25,1,10,999,899.1,Delivered,Delivered
O50147,C10382,P20109,2025-08-16,2,0,5998,5998.0,Delivered,Delivered
O50148,C10392,P20273,2025-11-02,2,10,1598,1438.2,Delivered,Delivered
O50149,C10977,P20168,2025-03-17,2,20,1998,1598.4,Delivered,Delivered
O50150,C10052,P20180,2025-08-11,2,30,3198,2238.6,Delivered,Delivered
O50151,C10603,P20058,2025-06-26,3,30,897,627.9,Cancelled,Not Applicable
O50152,C10289,P20079,2025-07-08,3,15,2997,2547.45,Delivered,Delivered
O50153,C10337,P20061,2025-10-29,3,15,1497,1272.45,Delivered,Delivered
O50154,C10810,P20121,2025-02-15,1,5,1299,1234.05,Cancelled,Not Applicable
O50155,C10204,P20207,2025-01-17,2,20,798,638.4,Cancelled,Not Applicable
O50156,C10880,P20034,2025-03-07,1,0,599,599.0,Delivered,Delivered
O50157,C10238,P20070,2025-12-26,2,10,5998,5398.2,Delivered,Delivered
O50158,C10382,P20017,2025-09-18,3,15,2997,2547.45,Delivered,Delivered
O50159,C10667,P20020,2025-05-03,1,10,399,359.1,Delivered,Delivered
O50160,C10752,P20069,2025-08-19,2,0,3998,3998.0,Cancelled,Not Applicable
O50161,C10136,P20215,2025-05-05,2,20,1598,1278.4,Delivered,Delayed
O50162,C10407,P20161,2025-04-22,2,10,2598,2338.2,Delivered,Delivered
O50163,C10508,P20102,2025-09-29,2,0,5998,5998.0,Delivered,Delivered
O50164,C10362,P20206,2025-03-22,2,0,798,798.0,Delivered,Delivered
O50165,C10381,P20145,2025-09-03,2,5,1598,1518.1,Delivered,Delivered
O50166,C10881,P20057,2025-12-13,1,5,299,284.05,Cancelled,Not Applicable
O50167,C10576,P20083,2025-11-24,3,20,2397,1917.6,Delivered,Delayed
O50168,C10635,P20269,2025-08-03,1,10,799,719.1,Delivered,Delivered
O50169,C10254,P20187,2025-12-18,2,20,3998,3198.4,Delivered,Delivered
O50170,C10477,P20006,2025-08-23,2,5,998,948.1,Delivered,Delayed
O50171,C10114,P20110,2025-03-23,2,15,3998,3398.3,Delivered,Delivered
O50172,C10020,P20138,2025-10-21,2,15,1198,1018.3,Delivered,Delivered
O50173,C10528,P20051,2025-11-06,2,15,3998,3398.3,Delivered,Delivered
O50174,C10145,P20051,2025-03-17,1,15,1999,1699.15,Delivered,Delivered
O50175,C10208,P20087,2025-01-15,1,25,1999,1499.25,Delivered,Delivered
O50176,C10531,P20068,2025-08-08,1,5,1599,1519.05,Cancelled,Not Applicable
O50177,C10376,P20084,2025-08-18,1,15,2499,2124.15,Delivered,Delivered
O50178,C10504,P20042,2025-09-22,1,25,599,449.25,Delivered,Delivered
O50179,C10904,P20219,2025-09-21,2,0,1998,1998.0,Delivered,Delivered
O50180,C10166,P20057,2025-04-20,1,0,299,299.0,Delivered,Delivered
O50181,C10550,P20226,2025-11-03,2,5,2598,2468.1,Delivered,Delivered
O50182,C10181,P20196,2025-07-19,3,15,897,762.45,Cancelled,Not Applicable
O50183,C10861,P20248,2025-08-14,1,5,999,949.05,Delivered,Delivered
O50184,C10617,P20166,2025-07-04,1,5,1999,1899.05,Cancelled,Not Applicable
O50185,C10612,P20062,2025-01-31,1,10,1599,1439.1,Delivered,Delivered
O50186,C10602,P20263,2025-04-12,1,15,399,339.15,Delivered,Delivered
O50187,C10927,P20112,2025-09-16,2,5,3198,3038.1,Cancelled,Not Applicable
O50188,C10812,P20253,2025-04-09,2,10,2598,2338.2,Delivered,Delivered
O50189,C10444,P20199,2025-12-05,1,15,399,339.15,Delivered,Delivered
O50190,C10332,P20178,2025-10-26,1,25,1299,974.25,Delivered,Delivered
O50191,C10503,P20026,2025-10-12,2,15,1998,1698.3,Delivered,Delayed
O50192,C10913,P20246,2025-09-23,2,20,998,798.4,Delivered,Delivered
O50193,C10079,P20019,2025-05-20,3,10,897,807.3,Delivered,Delivered
O50194,C10585,P20265,2025-10-29,3,10,7497,6747.3,Delivered,Delayed
O50195,C10935,P20020,2025-10-13,1,10,399,359.1,Delivered,Delivered
O50196,C10938,P20106,2025-12-16,1,20,299,239.2,Delivered,Delivered
O50197,C10688,P20237,2025-08-04,1,10,1599,1439.1,Cancelled,Not Applicable
O50198,C10396,P20246,2025-02-01,1,20,499,399.2,Delivered,Delivered
O50199,C10608,P20081,2025-10-30,1,30,1599,1119.3,Delivered,Delivered
O50200,C10857,P20150,2025-03-29,2,0,798,798.0,Delivered,Delayed
O50201,C10103,P20010,2025-03-04,2,0,3198,3198.0,Delivered,Delivered
O50202,C10402,P20224,2025-10-06,1,0,799,799.0,Delivered,Delivered
O50203,C10975,P20264,2025-03-15,2,10,4998,4498.2,Delivered,Delivered
O50204,C10224,P20149,2025-11-02,1,0,499,499.0,Cancelled,Not Applicable
O50205,C10518,P20278,2025-05-04,1,25,1299,974.25,Processing,Not Applicable
O50206,C10634,P20274,2025-09-26,3,0,2997,2997.0,Delivered,Delivered
O50207,C10236,P20194,2025-10-12,3,10,1197,1077.3,Delivered,Delivered
O50208,C10427,P20172,2025-05-01,2,5,998,948.1,Delivered,Delivered
O50209,C10116,P20265,2025-12-12,1,25,2499,1874.25,Delivered,Delivered
O50210,C10163,P20026,2025-07-31,3,15,2997,2547.45,Delivered,Delivered
O50211,C10226,P20026,2025-05-28,1,25,999,749.25,Delivered,Delivered
O50212,C10230,P20034,2025-03-19,1,30,599,419.3,Delivered,Delivered
O50213,C10182,P20264,2025-12-31,2,15,4998,4248.3,Delivered,Delivered
O50214,C10249,P20138,2025-01-14,2,5,1198,1138.1,Delivered,Delivered
O50215,C10318,P20183,2025-05-16,1,5,999,949.05,Delivered,Delivered
O50216,C10965,P20242,2025-10-31,1,5,1599,1519.05,Delivered,Delivered
O50217,C10210,P20054,2025-10-07,1,20,1999,1599.2,Delivered,Delivered
O50218,C10656,P20168,2025-03-20,2,0,1998,1998.0,Delivered,Delivered
O50219,C10392,P20119,2025-08-31,1,0,399,399.0,Cancelled,Not Applicable
O50220,C10857,P20143,2025-07-12,1,15,599,509.15,Processing,Not Applicable
O50221,C10096,P20081,2025-08-30,1,15,1599,1359.15,Delivered,Delivered
O50222,C10894,P20245,2025-02-20,1,15,599,509.15,Delivered,Delivered
O50223,C10858,P20062,2025-08-20,2,10,3198,2878.2,Delivered,Delivered
O50224,C10756,P20046,2025-09-16,1,20,399,319.2,Delivered,Delivered
O50225,C10086,P20087,2025-08-06,1,15,1999,1699.15,Delivered,Delivered
O50226,C10415,P20099,2025-07-25,1,0,399,399.0,Delivered,Delivered
O50227,C10394,P20295,2025-11-10,1,20,2999,2399.2,Delivered,Delivered
O50228,C10696,P20053,2025-11-07,2,30,4998,3498.6,Delivered,Delivered
O50229,C10633,P20192,2025-04-30,1,0,499,499.0,Delivered,Delivered
O50230,C10844,P20080,2025-03-21,1,10,399,359.1,Delivered,Delivered
O50231,C10501,P20016,2025-02-11,3,15,897,762.45,Delivered,Delivered
O50232,C10604,P20194,2025-01-21,1,0,399,399.0,Delivered,Delivered
O50233,C10582,P20141,2025-01-10,1,25,1299,974.25,Delivered,Delivered
O50234,C10916,P20108,2025-11-09,2,10,2598,2338.2,Delivered,Delivered
O50235,C10133,P20265,2025-06-02,3,20,7497,5997.6,Delivered,Delivered
O50236,C10791,P20290,2025-11-08,2,15,4998,4248.3,Delivered,Delivered
O50237,C10649,P20209,2025-10-21,1,15,599,509.15,Delivered,Delivered
O50238,C10314,P20165,2025-03-27,1,5,399,379.05,Delivered,Delivered
O50239,C10699,P20152,2025-04-23,1,5,2999,2849.05,Delivered,Delivered
O50240,C10221,P20290,2025-07-08,1,0,2499,2499.0,Delivered,Delivered
O50241,C10976,P20268,2025-04-22,1,5,299,284.05,Delivered,Delivered
O50242,C10438,P20151,2025-06-24,1,10,2499,2249.1,Delivered,Delivered
O50243,C10046,P20207,2025-11-06,1,20,399,319.2,Delivered,Delivered
O50244,C10790,P20255,2025-10-29,2,10,5998,5398.2,Delivered,Delivered
O50245,C10192,P20141,2025-01-04,3,20,3897,3117.6,Delivered,Delivered
O50246,C10520,P20096,2025-08-10,3,10,1197,1077.3,Delivered,Delivered
O50247,C10379,P20227,2025-08-09,3,20,2997,2397.6,Delivered,Delivered
O50248,C10788,P20193,2025-06-20,2,30,1598,1118.6,Delivered,Delivered
O50249,C10691,P20118,2025-11-14,1,5,799,759.05,Cancelled,Not Applicable
O50250,C10334,P20005,2025-08-01,3,25,1497,1122.75,Cancelled,Not Applicable
O50251,C10039,P20243,2025-09-10,1,15,2999,2549.15,Delivered,Delivered
O50252,C10293,P20021,2025-05-04,1,20,999,799.2,Delivered,Delivered
O50253,C10690,P20152,2025-05-08,2,15,5998,5098.3,Delivered,Delivered
O50254,C10162,P20128,2025-08-01,2,10,1998,1798.2,Processing,Not Applicable
O50255,C10331,P20124,2025-04-22,2,5,1998,1898.1,Delivered,Delivered
O50256,C10886,P20146,2025-03-26,2,0,4998,4998.0,Delivered,Delivered
O50257,C10104,P20277,2025-01-04,2,15,798,678.3,Delivered,Delivered
O50258,C10161,P20152,2025-03-06,1,30,2999,2099.3,Delivered,Delivered
O50259,C10799,P20111,2025-11-14,1,20,399,319.2,Delivered,Delivered
O50260,C10635,P20116,2025-12-12,3,10,897,807.3,Delivered,Delivered
O50261,C10054,P20188,2025-04-30,2,20,4998,3998.4,Delivered,Delivered
O50262,C10940,P20057,2025-08-31,1,20,299,239.2,Delivered,Delivered
O50263,C10034,P20251,2025-05-17,2,10,3198,2878.2,Cancelled,Not Applicable
O50264,C10242,P20150,2025-09-04,1,0,399,399.0,Delivered,Delivered
O50265,C10967,P20162,2025-02-14,1,0,999,999.0,Delivered,Delivered
O50266,C10890,P20120,2025-05-26,3,25,2397,1797.75,Delivered,Delivered
O50267,C10113,P20070,2025-06-25,1,20,2999,2399.2,Delivered,Delivered
O50268,C10318,P20099,2025-02-11,1,10,399,359.1,Delivered,Delivered
O50269,C10023,P20167,2025-10-24,1,10,2999,2699.1,Delivered,Delayed
O50270,C10558,P20298,2025-03-30,1,20,399,319.2,Processing,Not Applicable
O50271,C10824,P20151,2025-08-06,1,25,2499,1874.25,Delivered,Delivered
O50272,C10647,P20002,2025-08-16,2,20,3998,3198.4,Delivered,Delayed
O50273,C10118,P20152,2025-10-25,2,15,5998,5098.3,Delivered,Delayed
O50274,C10985,P20065,2025-10-18,3,5,3897,3702.15,Delivered,Delivered
O50275,C10701,P20069,2025-03-08,2,15,3998,3398.3,Delivered,Delivered
O50276,C10643,P20121,2025-09-08,1,5,1299,1234.05,Delivered,Delivered
O50277,C10934,P20109,2025-02-10,2,20,5998,4798.4,Delivered,Delivered
O50278,C10212,P20247,2025-04-09,2,10,998,898.2,Delivered,Delivered
O50279,C10418,P20093,2025-11-02,2,20,4998,3998.4,Delivered,Delivered
O50280,C10113,P20268,2025-12-26,1,10,299,269.1,Processing,Not Applicable
O50281,C10044,P20103,2025-12-08,1,20,2499,1999.2,Delivered,Delivered
O50282,C10128,P20112,2025-03-20,1,10,1599,1439.1,Delivered,Delivered
O50283,C10876,P20062,2025-10-28,1,10,1599,1439.1,Delivered,Delivered
O50284,C10158,P20300,2025-07-18,3,15,897,762.45,Cancelled,Not Applicable
O50285,C10785,P20136,2025-05-27,1,0,399,399.0,Delivered,Delivered
O50286,C10827,P20055,2025-04-16,2,25,798,598.5,Delivered,Delivered
O50287,C10394,P20108,2025-07-12,2,15,2598,2208.3,Delivered,Delivered
O50288,C10867,P20258,2025-05-02,1,15,599,509.15,Delivered,Delayed
O50289,C10852,P20253,2025-03-18,3,20,3897,3117.6,Delivered,Delivered
O50290,C10512,P20222,2025-11-08,2,25,998,748.5,Delivered,Delivered
O50291,C10914,P20167,2025-04-22,2,15,5998,5098.3,Delivered,Delivered
O50292,C10045,P20160,2025-12-15,2,25,798,598.5,Delivered,Delivered
O50293,C10108,P20166,2025-10-24,1,0,1999,1999.0,Delivered,Delivered
O50294,C10219,P20205,2025-06-19,1,0,2499,2499.0,Delivered,Delivered
O50295,C10443,P20267,2025-01-06,1,15,2499,2124.15,Delivered,Delivered
O50296,C10830,P20138,2025-07-16,1,10,599,539.1,Delivered,Delivered
O50297,C10315,P20248,2025-04-08,1,10,999,899.1,Delivered,Delivered
O50298,C10177,P20055,2025-11-25,3,10,1197,1077.3,Delivered,Delivered
O50299,C10228,P20209,2025-08-18,2,10,1198,1078.2,Delivered,Delivered
O50300,C10703,P20017,2025-06-17,1,20,999,799.2,Delivered,Delivered
O50301,C10983,P20068,2025-10-24,3,15,4797,4077.45,Delivered,Delivered
O50302,C10672,P20133,2025-09-22,1,30,499,349.3,Delivered,Delivered
O50303,C10906,P20188,2025-01-08,3,20,7497,5997.6,Delivered,Delivered
O50304,C10267,P20138,2025-06-21,2,10,1198,1078.2,Processing,Not Applicable
O50305,C10870,P20174,2025-12-26,2,5,798,758.1,Delivered,Delivered
O50306,C10838,P20097,2025-07-14,2,10,1598,1438.2,Delivered,Delivered
O50307,C10379,P20171,2025-09-26,3,20,2397,1917.6,Delivered,Delivered
O50308,C10489,P20154,2025-01-19,1,0,999,999.0,Delivered,Delivered
O50309,C10702,P20183,2025-12-20,2,5,1998,1898.1,Delivered,Delivered
O50310,C10687,P20242,2025-12-18,2,25,3198,2398.5,Delivered,Delivered
O50311,C10290,P20285,2025-02-18,2,15,2598,2208.3,Delivered,Delivered
O50312,C10996,P20027,2025-12-22,1,5,299,284.05,Delivered,Delivered
O50313,C10357,P20060,2025-12-04,2,5,1198,1138.1,Delivered,Delivered
O50314,C10657,P20202,2025-06-07,2,25,4998,3748.5,Delivered,Delivered
O50315,C10744,P20250,2025-03-07,1,25,2499,1874.25,Delivered,Delivered
O50316,C10872,P20069,2025-12-13,2,5,3998,3798.1,Delivered,Delivered
O50317,C10950,P20021,2025-02-28,3,10,2997,2697.3,Delivered,Delivered
O50318,C10204,P20152,2025-11-05,1,20,2999,2399.2,Delivered,Delivered
O50319,C10213,P20102,2025-11-04,3,20,8997,7197.6,Delivered,Delivered
O50320,C10552,P20095,2025-12-03,2,20,4998,3998.4,Delivered,Delivered
O50321,C10787,P20229,2025-06-08,1,15,499,424.15,Delivered,Delivered
O50322,C10323,P20125,2025-09-28,1,25,299,224.25,Delivered,Delivered
O50323,C10594,P20258,2025-05-01,1,10,599,539.1,Delivered,Delivered
O50324,C10181,P20236,2025-09-11,2,5,4998,4748.1,Delivered,Delayed
O50325,C10499,P20162,2025-09-18,2,20,1998,1598.4,Delivered,Delivered
O50326,C10320,P20042,2025-05-15,2,15,1198,1018.3,Delivered,Delivered
O50327,C10083,P20276,2025-10-01,1,25,2499,1874.25,Delivered,Delivered
O50328,C10303,P20068,2025-02-25,1,0,1599,1599.0,Delivered,Delivered
O50329,C10262,P20173,2025-11-27,1,20,499,399.2,Delivered,Delivered
O50330,C10784,P20125,2025-04-06,1,10,299,269.1,Delivered,Delivered
O50331,C10200,P20170,2025-04-24,2,15,3198,2718.3,Cancelled,Not Applicable
O50332,C10240,P20047,2025-12-23,2,0,4998,4998.0,Delivered,Delivered
O50333,C10914,P20261,2025-01-28,2,15,1998,1698.3,Delivered,Delivered
O50334,C10692,P20217,2025-11-02,1,20,2999,2399.2,Delivered,Delivered
O50335,C10944,P20124,2025-01-02,2,10,1998,1798.2,Delivered,Delivered
O50336,C10683,P20293,2025-07-31,3,5,1197,1137.15,Delivered,Delayed
O50337,C10295,P20162,2025-03-09,3,15,2997,2547.45,Delivered,Delivered
O50338,C10512,P20201,2025-05-08,2,20,598,478.4,Delivered,Delivered
O50339,C10689,P20275,2025-11-29,3,10,1797,1617.3,Delivered,Delivered
O50340,C10881,P20206,2025-01-24,3,5,1197,1137.15,Delivered,Delivered
O50341,C10396,P20040,2025-09-10,1,10,999,899.1,Delivered,Delivered
O50342,C10749,P20273,2025-08-18,3,25,2397,1797.75,Cancelled,Not Applicable
O50343,C10138,P20188,2025-06-25,1,10,2499,2249.1,Delivered,Delivered
O50344,C10839,P20093,2025-08-09,1,0,2499,2499.0,Delivered,Delivered
O50345,C10878,P20042,2025-02-05,1,20,599,479.2,Delivered,Delivered
O50346,C10823,P20107,2025-01-02,1,20,499,399.2,Delivered,Delivered
O50347,C10129,P20065,2025-12-27,1,0,1299,1299.0,Delivered,Delivered
O50348,C10049,P20135,2025-10-01,1,30,1999,1399.3,Delivered,Delayed
O50349,C10676,P20024,2025-06-26,1,15,399,339.15,Delivered,Delivered
O50350,C10789,P20028,2025-09-21,1,15,299,254.15,Delivered,Delayed
O50351,C10293,P20062,2025-07-05,1,10,1599,1439.1,Delivered,Delivered
O50352,C10628,P20273,2025-01-15,3,25,2397,1797.75,Delivered,Delivered
O50353,C10536,P20229,2025-10-06,1,5,499,474.05,Delivered,Delivered
O50354,C10311,P20020,2025-07-13,1,10,399,359.1,Delivered,Delivered
O50355,C10537,P20003,2025-07-17,1,0,499,499.0,Delivered,Delivered
O50356,C10903,P20218,2025-12-15,1,20,1299,1039.2,Delivered,Delayed
O50357,C10639,P20136,2025-11-01,1,15,399,339.15,Delivered,Delivered
O50358,C10234,P20003,2025-03-05,1,15,499,424.15,Delivered,Delivered
O50359,C10209,P20193,2025-10-17,3,5,2397,2277.15,Delivered,Delivered
O50360,C10605,P20073,2025-01-18,1,15,599,509.15,Delivered,Delivered
O50361,C10094,P20118,2025-03-05,3,20,2397,1917.6,Delivered,Delivered
O50362,C10327,P20154,2025-12-28,2,10,1998,1798.2,Cancelled,Not Applicable
O50363,C10225,P20209,2025-11-26,3,20,1797,1437.6,Delivered,Delivered
O50364,C10967,P20034,2025-12-24,1,10,599,539.1,Delivered,Delivered
O50365,C10890,P20137,2025-09-08,1,20,1999,1599.2,Delivered,Delivered
O50366,C10792,P20120,2025-01-17,1,0,799,799.0,Delivered,Delivered
O50367,C10011,P20115,2025-05-21,1,15,2999,2549.15,Delivered,Delivered
O50368,C10329,P20013,2025-11-04,1,30,999,699.3,Cancelled,Not Applicable
O50369,C10012,P20069,2025-11-16,1,30,1999,1399.3,Delivered,Delivered
O50370,C10035,P20257,2025-09-02,2,10,598,538.2,Delivered,Delivered
O50371,C10447,P20089,2025-10-17,1,10,599,539.1,Delivered,Delivered
O50372,C10452,P20047,2025-12-17,2,0,4998,4998.0,Delivered,Delayed
O50373,C10740,P20260,2025-03-28,1,25,1599,1199.25,Delivered,Delivered
O50374,C10220,P20228,2025-07-18,1,15,1299,1104.15,Delivered,Delivered
O50375,C10441,P20180,2025-12-24,1,10,1599,1439.1,Delivered,Delivered
O50376,C10653,P20010,2025-06-10,1,0,1599,1599.0,Delivered,Delivered
O50377,C10535,P20284,2025-05-20,2,25,2598,1948.5,Delivered,Delivered
O50378,C10595,P20126,2025-03-17,2,15,598,508.3,Delivered,Delivered
O50379,C10229,P20134,2025-01-19,1,10,1599,1439.1,Delivered,Delivered
O50380,C10935,P20155,2025-11-26,1,10,599,539.1,Cancelled,Not Applicable
O50381,C10344,P20248,2025-02-19,1,10,999,899.1,Delivered,Delivered
O50382,C10080,P20140,2025-08-20,2,15,5998,5098.3,Delivered,Delivered
O50383,C10353,P20176,2025-10-22,1,25,2499,1874.25,Delivered,Delivered
O50384,C10396,P20174,2025-01-12,2,25,798,598.5,Delivered,Delayed
O50385,C10290,P20074,2025-12-01,2,10,998,898.2,Delivered,Delivered
O50386,C10455,P20143,2025-01-15,1,20,599,479.2,Delivered,Delivered
O50387,C10843,P20292,2025-01-28,1,10,399,359.1,Delivered,Delivered
O50388,C10671,P20112,2025-10-19,1,5,1599,1519.05,Delivered,Delivered
O50389,C10989,P20206,2025-11-17,2,30,798,558.6,Delivered,Delivered
O50390,C10128,P20131,2025-09-07,2,10,1598,1438.2,Delivered,Delivered
O50391,C10702,P20110,2025-04-08,1,10,1999,1799.1,Delivered,Delivered
O50392,C10909,P20067,2025-10-30,3,30,1197,837.9,Delivered,Delivered
O50393,C10543,P20086,2025-12-03,1,0,999,999.0,Delivered,Delivered
O50394,C10898,P20275,2025-02-08,1,20,599,479.2,Delivered,Delivered
O50395,C10359,P20227,2025-02-07,2,25,1998,1498.5,Processing,Not Applicable
O50396,C10527,P20010,2025-10-27,1,15,1599,1359.15,Delivered,Delivered
O50397,C10313,P20288,2025-06-28,2,0,798,798.0,Delivered,Delivered
O50398,C10075,P20112,2025-04-07,2,10,3198,2878.2,Delivered,Delivered
O50399,C10546,P20024,2025-10-09,1,0,399,399.0,Delivered,Delivered
O50400,C10871,P20291,2025-08-26,3,10,7497,6747.3,Delivered,Delivered
O50401,C10196,P20168,2025-06-13,1,20,999,799.2,Delivered,Delivered
O50402,C10843,P20109,2025-04-07,2,10,5998,5398.2,Delivered,Delivered
O50403,C10029,P20190,2025-09-14,2,10,2598,2338.2,Delivered,Delivered
O50404,C10706,P20196,2025-11-05,1,15,299,254.15,Processing,Not Applicable
O50405,C10016,P20033,2025-09-19,1,15,1999,1699.15,Delivered,Delivered
O50406,C10423,P20205,2025-10-20,1,25,2499,1874.25,Delivered,Delivered
O50407,C10589,P20182,2025-09-15,3,10,1797,1617.3,Delivered,Delivered
O50408,C10805,P20147,2025-09-06,2,20,5998,4798.4,Delivered,Delivered
O50409,C10593,P20268,2025-09-02,2,15,598,508.3,Delivered,Delivered
O50410,C10405,P20011,2025-09-08,2,10,3998,3598.2,Delivered,Delivered
O50411,C10940,P20070,2025-05-03,2,10,5998,5398.2,Delivered,Delivered
O50412,C10636,P20256,2025-11-21,2,10,3198,2878.2,Delivered,Delayed
O50413,C10531,P20219,2025-06-18,1,15,999,849.15,Delivered,Delivered
O50414,C10967,P20297,2025-06-24,2,5,1998,1898.1,Delivered,Delivered
O50415,C10614,P20259,2025-09-26,1,25,2499,1874.25,Delivered,Delivered
O50416,C10904,P20003,2025-07-23,1,15,499,424.15,Delivered,Delivered
O50417,C10077,P20084,2025-11-21,1,25,2499,1874.25,Delivered,Delivered
O50418,C10229,P20156,2025-03-07,1,0,499,499.0,Delivered,Delayed
O50419,C10962,P20151,2025-11-11,3,10,7497,6747.3,Delivered,Delivered
O50420,C10297,P20176,2025-11-20,2,0,4998,4998.0,Delivered,Delivered
O50421,C10510,P20195,2025-02-28,2,10,798,718.2,Delivered,Delivered
O50422,C10715,P20107,2025-08-07,1,25,499,374.25,Processing,Not Applicable
O50423,C10984,P20134,2025-09-23,2,0,3198,3198.0,Delivered,Delivered
O50424,C10966,P20276,2025-05-21,2,10,4998,4498.2,Delivered,Delivered
O50425,C10573,P20155,2025-08-24,2,0,1198,1198.0,Delivered,Delivered
O50426,C10538,P20277,2025-08-06,2,10,798,718.2,Delivered,Delivered
O50427,C10583,P20236,2025-01-15,2,20,4998,3998.4,Cancelled,Not Applicable
O50428,C10615,P20240,2025-10-29,1,15,299,254.15,Cancelled,Not Applicable
O50429,C10979,P20013,2025-05-18,1,20,999,799.2,Delivered,Delayed
O50430,C10326,P20035,2025-08-20,1,10,1999,1799.1,Delivered,Delivered
O50431,C10363,P20047,2025-03-30,1,25,2499,1874.25,Delivered,Delivered
O50432,C10669,P20214,2025-03-18,3,20,2997,2397.6,Delivered,Delivered
O50433,C10875,P20146,2025-05-16,1,10,2499,2249.1,Delivered,Delivered
O50434,C10359,P20159,2025-04-20,2,10,4998,4498.2,Delivered,Delivered
O50435,C10706,P20125,2025-12-19,1,25,299,224.25,Delivered,Delivered
O50436,C10787,P20110,2025-10-28,3,15,5997,5097.45,Cancelled,Not Applicable
O50437,C10324,P20037,2025-04-01,1,20,299,239.2,Delivered,Delivered
O50438,C10698,P20277,2025-07-09,1,10,399,359.1,Delivered,Delivered
O50439,C10326,P20014,2025-03-14,1,5,599,569.05,Delivered,Delivered
O50440,C10625,P20232,2025-06-22,1,20,999,799.2,Delivered,Delivered
O50441,C10825,P20124,2025-02-04,1,15,999,849.15,Delivered,Delivered
O50442,C10165,P20279,2025-07-29,1,15,1599,1359.15,Delivered,Delayed
O50443,C10573,P20111,2025-10-25,1,15,399,339.15,Delivered,Delivered
O50444,C10604,P20124,2025-05-13,2,5,1998,1898.1,Delivered,Delivered
O50445,C10798,P20030,2025-10-10,1,20,299,239.2,Delivered,Delivered
O50446,C10455,P20115,2025-07-17,1,25,2999,2249.25,Cancelled,Not Applicable
O50447,C10969,P20090,2025-02-01,1,25,299,224.25,Delivered,Delivered
O50448,C10153,P20212,2025-05-16,1,10,499,449.1,Cancelled,Not Applicable
O50449,C10737,P20038,2025-09-05,2,10,798,718.2,Cancelled,Not Applicable
O50450,C10127,P20083,2025-12-25,1,20,799,639.2,Cancelled,Not Applicable
O50451,C10193,P20027,2025-12-07,3,15,897,762.45,Cancelled,Not Applicable
O50452,C10627,P20217,2025-05-26,1,15,2999,2549.15,Delivered,Delivered
O50453,C10774,P20215,2025-11-30,1,25,799,599.25,Cancelled,Not Applicable
O50454,C10530,P20221,2025-05-23,1,15,799,679.15,Delivered,Delivered
O50455,C10010,P20015,2025-08-22,1,15,499,424.15,Delivered,Delayed
O50456,C10092,P20259,2025-02-13,2,0,4998,4998.0,Delivered,Delivered
O50457,C10139,P20266,2025-02-01,3,0,1197,1197.0,Delivered,Delivered
O50458,C10481,P20120,2025-08-19,1,0,799,799.0,Delivered,Delivered
O50459,C10449,P20128,2025-01-28,2,25,1998,1498.5,Delivered,Delivered
O50460,C10333,P20211,2025-06-09,1,10,1999,1799.1,Delivered,Delivered
O50461,C10869,P20011,2025-11-29,3,10,5997,5397.3,Delivered,Delivered
O50462,C10340,P20176,2025-07-26,1,20,2499,1999.2,Delivered,Delivered
O50463,C10961,P20133,2025-01-18,1,15,499,424.15,Delivered,Delivered
O50464,C10052,P20014,2025-04-13,1,15,599,509.15,Delivered,Delivered
O50465,C10707,P20050,2025-03-11,2,10,598,538.2,Delivered,Delivered
O50466,C10466,P20072,2025-04-29,1,20,399,319.2,Delivered,Delivered
O50467,C10718,P20069,2025-05-19,1,5,1999,1899.05,Delivered,Delivered
O50468,C10799,P20016,2025-06-09,2,0,598,598.0,Delivered,Delivered
O50469,C10475,P20056,2025-08-20,3,5,1197,1137.15,Delivered,Delivered
O50470,C10401,P20105,2025-05-28,2,5,4998,4748.1,Delivered,Delivered
O50471,C10439,P20132,2025-12-19,3,10,4797,4317.3,Delivered,Delivered
O50472,C10878,P20048,2025-08-31,1,15,1299,1104.15,Delivered,Delivered
O50473,C10605,P20248,2025-02-04,2,5,1998,1898.1,Processing,Not Applicable
O50474,C10932,P20273,2025-11-21,1,15,799,679.15,Delivered,Delayed
O50475,C10997,P20111,2025-12-21,1,0,399,399.0,Delivered,Delivered
O50476,C10922,P20038,2025-08-27,1,0,399,399.0,Delivered,Delivered
O50477,C10821,P20240,2025-11-30,1,15,299,254.15,Delivered,Delivered
O50478,C10657,P20121,2025-05-29,3,25,3897,2922.75,Processing,Not Applicable
O50479,C10598,P20048,2025-04-21,1,25,1299,974.25,Delivered,Delivered
O50480,C10509,P20010,2025-01-17,2,30,3198,2238.6,Delivered,Delivered
O50481,C10153,P20233,2025-08-14,2,15,998,848.3,Delivered,Delivered
O50482,C10514,P20036,2025-05-20,1,15,499,424.15,Delivered,Delayed
O50483,C10503,P20004,2025-05-24,2,15,998,848.3,Delivered,Delivered
O50484,C10854,P20044,2025-09-17,2,15,798,678.3,Delivered,Delivered
O50485,C10901,P20056,2025-08-05,1,0,399,399.0,Delivered,Delivered
O50486,C10772,P20042,2025-06-11,2,15,1198,1018.3,Cancelled,Not Applicable
O50487,C10676,P20255,2025-04-02,1,10,2999,2699.1,Delivered,Delayed
O50488,C10006,P20228,2025-06-23,1,10,1299,1169.1,Delivered,Delivered
O50489,C10500,P20114,2025-11-27,2,15,3198,2718.3,Delivered,Delivered
O50490,C10661,P20237,2025-07-24,1,0,1599,1599.0,Delivered,Delivered
O50491,C10717,P20174,2025-06-02,3,10,1197,1077.3,Delivered,Delivered
O50492,C10118,P20255,2025-04-13,3,0,8997,8997.0,Delivered,Delivered
O50493,C10485,P20277,2025-07-21,1,30,399,279.3,Delivered,Delivered
O50494,C10601,P20069,2025-10-07,2,0,3998,3998.0,Delivered,Delivered
O50495,C10666,P20230,2025-03-06,3,5,5997,5697.15,Delivered,Delivered
O50496,C10951,P20067,2025-04-27,2,25,798,598.5,Delivered,Delivered
O50497,C10679,P20036,2025-06-02,1,15,499,424.15,Delivered,Delivered
O50498,C10468,P20159,2025-06-05,2,0,4998,4998.0,Delivered,Delivered
O50499,C10161,P20149,2025-06-13,1,10,499,449.1,Delivered,Delivered
O50500,C10270,P20027,2025-03-23,1,0,299,299.0,Delivered,Delivered
O50501,C10056,P20072,2025-01-06,2,5,798,758.1,Delivered,Delivered
O50502,C10228,P20248,2025-11-18,2,0,1998,1998.0,Delivered,Delivered
O50503,C10849,P20101,2025-03-08,2,10,2598,2338.2,Delivered,Delivered
O50504,C10149,P20190,2025-08-26,3,20,3897,3117.6,Delivered,Delivered
O50505,C10046,P20096,2025-03-13,2,15,798,678.3,Delivered,Delayed
O50506,C10144,P20282,2025-04-05,1,15,2999,2549.15,Delivered,Delivered
O50507,C10750,P20278,2025-10-31,1,5,1299,1234.05,Delivered,Delivered
O50508,C10784,P20017,2025-11-22,2,10,1998,1798.2,Delivered,Delivered
O50509,C10632,P20263,2025-03-19,1,20,399,319.2,Delivered,Delivered
O50510,C10340,P20107,2025-03-08,3,0,1497,1497.0,Delivered,Delivered
O50511,C10413,P20068,2025-06-25,1,25,1599,1199.25,Delivered,Delivered
O50512,C10732,P20128,2025-11-17,2,15,1998,1698.3,Delivered,Delivered
O50513,C10520,P20293,2025-06-21,1,20,399,319.2,Delivered,Delivered
O50514,C10344,P20294,2025-09-12,2,10,3198,2878.2,Cancelled,Not Applicable
O50515,C10387,P20096,2025-03-04,1,10,399,359.1,Delivered,Delivered
O50516,C10473,P20001,2025-10-29,1,20,1299,1039.2,Delivered,Delivered
O50517,C10275,P20298,2025-09-03,2,20,798,638.4,Delivered,Delivered
O50518,C10353,P20180,2025-07-11,3,5,4797,4557.15,Delivered,Delivered
O50519,C10066,P20181,2025-11-25,1,30,1999,1399.3,Delivered,Delivered
O50520,C10079,P20235,2025-03-12,1,0,599,599.0,Delivered,Delivered
O50521,C10598,P20008,2025-08-17,3,0,5997,5997.0,Cancelled,Not Applicable
O50522,C10636,P20027,2025-03-04,1,15,299,254.15,Delivered,Delivered
O50523,C10202,P20146,2025-10-24,2,20,4998,3998.4,Delivered,Delivered
O50524,C10978,P20091,2025-09-02,2,30,3198,2238.6,Delivered,Delivered
O50525,C10662,P20272,2025-01-07,1,10,999,899.1,Delivered,Delivered
O50526,C10558,P20005,2025-09-17,1,0,499,499.0,Delivered,Delivered
O50527,C10113,P20082,2025-03-30,1,15,1599,1359.15,Delivered,Delivered
O50528,C10091,P20219,2025-06-26,3,10,2997,2697.3,Delivered,Delivered
O50529,C10141,P20118,2025-07-23,2,10,1598,1438.2,Delivered,Delayed
O50530,C10289,P20081,2025-05-14,2,15,3198,2718.3,Delivered,Delivered
O50531,C10901,P20070,2025-03-23,1,0,2999,2999.0,Processing,Not Applicable
O50532,C10730,P20115,2025-01-21,1,15,2999,2549.15,Delivered,Delayed
O50533,C10589,P20263,2025-05-08,3,10,1197,1077.3,Delivered,Delivered
O50534,C10411,P20142,2025-07-14,2,20,3198,2558.4,Delivered,Delivered
O50535,C10377,P20207,2025-07-13,1,15,399,339.15,Delivered,Delivered
O50536,C10384,P20111,2025-07-03,1,5,399,379.05,Delivered,Delivered
O50537,C10846,P20112,2025-09-04,2,5,3198,3038.1,Delivered,Delivered
O50538,C10152,P20043,2025-12-27,1,5,999,949.05,Delivered,Delivered
O50539,C10835,P20285,2025-12-26,1,5,1299,1234.05,Delivered,Delivered
O50540,C10751,P20128,2025-11-20,2,15,1998,1698.3,Delivered,Delivered
O50541,C10627,P20185,2025-06-09,1,30,1599,1119.3,Delivered,Delivered
O50542,C10319,P20229,2025-07-13,2,15,998,848.3,Delivered,Delivered
O50543,C10369,P20221,2025-04-20,1,15,799,679.15,Delivered,Delivered
O50544,C10606,P20117,2025-03-07,2,10,1198,1078.2,Delivered,Delivered
O50545,C10995,P20070,2025-09-11,2,10,5998,5398.2,Cancelled,Not Applicable
O50546,C10560,P20070,2025-10-10,1,25,2999,2249.25,Delivered,Delayed
O50547,C10703,P20110,2025-03-01,2,30,3998,2798.6,Delivered,Delivered
O50548,C10462,P20132,2025-04-28,1,15,1599,1359.15,Delivered,Delivered
O50549,C10012,P20056,2025-02-13,1,10,399,359.1,Delivered,Delivered
O50550,C10156,P20089,2025-07-29,1,20,599,479.2,Delivered,Delivered
O50551,C10684,P20137,2025-02-05,3,0,5997,5997.0,Delivered,Delivered
O50552,C10477,P20131,2025-01-19,1,20,799,639.2,Delivered,Delivered
O50553,C10939,P20218,2025-04-01,3,20,3897,3117.6,Delivered,Delivered
O50554,C10401,P20176,2025-10-28,2,0,4998,4998.0,Delivered,Delivered
O50555,C10808,P20171,2025-07-31,2,30,1598,1118.6,Delivered,Delivered
O50556,C10177,P20100,2025-08-10,2,30,1198,838.6,Cancelled,Not Applicable
O50557,C10341,P20129,2025-08-05,1,25,799,599.25,Delivered,Delivered
O50558,C10057,P20057,2025-08-11,2,15,598,508.3,Delivered,Delivered
O50559,C10855,P20181,2025-04-08,1,5,1999,1899.05,Delivered,Delivered
O50560,C10852,P20246,2025-01-19,1,15,499,424.15,Delivered,Delivered
O50561,C10448,P20144,2025-10-24,1,10,999,899.1,Delivered,Delivered
O50562,C10203,P20051,2025-01-26,2,5,3998,3798.1,Delivered,Delivered
O50563,C10697,P20218,2025-01-28,1,10,1299,1169.1,Delivered,Delayed
O50564,C10633,P20104,2025-03-05,1,15,599,509.15,Delivered,Delivered
O50565,C10738,P20055,2025-11-20,3,0,1197,1197.0,Delivered,Delivered
O50566,C10202,P20257,2025-08-11,1,10,299,269.1,Delivered,Delivered
O50567,C10330,P20156,2025-03-21,1,0,499,499.0,Delivered,Delivered
O50568,C10363,P20053,2025-02-20,1,20,2499,1999.2,Delivered,Delivered
O50569,C10892,P20187,2025-04-12,2,15,3998,3398.3,Delivered,Delayed
O50570,C10454,P20150,2025-06-25,3,0,1197,1197.0,Delivered,Delivered
O50571,C10356,P20264,2025-01-10,1,30,2499,1749.3,Delivered,Delivered
O50572,C10216,P20250,2025-08-25,3,0,7497,7497.0,Delivered,Delivered
O50573,C10972,P20298,2025-04-10,2,15,798,678.3,Delivered,Delivered
O50574,C10555,P20211,2025-08-16,2,20,3998,3198.4,Delivered,Delivered
O50575,C10887,P20025,2025-03-05,2,20,1598,1278.4,Delivered,Delivered
O50576,C10023,P20294,2025-01-19,1,0,1599,1599.0,Cancelled,Not Applicable
O50577,C10155,P20152,2025-11-28,3,25,8997,6747.75,Delivered,Delivered
O50578,C10186,P20024,2025-11-14,3,25,1197,897.75,Delivered,Delayed
O50579,C10249,P20252,2025-05-21,1,15,299,254.15,Delivered,Delivered
O50580,C10749,P20060,2025-01-25,2,15,1198,1018.3,Delivered,Delayed
O50581,C10805,P20066,2025-08-16,1,0,1999,1999.0,Cancelled,Not Applicable
O50582,C10134,P20053,2025-03-30,2,15,4998,4248.3,Cancelled,Not Applicable
O50583,C10321,P20106,2025-04-02,3,10,897,807.3,Delivered,Delivered
O50584,C10390,P20096,2025-02-11,3,20,1197,957.6,Delivered,Delivered
O50585,C10434,P20176,2025-10-22,1,10,2499,2249.1,Delivered,Delivered
O50586,C10022,P20039,2025-03-22,1,15,299,254.15,Delivered,Delivered
O50587,C10873,P20168,2025-04-17,2,0,1998,1998.0,Delivered,Delivered
O50588,C10600,P20042,2025-04-21,2,0,1198,1198.0,Delivered,Delivered
O50589,C10665,P20104,2025-10-04,2,0,1198,1198.0,Delivered,Delivered
O50590,C10125,P20204,2025-08-02,2,0,1598,1598.0,Delivered,Delivered
O50591,C10079,P20008,2025-08-19,2,15,3998,3398.3,Delivered,Delivered
O50592,C10858,P20282,2025-11-02,1,20,2999,2399.2,Delivered,Delivered
O50593,C10968,P20043,2025-05-01,1,15,999,849.15,Delivered,Delivered
O50594,C10051,P20110,2025-05-14,2,15,3998,3398.3,Delivered,Delivered
O50595,C10728,P20210,2025-11-02,3,15,1797,1527.45,Delivered,Delayed
O50596,C10176,P20237,2025-07-27,1,10,1599,1439.1,Delivered,Delivered
O50597,C10870,P20049,2025-09-14,2,10,1198,1078.2,Delivered,Delivered
O50598,C10253,P20115,2025-07-04,1,10,2999,2699.1,Delivered,Delivered
O50599,C10966,P20155,2025-10-13,2,20,1198,958.4,Delivered,Delivered
O50600,C10246,P20137,2025-12-29,1,5,1999,1899.05,Delivered,Delivered
O50601,C10739,P20167,2025-06-29,3,0,8997,8997.0,Delivered,Delivered
O50602,C10106,P20199,2025-02-17,3,15,1197,1017.45,Delivered,Delivered
O50603,C10193,P20071,2025-03-28,1,25,499,374.25,Delivered,Delivered
O50604,C10316,P20007,2025-01-19,1,15,1299,1104.15,Delivered,Delivered
O50605,C10302,P20200,2025-02-15,3,20,3897,3117.6,Delivered,Delivered
O50606,C10548,P20067,2025-02-25,1,15,399,339.15,Delivered,Delivered
O50607,C10954,P20138,2025-08-17,2,15,1198,1018.3,Delivered,Delivered
O50608,C10716,P20242,2025-05-25,1,20,1599,1279.2,Processing,Not Applicable
O50609,C10934,P20213,2025-04-02,1,20,599,479.2,Delivered,Delivered
O50610,C10779,P20181,2025-03-23,1,5,1999,1899.05,Delivered,Delayed
O50611,C10268,P20254,2025-08-13,2,10,2598,2338.2,Delivered,Delivered
O50612,C10170,P20101,2025-03-20,3,5,3897,3702.15,Delivered,Delayed
O50613,C10551,P20087,2025-05-30,1,10,1999,1799.1,Delivered,Delayed
O50614,C10455,P20185,2025-12-27,2,25,3198,2398.5,Cancelled,Not Applicable
O50615,C10651,P20091,2025-10-10,3,10,4797,4317.3,Delivered,Delivered
O50616,C10292,P20248,2025-11-07,2,10,1998,1798.2,Delivered,Delivered
O50617,C10564,P20214,2025-06-09,1,25,999,749.25,Delivered,Delivered
O50618,C10799,P20249,2025-11-12,2,15,3198,2718.3,Delivered,Delivered
O50619,C10801,P20126,2025-12-31,1,15,299,254.15,Cancelled,Not Applicable
O50620,C10141,P20004,2025-06-05,1,25,499,374.25,Delivered,Delivered
O50621,C10146,P20088,2025-06-05,3,15,1797,1527.45,Delivered,Delivered
O50622,C10425,P20151,2025-07-21,3,15,7497,6372.45,Delivered,Delivered
O50623,C10314,P20176,2025-12-07,1,0,2499,2499.0,Cancelled,Not Applicable
O50624,C10184,P20211,2025-12-08,2,5,3998,3798.1,Delivered,Delivered
O50625,C10664,P20259,2025-04-27,1,10,2499,2249.1,Delivered,Delivered
O50626,C10713,P20091,2025-06-03,1,15,1599,1359.15,Delivered,Delivered
O50627,C10128,P20259,2025-12-30,3,30,7497,5247.9,Delivered,Delivered
O50628,C10287,P20191,2025-11-27,3,30,4797,3357.9,Delivered,Delivered
O50629,C10823,P20081,2025-04-29,2,25,3198,2398.5,Delivered,Delivered
O50630,C10253,P20138,2025-07-18,1,10,599,539.1,Delivered,Delivered
O50631,C10778,P20126,2025-09-20,2,30,598,418.6,Delivered,Delivered
O50632,C10700,P20230,2025-07-03,1,15,1999,1699.15,Delivered,Delivered
O50633,C10386,P20020,2025-05-28,1,10,399,359.1,Delivered,Delivered
O50634,C10230,P20049,2025-06-15,2,20,1198,958.4,Delivered,Delivered
O50635,C10271,P20135,2025-03-16,1,0,1999,1999.0,Cancelled,Not Applicable
O50636,C10771,P20029,2025-08-24,2,0,798,798.0,Delivered,Delivered
O50637,C10811,P20048,2025-11-10,1,20,1299,1039.2,Delivered,Delivered
O50638,C10415,P20269,2025-09-29,1,15,799,679.15,Delivered,Delivered
O50639,C10198,P20003,2025-06-28,3,10,1497,1347.3,Delivered,Delivered
O50640,C10323,P20258,2025-10-10,2,15,1198,1018.3,Delivered,Delivered
O50641,C10056,P20016,2025-02-20,2,25,598,448.5,Delivered,Delivered
O50642,C10831,P20094,2025-03-16,1,15,299,254.15,Delivered,Delivered
O50643,C10203,P20134,2025-05-24,3,10,4797,4317.3,Delivered,Delayed
O50644,C10783,P20133,2025-12-09,1,0,499,499.0,Delivered,Delivered
O50645,C10621,P20032,2025-07-07,2,10,598,538.2,Delivered,Delivered
O50646,C10628,P20269,2025-05-03,1,30,799,559.3,Delivered,Delivered
O50647,C10604,P20025,2025-11-28,1,10,799,719.1,Delivered,Delivered
O50648,C10138,P20059,2025-09-08,1,15,1999,1699.15,Delivered,Delivered
O50649,C10422,P20213,2025-10-23,2,15,1198,1018.3,Delivered,Delivered
O50650,C10815,P20156,2025-11-19,1,25,499,374.25,Delivered,Delivered
O50651,C10057,P20276,2025-05-10,1,15,2499,2124.15,Delivered,Delivered
O50652,C10562,P20210,2025-09-09,2,20,1198,958.4,Delivered,Delivered
O50653,C10071,P20057,2025-12-24,3,10,897,807.3,Delivered,Delivered
O50654,C10911,P20185,2025-06-29,3,0,4797,4797.0,Delivered,Delivered
O50655,C10914,P20054,2025-12-15,2,25,3998,2998.5,Delivered,Delivered
O50656,C10594,P20209,2025-04-20,2,25,1198,898.5,Delivered,Delivered
O50657,C10372,P20293,2025-12-04,1,25,399,299.25,Delivered,Delivered
O50658,C10617,P20252,2025-03-19,1,25,299,224.25,Delivered,Delivered
O50659,C10600,P20112,2025-01-02,2,20,3198,2558.4,Delivered,Delivered
O50660,C10514,P20006,2025-11-17,1,15,499,424.15,Delivered,Delivered
O50661,C10872,P20191,2025-10-03,3,20,4797,3837.6,Delivered,Delivered
O50662,C10084,P20279,2025-10-17,1,15,1599,1359.15,Delivered,Delivered
O50663,C10994,P20013,2025-10-24,1,0,999,999.0,Delivered,Delivered
O50664,C10043,P20044,2025-06-18,2,10,798,718.2,Processing,Not Applicable
O50665,C10666,P20105,2025-08-28,2,30,4998,3498.6,Delivered,Delivered
O50666,C10839,P20160,2025-01-23,2,10,798,718.2,Cancelled,Not Applicable
O50667,C10934,P20154,2025-10-21,2,25,1998,1498.5,Delivered,Delivered
O50668,C10606,P20242,2025-06-21,2,0,3198,3198.0,Delivered,Delivered
O50669,C10810,P20181,2025-11-19,2,10,3998,3598.2,Delivered,Delayed
O50670,C10133,P20014,2025-11-14,2,10,1198,1078.2,Delivered,Delivered
O50671,C10395,P20180,2025-10-13,1,0,1599,1599.0,Delivered,Delivered
O50672,C10065,P20292,2025-12-09,2,0,798,798.0,Delivered,Delivered
O50673,C10290,P20264,2025-07-12,2,5,4998,4748.1,Delivered,Delivered
O50674,C10376,P20168,2025-06-18,2,20,1998,1598.4,Cancelled,Not Applicable
O50675,C10769,P20214,2025-04-28,1,0,999,999.0,Cancelled,Not Applicable
O50676,C10467,P20150,2025-01-06,3,10,1197,1077.3,Delivered,Delivered
O50677,C10898,P20016,2025-11-27,1,0,299,299.0,Delivered,Delivered
O50678,C10213,P20091,2025-05-12,1,20,1599,1279.2,Delivered,Delivered
O50679,C10148,P20120,2025-04-03,2,15,1598,1358.3,Delivered,Delivered
O50680,C10573,P20253,2025-09-08,1,15,1299,1104.15,Delivered,Delivered
O50681,C10471,P20060,2025-01-10,2,10,1198,1078.2,Delivered,Delivered
O50682,C10149,P20266,2025-02-20,3,5,1197,1137.15,Cancelled,Not Applicable
O50683,C10088,P20031,2025-12-15,2,20,4998,3998.4,Delivered,Delivered
O50684,C10324,P20021,2025-10-21,2,20,1998,1598.4,Delivered,Delivered
O50685,C10895,P20219,2025-05-09,1,0,999,999.0,Processing,Not Applicable
O50686,C10396,P20081,2025-09-06,2,15,3198,2718.3,Delivered,Delivered
O50687,C10790,P20289,2025-04-12,3,5,7497,7122.15,Delivered,Delivered
O50688,C10404,P20031,2025-12-03,1,5,2499,2374.05,Delivered,Delivered
O50689,C10082,P20234,2025-03-24,2,20,798,638.4,Delivered,Delayed
O50690,C10641,P20036,2025-07-10,2,15,998,848.3,Delivered,Delivered
O50691,C10286,P20132,2025-05-23,2,5,3198,3038.1,Delivered,Delayed
O50692,C10382,P20132,2025-08-25,1,10,1599,1439.1,Delivered,Delivered
O50693,C10865,P20009,2025-10-14,1,30,499,349.3,Processing,Not Applicable
O50694,C10792,P20030,2025-10-04,2,20,598,478.4,Delivered,Delivered
O50695,C10270,P20115,2025-10-18,1,25,2999,2249.25,Delivered,Delivered
O50696,C10292,P20004,2025-06-18,2,10,998,898.2,Delivered,Delivered
O50697,C10453,P20237,2025-05-24,1,15,1599,1359.15,Delivered,Delivered
O50698,C10715,P20023,2025-07-03,1,10,299,269.1,Delivered,Delivered
O50699,C10024,P20016,2025-02-14,1,0,299,299.0,Delivered,Delivered
O50700,C10956,P20022,2025-08-31,1,10,599,539.1,Delivered,Delivered
O50701,C10863,P20072,2025-11-11,1,15,399,339.15,Delivered,Delivered
O50702,C10311,P20230,2025-09-25,1,10,1999,1799.1,Delivered,Delivered
O50703,C10461,P20107,2025-09-10,1,20,499,399.2,Delivered,Delivered
O50704,C10208,P20208,2025-10-16,2,5,998,948.1,Delivered,Delivered
O50705,C10792,P20208,2025-07-31,1,10,499,449.1,Delivered,Delayed
O50706,C10717,P20263,2025-06-26,1,0,399,399.0,Delivered,Delivered
O50707,C10664,P20051,2025-01-21,2,10,3998,3598.2,Delivered,Delivered
O50708,C10438,P20065,2025-11-12,1,0,1299,1299.0,Processing,Not Applicable
O50709,C10538,P20265,2025-02-21,2,10,4998,4498.2,Delivered,Delivered
O50710,C10706,P20175,2025-08-21,1,10,999,899.1,Delivered,Delivered
O50711,C10336,P20152,2025-05-03,1,15,2999,2549.15,Delivered,Delayed
O50712,C10422,P20266,2025-12-28,2,15,798,678.3,Delivered,Delivered
O50713,C10750,P20163,2025-04-10,2,10,3198,2878.2,Delivered,Delivered
O50714,C10321,P20238,2025-08-02,1,15,1999,1699.15,Delivered,Delayed
O50715,C10497,P20199,2025-11-23,2,15,798,678.3,Delivered,Delayed
O50716,C10587,P20016,2025-05-15,2,10,598,538.2,Delivered,Delivered
O50717,C10947,P20296,2025-11-14,3,20,4797,3837.6,Delivered,Delivered
O50718,C10163,P20276,2025-08-06,1,15,2499,2124.15,Delivered,Delivered
O50719,C10811,P20239,2025-03-29,1,10,799,719.1,Delivered,Delivered
O50720,C10541,P20069,2025-10-07,2,25,3998,2998.5,Delivered,Delivered
O50721,C10165,P20006,2025-02-09,1,20,499,399.2,Processing,Not Applicable
O50722,C10849,P20220,2025-08-28,3,30,4797,3357.9,Delivered,Delivered
O50723,C10698,P20254,2025-11-28,1,20,1299,1039.2,Delivered,Delivered
O50724,C10566,P20295,2025-05-16,2,10,5998,5398.2,Delivered,Delivered
O50725,C10295,P20107,2025-07-01,1,10,499,449.1,Delivered,Delayed
O50726,C10042,P20295,2025-09-22,1,15,2999,2549.15,Delivered,Delivered
O50727,C10924,P20118,2025-09-16,1,30,799,559.3,Delivered,Delivered
O50728,C10285,P20168,2025-07-01,1,15,999,849.15,Delivered,Delivered
O50729,C10939,P20251,2025-01-21,1,25,1599,1199.25,Delivered,Delivered
O50730,C10387,P20082,2025-12-17,1,10,1599,1439.1,Delivered,Delayed
O50731,C10138,P20054,2025-07-15,1,10,1999,1799.1,Delivered,Delivered
O50732,C10187,P20240,2025-07-31,2,25,598,448.5,Delivered,Delivered
O50733,C10910,P20012,2025-01-16,2,20,5998,4798.4,Delivered,Delayed
O50734,C10716,P20209,2025-07-21,1,30,599,419.3,Delivered,Delivered
O50735,C10431,P20165,2025-12-29,3,20,1197,957.6,Delivered,Delivered
O50736,C10554,P20294,2025-08-06,1,10,1599,1439.1,Delivered,Delivered
O50737,C10862,P20007,2025-04-03,1,15,1299,1104.15,Delivered,Delivered
O50738,C10416,P20078,2025-05-13,1,25,499,374.25,Delivered,Delivered
O50739,C10800,P20065,2025-05-19,2,15,2598,2208.3,Delivered,Delayed
O50740,C10426,P20102,2025-06-06,2,5,5998,5698.1,Delivered,Delivered
O50741,C10416,P20300,2025-12-01,3,10,897,807.3,Delivered,Delivered
O50742,C10026,P20287,2025-03-11,2,15,998,848.3,Delivered,Delivered
O50743,C10371,P20171,2025-10-31,1,0,799,799.0,Delivered,Delivered
O50744,C10385,P20077,2025-01-15,2,20,2598,2078.4,Cancelled,Not Applicable
O50745,C10056,P20048,2025-08-23,3,0,3897,3897.0,Delivered,Delivered
O50746,C10253,P20255,2025-07-31,1,10,2999,2699.1,Delivered,Delivered
O50747,C10634,P20082,2025-10-17,1,20,1599,1279.2,Delivered,Delayed
O50748,C10106,P20209,2025-03-01,2,10,1198,1078.2,Delivered,Delivered
O50749,C10130,P20209,2025-09-09,1,20,599,479.2,Delivered,Delivered
O50750,C10849,P20084,2025-01-02,1,10,2499,2249.1,Delivered,Delivered
O50751,C10670,P20010,2025-08-24,2,30,3198,2238.6,Delivered,Delivered
O50752,C10376,P20029,2025-12-02,2,5,798,758.1,Processing,Not Applicable
O50753,C10743,P20116,2025-01-19,2,0,598,598.0,Delivered,Delivered
O50754,C10967,P20269,2025-02-18,3,25,2397,1797.75,Delivered,Delivered
O50755,C10308,P20047,2025-03-19,3,20,7497,5997.6,Delivered,Delivered
O50756,C10091,P20091,2025-01-28,1,5,1599,1519.05,Delivered,Delivered
O50757,C10393,P20053,2025-02-17,2,30,4998,3498.6,Delivered,Delivered
O50758,C10534,P20218,2025-04-06,1,15,1299,1104.15,Delivered,Delivered
O50759,C10802,P20077,2025-06-14,2,30,2598,1818.6,Delivered,Delivered
O50760,C10110,P20204,2025-12-31,3,15,2397,2037.45,Delivered,Delivered
O50761,C10561,P20044,2025-06-25,3,15,1197,1017.45,Delivered,Delivered
O50762,C10641,P20156,2025-03-14,1,10,499,449.1,Delivered,Delivered
O50763,C10585,P20002,2025-12-22,1,10,1999,1799.1,Delivered,Delivered
O50764,C10340,P20057,2025-01-29,2,15,598,508.3,Delivered,Delivered
O50765,C10565,P20290,2025-06-06,2,10,4998,4498.2,Delivered,Delivered
O50766,C10979,P20058,2025-11-10,2,0,598,598.0,Delivered,Delivered
O50767,C10356,P20254,2025-10-31,3,5,3897,3702.15,Delivered,Delivered
O50768,C10892,P20180,2025-10-06,1,5,1599,1519.05,Delivered,Delivered
O50769,C10168,P20157,2025-10-10,3,25,5997,4497.75,Delivered,Delivered
O50770,C10557,P20035,2025-01-07,1,15,1999,1699.15,Cancelled,Not Applicable
O50771,C10452,P20075,2025-11-01,3,20,2997,2397.6,Delivered,Delivered
O50772,C10905,P20289,2025-07-01,2,30,4998,3498.6,Delivered,Delivered
O50773,C10105,P20075,2025-04-19,3,15,2997,2547.45,Delivered,Delivered
O50774,C10150,P20078,2025-11-20,2,30,998,698.6,Delivered,Delayed
O50775,C10146,P20255,2025-07-25,1,10,2999,2699.1,Delivered,Delivered
O50776,C10716,P20265,2025-08-22,2,5,4998,4748.1,Delivered,Delivered
O50777,C10874,P20067,2025-07-06,1,10,399,359.1,Processing,Not Applicable
O50778,C10299,P20221,2025-11-25,1,15,799,679.15,Delivered,Delivered
O50779,C10167,P20164,2025-12-23,2,25,798,598.5,Cancelled,Not Applicable
O50780,C10713,P20220,2025-01-08,3,15,4797,4077.45,Delivered,Delivered
O50781,C10646,P20172,2025-02-22,3,10,1497,1347.3,Cancelled,Not Applicable
O50782,C10723,P20254,2025-07-18,3,20,3897,3117.6,Delivered,Delivered
O50783,C10048,P20210,2025-05-17,3,15,1797,1527.45,Delivered,Delivered
O50784,C10638,P20188,2025-09-16,3,5,7497,7122.15,Delivered,Delivered
O50785,C10239,P20191,2025-11-30,1,15,1599,1359.15,Cancelled,Not Applicable
O50786,C10007,P20215,2025-06-21,2,25,1598,1198.5,Delivered,Delayed
O50787,C10464,P20086,2025-03-27,1,20,999,799.2,Delivered,Delivered
O50788,C10453,P20106,2025-02-15,1,15,299,254.15,Delivered,Delivered
O50789,C10784,P20296,2025-12-12,1,10,1599,1439.1,Delivered,Delayed
O50790,C10897,P20019,2025-07-05,2,0,598,598.0,Delivered,Delivered
O50791,C10371,P20047,2025-06-05,3,10,7497,6747.3,Delivered,Delivered
O50792,C10549,P20065,2025-01-09,1,20,1299,1039.2,Delivered,Delivered
O50793,C10487,P20146,2025-04-25,2,10,4998,4498.2,Delivered,Delivered
O50794,C10211,P20286,2025-06-03,3,5,5997,5697.15,Delivered,Delayed
O50795,C10165,P20066,2025-05-10,1,25,1999,1499.25,Delivered,Delivered
O50796,C10125,P20005,2025-11-27,1,20,499,399.2,Cancelled,Not Applicable
O50797,C10337,P20093,2025-03-22,2,15,4998,4248.3,Delivered,Delivered
O50798,C10192,P20094,2025-10-17,2,0,598,598.0,Delivered,Delivered
O50799,C10730,P20106,2025-05-27,1,0,299,299.0,Delivered,Delivered
O50800,C10214,P20133,2025-10-22,1,0,499,499.0,Cancelled,Not Applicable
O50801,C10574,P20079,2025-09-26,1,15,999,849.15,Delivered,Delivered
O50802,C10328,P20212,2025-05-13,3,0,1497,1497.0,Delivered,Delivered
O50803,C10957,P20008,2025-02-19,3,20,5997,4797.6,Cancelled,Not Applicable
O50804,C10381,P20159,2025-01-23,1,30,2499,1749.3,Delivered,Delivered
O50805,C10673,P20268,2025-03-29,1,10,299,269.1,Delivered,Delivered
O50806,C10578,P20149,2025-04-22,1,10,499,449.1,Delivered,Delivered
O50807,C10798,P20091,2025-04-21,3,20,4797,3837.6,Delivered,Delivered
O50808,C10239,P20236,2025-03-13,1,25,2499,1874.25,Delivered,Delivered
O50809,C10532,P20289,2025-06-03,1,25,2499,1874.25,Delivered,Delivered
O50810,C10700,P20168,2025-02-26,2,0,1998,1998.0,Delivered,Delivered
O50811,C10082,P20193,2025-09-14,1,5,799,759.05,Delivered,Delivered
O50812,C10363,P20187,2025-06-05,1,20,1999,1599.2,Cancelled,Not Applicable
O50813,C10505,P20271,2025-04-23,1,15,399,339.15,Delivered,Delivered
O50814,C10202,P20114,2025-11-14,1,0,1599,1599.0,Delivered,Delivered
O50815,C10920,P20011,2025-02-16,3,15,5997,5097.45,Delivered,Delivered
O50816,C10504,P20055,2025-08-26,3,20,1197,957.6,Delivered,Delayed
O50817,C10644,P20258,2025-11-30,2,5,1198,1138.1,Delivered,Delivered
O50818,C10037,P20065,2025-04-16,2,25,2598,1948.5,Delivered,Delivered
O50819,C10644,P20172,2025-07-06,1,0,499,499.0,Delivered,Delivered
O50820,C10589,P20272,2025-06-08,1,20,999,799.2,Delivered,Delivered
O50821,C10601,P20150,2025-07-17,1,15,399,339.15,Delivered,Delivered
O50822,C10973,P20146,2025-06-26,2,10,4998,4498.2,Delivered,Delivered
O50823,C10402,P20209,2025-09-18,1,20,599,479.2,Delivered,Delivered
O50824,C10765,P20286,2025-10-14,1,20,1999,1599.2,Delivered,Delivered
O50825,C10856,P20010,2025-10-20,1,25,1599,1199.25,Delivered,Delivered
O50826,C10706,P20227,2025-12-01,3,10,2997,2697.3,Delivered,Delivered
O50827,C10176,P20186,2025-05-23,1,15,399,339.15,Delivered,Delivered
O50828,C10545,P20062,2025-11-04,1,15,1599,1359.15,Delivered,Delivered
O50829,C10570,P20085,2025-07-16,1,15,499,424.15,Delivered,Delivered
O50830,C10467,P20134,2025-08-13,3,25,4797,3597.75,Delivered,Delivered
O50831,C10201,P20297,2025-02-12,2,0,1998,1998.0,Delivered,Delivered
O50832,C10540,P20171,2025-05-31,3,10,2397,2157.3,Delivered,Delivered
O50833,C10547,P20213,2025-10-23,3,15,1797,1527.45,Delivered,Delayed
O50834,C10999,P20018,2025-03-04,2,5,3998,3798.1,Delivered,Delivered
O50835,C10637,P20060,2025-05-10,1,25,599,449.25,Processing,Not Applicable
O50836,C10394,P20088,2025-09-12,1,15,599,509.15,Delivered,Delivered
O50837,C10833,P20027,2025-12-09,1,15,299,254.15,Delivered,Delivered
O50838,C10042,P20068,2025-08-02,3,20,4797,3837.6,Cancelled,Not Applicable
O50839,C10597,P20278,2025-03-14,1,10,1299,1169.1,Delivered,Delivered
O50840,C10393,P20040,2025-04-14,1,15,999,849.15,Cancelled,Not Applicable
O50841,C10700,P20109,2025-06-07,1,0,2999,2999.0,Delivered,Delivered
O50842,C10623,P20074,2025-09-29,1,10,499,449.1,Delivered,Delivered
O50843,C10783,P20066,2025-11-11,2,0,3998,3998.0,Delivered,Delayed
O50844,C10995,P20168,2025-08-26,1,15,999,849.15,Delivered,Delivered
O50845,C10441,P20262,2025-10-30,1,15,499,424.15,Delivered,Delivered
O50846,C10837,P20274,2025-06-07,2,10,1998,1798.2,Delivered,Delivered
O50847,C10617,P20237,2025-04-19,2,10,3198,2878.2,Delivered,Delivered
O50848,C10506,P20215,2025-01-09,1,5,799,759.05,Delivered,Delivered
O50849,C10918,P20286,2025-11-17,2,25,3998,2998.5,Delivered,Delivered
O50850,C10320,P20149,2025-02-28,3,0,1497,1497.0,Delivered,Delivered
O50851,C10553,P20107,2025-12-24,3,25,1497,1122.75,Delivered,Delivered
O50852,C10215,P20141,2025-07-11,1,15,1299,1104.15,Delivered,Delivered
O50853,C10071,P20076,2025-05-16,2,15,4998,4248.3,Delivered,Delivered
O50854,C10568,P20009,2025-09-08,1,10,499,449.1,Delivered,Delivered
O50855,C10919,P20196,2025-05-26,1,30,299,209.3,Delivered,Delivered
O50856,C10236,P20295,2025-12-13,1,10,2999,2699.1,Delivered,Delayed
O50857,C10281,P20280,2025-12-18,1,15,999,849.15,Delivered,Delivered
O50858,C10987,P20118,2025-02-27,2,30,1598,1118.6,Delivered,Delivered
O50859,C10617,P20290,2025-06-26,2,25,4998,3748.5,Delivered,Delayed
O50860,C10902,P20061,2025-10-15,1,15,499,424.15,Delivered,Delivered
O50861,C10887,P20051,2025-09-02,1,30,1999,1399.3,Cancelled,Not Applicable
O50862,C10162,P20052,2025-02-17,2,20,1198,958.4,Delivered,Delivered
O50863,C10191,P20122,2025-10-28,2,5,3198,3038.1,Delivered,Delivered
O50864,C10009,P20167,2025-12-22,2,10,5998,5398.2,Delivered,Delivered
O50865,C10060,P20008,2025-04-10,1,10,1999,1799.1,Delivered,Delivered
O50866,C10893,P20045,2025-08-01,3,10,7497,6747.3,Delivered,Delivered
O50867,C10817,P20245,2025-10-29,1,20,599,479.2,Delivered,Delivered
O50868,C10225,P20284,2025-06-14,3,15,3897,3312.45,Delivered,Delivered
O50869,C10819,P20107,2025-05-06,2,0,998,998.0,Delivered,Delivered
O50870,C10700,P20027,2025-10-29,2,25,598,448.5,Delivered,Delivered
O50871,C10582,P20193,2025-05-01,1,10,799,719.1,Cancelled,Not Applicable
O50872,C10805,P20062,2025-03-29,2,30,3198,2238.6,Delivered,Delivered
O50873,C10287,P20062,2025-08-05,1,30,1599,1119.3,Delivered,Delivered
O50874,C10994,P20282,2025-03-02,1,25,2999,2249.25,Delivered,Delivered
O50875,C10169,P20121,2025-10-29,2,20,2598,2078.4,Delivered,Delivered
O50876,C10062,P20280,2025-06-28,3,5,2997,2847.15,Delivered,Delivered
O50877,C10349,P20039,2025-07-09,1,15,299,254.15,Processing,Not Applicable
O50878,C10442,P20277,2025-06-12,2,5,798,758.1,Delivered,Delivered
O50879,C10014,P20094,2025-03-22,1,5,299,284.05,Delivered,Delivered
O50880,C10164,P20115,2025-06-19,1,15,2999,2549.15,Delivered,Delivered
O50881,C10420,P20176,2025-10-28,1,0,2499,2499.0,Delivered,Delivered
O50882,C10757,P20121,2025-07-15,1,30,1299,909.3,Delivered,Delivered
O50883,C10847,P20013,2025-07-22,2,25,1998,1498.5,Delivered,Delivered
O50884,C10520,P20163,2025-02-16,3,10,4797,4317.3,Delivered,Delivered
O50885,C10666,P20275,2025-06-07,1,15,599,509.15,Delivered,Delivered
O50886,C10548,P20176,2025-07-13,1,10,2499,2249.1,Delivered,Delivered
O50887,C10560,P20173,2025-10-06,2,25,998,748.5,Cancelled,Not Applicable
O50888,C10597,P20275,2025-11-13,2,15,1198,1018.3,Delivered,Delivered
O50889,C10028,P20064,2025-09-26,2,10,4998,4498.2,Delivered,Delivered
O50890,C10708,P20101,2025-07-18,1,10,1299,1169.1,Delivered,Delivered
O50891,C10446,P20066,2025-08-12,3,10,5997,5397.3,Cancelled,Not Applicable
O50892,C10208,P20045,2025-09-20,3,30,7497,5247.9,Delivered,Delivered
O50893,C10470,P20087,2025-06-15,1,5,1999,1899.05,Delivered,Delivered
O50894,C10716,P20067,2025-06-29,3,0,1197,1197.0,Delivered,Delivered
O50895,C10976,P20259,2025-07-11,2,25,4998,3748.5,Delivered,Delivered
O50896,C10819,P20205,2025-08-04,1,25,2499,1874.25,Delivered,Delivered
O50897,C10104,P20178,2025-10-11,1,25,1299,974.25,Delivered,Delivered
O50898,C10742,P20280,2025-12-18,3,15,2997,2547.45,Cancelled,Not Applicable
O50899,C10426,P20017,2025-04-17,1,15,999,849.15,Delivered,Delivered
O50900,C10101,P20296,2025-04-08,1,15,1599,1359.15,Delivered,Delivered
O50901,C10541,P20202,2025-08-18,2,0,4998,4998.0,Processing,Not Applicable
O50902,C10639,P20172,2025-09-14,1,15,499,424.15,Delivered,Delivered
O50903,C10850,P20262,2025-02-12,2,0,998,998.0,Delivered,Delivered
O50904,C10522,P20194,2025-08-30,1,10,399,359.1,Delivered,Delivered
O50905,C10106,P20149,2025-02-11,1,25,499,374.25,Delivered,Delivered
O50906,C10679,P20035,2025-04-05,1,10,1999,1799.1,Delivered,Delivered
O50907,C10978,P20029,2025-09-11,1,25,399,299.25,Delivered,Delivered
O50908,C10769,P20263,2025-07-07,1,5,399,379.05,Delivered,Delivered
O50909,C10807,P20221,2025-11-03,2,10,1598,1438.2,Delivered,Delivered
O50910,C10277,P20053,2025-06-16,3,15,7497,6372.45,Delivered,Delayed
O50911,C10065,P20279,2025-09-28,2,20,3198,2558.4,Delivered,Delivered
O50912,C10783,P20076,2025-05-05,1,15,2499,2124.15,Delivered,Delivered
O50913,C10900,P20176,2025-06-10,1,25,2499,1874.25,Delivered,Delivered
O50914,C10188,P20010,2025-03-28,1,0,1599,1599.0,Delivered,Delivered
O50915,C10317,P20117,2025-11-05,1,25,599,449.25,Delivered,Delivered
O50916,C10916,P20280,2025-08-14,1,5,999,949.05,Delivered,Delivered
O50917,C10138,P20218,2025-05-25,3,25,3897,2922.75,Delivered,Delivered
O50918,C10343,P20175,2025-12-11,2,10,1998,1798.2,Delivered,Delivered
O50919,C10105,P20234,2025-09-05,3,20,1197,957.6,Processing,Not Applicable
O50920,C10546,P20252,2025-12-28,1,15,299,254.15,Delivered,Delivered
O50921,C10380,P20295,2025-01-06,3,5,8997,8547.15,Delivered,Delivered
O50922,C10110,P20006,2025-01-31,3,25,1497,1122.75,Delivered,Delivered
O50923,C10944,P20021,2025-07-16,1,5,999,949.05,Delivered,Delivered
O50924,C10545,P20073,2025-08-20,1,5,599,569.05,Cancelled,Not Applicable
O50925,C10354,P20036,2025-10-23,1,20,499,399.2,Delivered,Delivered
O50926,C10743,P20233,2025-11-21,3,0,1497,1497.0,Delivered,Delivered
O50927,C10317,P20216,2025-05-15,1,5,799,759.05,Delivered,Delivered
O50928,C10266,P20206,2025-01-13,2,15,798,678.3,Delivered,Delivered
O50929,C10694,P20044,2025-01-04,2,20,798,638.4,Delivered,Delivered
O50930,C10852,P20091,2025-06-27,1,0,1599,1599.0,Delivered,Delivered
O50931,C10065,P20093,2025-08-22,1,15,2499,2124.15,Delivered,Delivered
O50932,C10333,P20083,2025-09-16,1,20,799,639.2,Delivered,Delivered
O50933,C10513,P20282,2025-05-20,1,25,2999,2249.25,Delivered,Delivered
O50934,C10133,P20021,2025-03-06,3,25,2997,2247.75,Delivered,Delivered
O50935,C10592,P20228,2025-10-10,3,20,3897,3117.6,Delivered,Delivered
O50936,C10783,P20130,2025-12-29,3,15,3897,3312.45,Delivered,Delivered
O50937,C10753,P20175,2025-11-02,3,10,2997,2697.3,Delivered,Delivered
O50938,C10540,P20108,2025-07-24,1,0,1299,1299.0,Delivered,Delivered
O50939,C10735,P20283,2025-01-17,1,20,799,639.2,Delivered,Delivered
O50940,C10535,P20071,2025-07-19,2,30,998,698.6,Delivered,Delivered
O50941,C10496,P20050,2025-02-01,1,20,299,239.2,Delivered,Delivered
O50942,C10621,P20095,2025-07-31,1,0,2499,2499.0,Delivered,Delivered
O50943,C10619,P20279,2025-09-30,1,15,1599,1359.15,Processing,Not Applicable
O50944,C10657,P20132,2025-10-17,1,15,1599,1359.15,Cancelled,Not Applicable
O50945,C10369,P20276,2025-10-18,1,15,2499,2124.15,Delivered,Delivered
O50946,C10866,P20013,2025-08-22,1,20,999,799.2,Delivered,Delivered
O50947,C10909,P20003,2025-07-01,2,15,998,848.3,Processing,Not Applicable
O50948,C10910,P20224,2025-05-26,2,5,1598,1518.1,Delivered,Delayed
O50949,C10651,P20175,2025-02-19,2,25,1998,1498.5,Delivered,Delivered
O50950,C10796,P20090,2025-04-13,1,20,299,239.2,Cancelled,Not Applicable
O50951,C10810,P20241,2025-02-02,1,5,1599,1519.05,Delivered,Delivered
O50952,C10992,P20035,2025-03-30,1,10,1999,1799.1,Delivered,Delivered
O50953,C10099,P20014,2025-12-07,2,25,1198,898.5,Delivered,Delivered
O50954,C10317,P20195,2025-11-11,1,25,399,299.25,Delivered,Delivered
O50955,C10123,P20213,2025-08-29,1,10,599,539.1,Delivered,Delayed
O50956,C10320,P20003,2025-09-23,3,0,1497,1497.0,Delivered,Delivered
O50957,C10799,P20179,2025-08-11,2,0,1998,1998.0,Delivered,Delivered
O50958,C10593,P20040,2025-08-24,1,10,999,899.1,Processing,Not Applicable
O50959,C10495,P20164,2025-06-02,1,15,399,339.15,Delivered,Delivered
O50960,C10457,P20235,2025-02-26,2,15,1198,1018.3,Delivered,Delivered
O50961,C10522,P20257,2025-11-18,1,15,299,254.15,Delivered,Delayed
O50962,C10520,P20116,2025-04-22,1,20,299,239.2,Delivered,Delivered
O50963,C10917,P20052,2025-01-15,1,0,599,599.0,Delivered,Delivered
O50964,C10717,P20142,2025-09-26,3,0,4797,4797.0,Delivered,Delivered
O50965,C10315,P20086,2025-04-24,1,10,999,899.1,Delivered,Delivered
O50966,C10946,P20046,2025-09-09,2,5,798,758.1,Delivered,Delivered
O50967,C10709,P20238,2025-05-22,2,0,3998,3998.0,Delivered,Delivered
O50968,C10710,P20010,2025-04-24,1,15,1599,1359.15,Delivered,Delivered
O50969,C10542,P20152,2025-10-17,1,20,2999,2399.2,Delivered,Delivered
O50970,C10479,P20061,2025-12-23,1,20,499,399.2,Delivered,Delivered
O50971,C10913,P20018,2025-01-25,1,20,1999,1599.2,Processing,Not Applicable
O50972,C10971,P20086,2025-11-06,3,15,2997,2547.45,Delivered,Delivered
O50973,C10020,P20137,2025-09-12,1,20,1999,1599.2,Delivered,Delivered
O50974,C10560,P20230,2025-09-25,2,10,3998,3598.2,Cancelled,Not Applicable
O50975,C10969,P20128,2025-05-06,3,30,2997,2097.9,Delivered,Delivered
O50976,C10130,P20104,2025-09-07,2,5,1198,1138.1,Cancelled,Not Applicable
O50977,C10293,P20186,2025-10-14,3,5,1197,1137.15,Delivered,Delivered
O50978,C10897,P20178,2025-11-30,2,10,2598,2338.2,Delivered,Delivered
O50979,C10132,P20006,2025-02-22,3,30,1497,1047.9,Delivered,Delivered
O50980,C10356,P20036,2025-02-12,3,30,1497,1047.9,Delivered,Delivered
O50981,C10054,P20281,2025-06-15,1,20,1299,1039.2,Delivered,Delivered
O50982,C10890,P20300,2025-02-11,2,15,598,508.3,Delivered,Delivered
O50983,C10793,P20014,2025-06-25,1,15,599,509.15,Delivered,Delivered
O50984,C10387,P20237,2025-03-08,3,30,4797,3357.9,Delivered,Delivered
O50985,C10265,P20285,2025-03-07,1,20,1299,1039.2,Delivered,Delivered
O50986,C10982,P20050,2025-03-24,3,25,897,672.75,Delivered,Delivered
O50987,C10215,P20261,2025-12-16,1,10,999,899.1,Delivered,Delivered
O50988,C10460,P20110,2025-04-15,1,10,1999,1799.1,Delivered,Delivered
O50989,C10458,P20197,2025-10-14,1,25,2499,1874.25,Delivered,Delivered
O50990,C10802,P20252,2025-07-05,1,0,299,299.0,Cancelled,Not Applicable
O50991,C10043,P20088,2025-10-11,2,25,1198,898.5,Delivered,Delivered
O50992,C10586,P20026,2025-01-04,2,15,1998,1698.3,Delivered,Delivered
O50993,C10862,P20262,2025-05-18,2,25,998,748.5,Delivered,Delivered
O50994,C10278,P20144,2025-06-28,2,10,1998,1798.2,Cancelled,Not Applicable
O50995,C10838,P20060,2025-08-25,2,20,1198,958.4,Delivered,Delivered
O50996,C10754,P20268,2025-01-18,1,15,299,254.15,Delivered,Delivered
O50997,C10130,P20075,2025-10-30,1,15,999,849.15,Delivered,Delivered
O50998,C10350,P20003,2025-01-09,3,15,1497,1272.45,Cancelled,Not Applicable
O50999,C10706,P20063,2025-01-29,2,30,1598,1118.6,Delivered,Delivered
O51000,C10544,P20236,2025-05-24,1,20,2499,1999.2,Delivered,Delivered
O51001,C10106,P20229,2025-12-14,1,5,499,474.05,Delivered,Delivered
O51002,C10912,P20275,2025-05-29,2,25,1198,898.5,Delivered,Delivered
O51003,C10716,P20018,2025-03-05,1,10,1999,1799.1,Delivered,Delivered
O51004,C10001,P20080,2025-07-06,2,10,798,718.2,Processing,Not Applicable
O51005,C10757,P20215,2025-08-15,1,0,799,799.0,Delivered,Delivered
O51006,C10584,P20171,2025-04-28,2,25,1598,1198.5,Cancelled,Not Applicable
O51007,C10432,P20255,2025-12-22,2,10,5998,5398.2,Delivered,Delivered
O51008,C10306,P20126,2025-09-11,1,5,299,284.05,Delivered,Delivered
O51009,C10909,P20255,2025-01-31,2,25,5998,4498.5,Delivered,Delivered
O51010,C10527,P20072,2025-06-10,3,20,1197,957.6,Delivered,Delayed
O51011,C10053,P20038,2025-08-03,1,0,399,399.0,Delivered,Delivered
O51012,C10940,P20204,2025-06-18,1,20,799,639.2,Processing,Not Applicable
O51013,C10520,P20172,2025-03-22,3,25,1497,1122.75,Cancelled,Not Applicable
O51014,C10330,P20223,2025-02-15,1,0,499,499.0,Delivered,Delivered
O51015,C10558,P20217,2025-02-18,1,20,2999,2399.2,Delivered,Delivered
O51016,C10325,P20245,2025-10-25,3,15,1797,1527.45,Delivered,Delivered
O51017,C10114,P20191,2025-10-10,1,15,1599,1359.15,Processing,Not Applicable
O51018,C10147,P20298,2025-03-29,3,15,1197,1017.45,Delivered,Delivered
O51019,C10166,P20182,2025-05-01,2,20,1198,958.4,Delivered,Delivered
O51020,C10379,P20205,2025-01-03,3,0,7497,7497.0,Delivered,Delayed
O51021,C10139,P20199,2025-11-12,2,20,798,638.4,Delivered,Delivered
O51022,C10629,P20165,2025-08-15,2,0,798,798.0,Delivered,Delivered
O51023,C10299,P20242,2025-03-20,1,10,1599,1439.1,Delivered,Delayed
O51024,C10276,P20130,2025-05-25,2,5,2598,2468.1,Delivered,Delivered
O51025,C10916,P20227,2025-08-30,1,20,999,799.2,Cancelled,Not Applicable
O51026,C10789,P20122,2025-02-01,3,10,4797,4317.3,Delivered,Delivered
O51027,C10850,P20044,2025-09-20,1,10,399,359.1,Delivered,Delivered
O51028,C10825,P20196,2025-07-30,1,10,299,269.1,Delivered,Delayed
O51029,C10178,P20204,2025-03-12,2,20,1598,1278.4,Delivered,Delivered
O51030,C10842,P20257,2025-07-16,1,15,299,254.15,Delivered,Delivered
O51031,C10354,P20017,2025-02-27,3,20,2997,2397.6,Delivered,Delivered
O51032,C10154,P20272,2025-04-22,1,0,999,999.0,Delivered,Delivered
O51033,C10926,P20009,2025-02-17,2,5,998,948.1,Delivered,Delivered
O51034,C10201,P20249,2025-07-04,1,15,1599,1359.15,Delivered,Delivered
O51035,C10878,P20201,2025-11-23,2,25,598,448.5,Delivered,Delivered
O51036,C10115,P20059,2025-06-14,1,0,1999,1999.0,Delivered,Delivered
O51037,C10671,P20140,2025-08-03,1,0,2999,2999.0,Delivered,Delivered
O51038,C10554,P20119,2025-11-27,1,5,399,379.05,Delivered,Delivered
O51039,C10759,P20041,2025-11-26,2,15,3998,3398.3,Delivered,Delivered
O51040,C10068,P20267,2025-05-01,1,10,2499,2249.1,Delivered,Delivered
O51041,C10445,P20008,2025-08-01,3,20,5997,4797.6,Delivered,Delivered
O51042,C10445,P20183,2025-11-07,3,0,2997,2997.0,Delivered,Delivered
O51043,C10326,P20134,2025-02-10,1,5,1599,1519.05,Delivered,Delivered
O51044,C10846,P20181,2025-12-19,1,10,1999,1799.1,Delivered,Delivered
O51045,C10708,P20072,2025-10-16,1,15,399,339.15,Delivered,Delivered
O51046,C10602,P20113,2025-06-17,1,15,1299,1104.15,Cancelled,Not Applicable
O51047,C10623,P20107,2025-02-03,1,0,499,499.0,Delivered,Delivered
O51048,C10880,P20290,2025-11-14,2,25,4998,3748.5,Delivered,Delivered
O51049,C10359,P20117,2025-10-02,2,10,1198,1078.2,Delivered,Delivered
O51050,C10145,P20120,2025-07-16,2,20,1598,1278.4,Delivered,Delivered
O51051,C10275,P20147,2025-07-10,2,15,5998,5098.3,Delivered,Delivered
O51052,C10509,P20210,2025-08-09,3,5,1797,1707.15,Delivered,Delivered
O51053,C10179,P20296,2025-01-10,3,20,4797,3837.6,Delivered,Delivered
O51054,C10753,P20103,2025-04-30,2,20,4998,3998.4,Delivered,Delivered
O51055,C10838,P20124,2025-05-03,1,10,999,899.1,Delivered,Delivered
O51056,C10831,P20245,2025-09-04,1,15,599,509.15,Delivered,Delivered
O51057,C10477,P20209,2025-12-26,1,5,599,569.05,Delivered,Delivered
O51058,C10843,P20109,2025-08-09,1,15,2999,2549.15,Cancelled,Not Applicable
O51059,C10976,P20050,2025-09-18,3,10,897,807.3,Delivered,Delivered
O51060,C10414,P20105,2025-02-27,1,20,2499,1999.2,Delivered,Delivered
O51061,C10153,P20027,2025-11-11,2,5,598,568.1,Delivered,Delivered
O51062,C10104,P20288,2025-05-08,1,0,399,399.0,Delivered,Delivered
O51063,C10075,P20257,2025-07-06,3,5,897,852.15,Delivered,Delivered
O51064,C10128,P20273,2025-07-24,2,5,1598,1518.1,Delivered,Delivered
O51065,C10711,P20137,2025-03-27,1,15,1999,1699.15,Delivered,Delivered
O51066,C10666,P20032,2025-04-14,1,5,299,284.05,Delivered,Delivered
O51067,C10568,P20045,2025-05-23,2,20,4998,3998.4,Delivered,Delivered
O51068,C10790,P20265,2025-07-24,2,5,4998,4748.1,Delivered,Delivered
O51069,C10345,P20030,2025-05-09,3,20,897,717.6,Delivered,Delivered
O51070,C10531,P20084,2025-09-03,1,15,2499,2124.15,Delivered,Delivered
O51071,C10159,P20166,2025-02-07,2,30,3998,2798.6,Delivered,Delayed
O51072,C10538,P20001,2025-12-29,2,30,2598,1818.6,Delivered,Delivered
O51073,C10426,P20249,2025-04-19,1,25,1599,1199.25,Delivered,Delivered
O51074,C10681,P20261,2025-11-05,1,20,999,799.2,Delivered,Delivered
O51075,C10996,P20063,2025-02-21,1,10,799,719.1,Delivered,Delivered
O51076,C10023,P20164,2025-01-01,3,20,1197,957.6,Delivered,Delivered
O51077,C10047,P20201,2025-01-11,1,30,299,209.3,Delivered,Delivered
O51078,C10525,P20222,2025-11-10,3,0,1497,1497.0,Delivered,Delivered
O51079,C10729,P20152,2025-08-23,2,15,5998,5098.3,Delivered,Delivered
O51080,C10834,P20132,2025-05-08,1,5,1599,1519.05,Delivered,Delivered
O51081,C10706,P20114,2025-08-02,2,15,3198,2718.3,Delivered,Delayed
O51082,C10144,P20217,2025-08-31,2,10,5998,5398.2,Delivered,Delivered
O51083,C10585,P20196,2025-02-13,1,15,299,254.15,Delivered,Delivered
O51084,C10668,P20281,2025-01-06,1,15,1299,1104.15,Delivered,Delayed
O51085,C10589,P20202,2025-06-05,2,30,4998,3498.6,Delivered,Delivered
O51086,C10419,P20135,2025-01-08,3,15,5997,5097.45,Delivered,Delivered
O51087,C10681,P20234,2025-01-05,1,20,399,319.2,Processing,Not Applicable
O51088,C10973,P20141,2025-12-28,2,10,2598,2338.2,Delivered,Delivered
O51089,C10799,P20196,2025-07-01,1,10,299,269.1,Delivered,Delivered
O51090,C10085,P20043,2025-04-22,1,15,999,849.15,Delivered,Delayed
O51091,C10416,P20057,2025-09-30,2,10,598,538.2,Delivered,Delivered
O51092,C10694,P20142,2025-09-22,3,10,4797,4317.3,Cancelled,Not Applicable
O51093,C10482,P20210,2025-07-31,1,15,599,509.15,Delivered,Delayed
O51094,C10456,P20072,2025-03-19,2,15,798,678.3,Delivered,Delayed
O51095,C10827,P20224,2025-09-27,1,15,799,679.15,Cancelled,Not Applicable
O51096,C10297,P20027,2025-06-03,3,10,897,807.3,Delivered,Delivered
O51097,C10112,P20128,2025-08-09,2,10,1998,1798.2,Delivered,Delivered
O51098,C10962,P20106,2025-12-13,1,15,299,254.15,Cancelled,Not Applicable
O51099,C10230,P20165,2025-01-25,1,0,399,399.0,Delivered,Delivered
O51100,C10096,P20215,2025-12-20,1,5,799,759.05,Processing,Not Applicable
O51101,C10950,P20071,2025-07-27,1,0,499,499.0,Delivered,Delivered
O51102,C10680,P20204,2025-01-03,2,0,1598,1598.0,Delivered,Delivered
O51103,C10378,P20153,2025-08-03,2,5,3198,3038.1,Processing,Not Applicable
O51104,C10156,P20067,2025-04-22,1,0,399,399.0,Delivered,Delivered
O51105,C10421,P20090,2025-07-11,2,5,598,568.1,Delivered,Delivered
O51106,C10105,P20260,2025-02-16,1,15,1599,1359.15,Delivered,Delayed
O51107,C10705,P20228,2025-08-09,2,0,2598,2598.0,Delivered,Delivered
O51108,C10330,P20079,2025-07-06,1,10,999,899.1,Cancelled,Not Applicable
O51109,C10439,P20096,2025-02-19,2,25,798,598.5,Delivered,Delivered
O51110,C10132,P20246,2025-07-16,1,20,499,399.2,Delivered,Delivered
O51111,C10867,P20272,2025-08-04,1,10,999,899.1,Delivered,Delivered
O51112,C10382,P20157,2025-08-09,2,25,3998,2998.5,Cancelled,Not Applicable
O51113,C10138,P20116,2025-03-31,1,10,299,269.1,Delivered,Delivered
O51114,C10943,P20018,2025-08-20,1,0,1999,1999.0,Delivered,Delivered
O51115,C10843,P20172,2025-11-19,1,30,499,349.3,Delivered,Delayed
O51116,C10270,P20016,2025-09-15,1,25,299,224.25,Delivered,Delivered
O51117,C10550,P20240,2025-06-02,2,10,598,538.2,Delivered,Delivered
O51118,C10396,P20056,2025-09-13,3,15,1197,1017.45,Delivered,Delivered
O51119,C10557,P20079,2025-09-15,3,15,2997,2547.45,Delivered,Delivered
O51120,C10913,P20103,2025-03-06,1,5,2499,2374.05,Delivered,Delivered
O51121,C10464,P20284,2025-07-09,1,5,1299,1234.05,Delivered,Delivered
O51122,C10675,P20193,2025-04-01,1,10,799,719.1,Cancelled,Not Applicable
O51123,C10450,P20005,2025-06-22,2,25,998,748.5,Delivered,Delivered
O51124,C10331,P20106,2025-09-04,3,0,897,897.0,Delivered,Delivered
O51125,C10253,P20278,2025-09-13,2,20,2598,2078.4,Delivered,Delayed
O51126,C10681,P20100,2025-04-26,3,0,1797,1797.0,Cancelled,Not Applicable
O51127,C10963,P20238,2025-02-18,1,15,1999,1699.15,Delivered,Delivered
O51128,C10285,P20269,2025-08-15,2,15,1598,1358.3,Delivered,Delivered
O51129,C10274,P20086,2025-03-10,2,15,1998,1698.3,Delivered,Delivered
O51130,C10020,P20032,2025-05-06,3,0,897,897.0,Delivered,Delivered
O51131,C10239,P20051,2025-08-01,3,10,5997,5397.3,Delivered,Delivered
O51132,C10270,P20079,2025-02-22,1,15,999,849.15,Delivered,Delivered
O51133,C10418,P20186,2025-04-22,1,0,399,399.0,Delivered,Delivered
O51134,C10945,P20174,2025-06-08,1,0,399,399.0,Delivered,Delayed
O51135,C10310,P20106,2025-08-28,2,15,598,508.3,Delivered,Delayed
O51136,C10031,P20063,2025-05-30,1,15,799,679.15,Delivered,Delivered
O51137,C10826,P20076,2025-05-19,1,5,2499,2374.05,Delivered,Delivered
O51138,C10104,P20081,2025-04-23,2,15,3198,2718.3,Delivered,Delivered
O51139,C10682,P20128,2025-05-23,2,25,1998,1498.5,Delivered,Delivered
O51140,C10186,P20183,2025-05-18,1,0,999,999.0,Cancelled,Not Applicable
O51141,C10128,P20243,2025-10-31,1,15,2999,2549.15,Delivered,Delivered
O51142,C10210,P20185,2025-01-31,1,0,1599,1599.0,Delivered,Delivered
O51143,C10414,P20220,2025-10-20,2,0,3198,3198.0,Delivered,Delivered
O51144,C10281,P20071,2025-04-18,1,5,499,474.05,Delivered,Delivered
O51145,C10959,P20154,2025-10-11,1,10,999,899.1,Delivered,Delivered
O51146,C10253,P20245,2025-06-08,3,20,1797,1437.6,Delivered,Delivered
O51147,C10019,P20140,2025-11-22,1,10,2999,2699.1,Delivered,Delivered
O51148,C10712,P20071,2025-01-14,2,15,998,848.3,Delivered,Delivered
O51149,C10732,P20046,2025-05-02,2,10,798,718.2,Delivered,Delayed
O51150,C10136,P20047,2025-08-03,2,5,4998,4748.1,Delivered,Delivered
O51151,C10223,P20079,2025-09-29,1,15,999,849.15,Delivered,Delayed
O51152,C10003,P20149,2025-01-25,2,20,998,798.4,Delivered,Delivered
O51153,C10963,P20130,2025-11-18,3,20,3897,3117.6,Delivered,Delivered
O51154,C10236,P20127,2025-10-21,1,20,599,479.2,Delivered,Delivered
O51155,C10854,P20119,2025-06-18,1,10,399,359.1,Delivered,Delivered
O51156,C10465,P20262,2025-04-13,1,20,499,399.2,Delivered,Delivered
O51157,C10228,P20244,2025-12-20,1,5,2499,2374.05,Delivered,Delivered
O51158,C10913,P20103,2025-02-09,2,20,4998,3998.4,Delivered,Delivered
O51159,C10654,P20037,2025-08-23,3,25,897,672.75,Delivered,Delivered
O51160,C10499,P20142,2025-11-16,2,0,3198,3198.0,Delivered,Delayed
O51161,C10521,P20037,2025-03-30,1,10,299,269.1,Delivered,Delivered
O51162,C10702,P20008,2025-04-10,3,15,5997,5097.45,Delivered,Delayed
O51163,C10862,P20231,2025-05-24,1,20,399,319.2,Delivered,Delivered
O51164,C10917,P20296,2025-03-23,1,5,1599,1519.05,Delivered,Delivered
O51165,C10972,P20107,2025-03-18,1,30,499,349.3,Delivered,Delivered
O51166,C10677,P20018,2025-02-28,1,15,1999,1699.15,Delivered,Delivered
O51167,C10992,P20083,2025-08-17,1,5,799,759.05,Delivered,Delivered
O51168,C10139,P20288,2025-04-01,1,0,399,399.0,Delivered,Delivered
O51169,C10276,P20194,2025-12-20,2,20,798,638.4,Delivered,Delivered
O51170,C10291,P20215,2025-01-01,3,0,2397,2397.0,Delivered,Delivered
O51171,C10053,P20281,2025-09-26,1,0,1299,1299.0,Delivered,Delivered
O51172,C10687,P20220,2025-10-13,1,15,1599,1359.15,Delivered,Delivered
O51173,C10110,P20289,2025-07-16,2,15,4998,4248.3,Delivered,Delivered
O51174,C10715,P20194,2025-10-01,2,15,798,678.3,Delivered,Delivered
O51175,C10948,P20158,2025-03-19,1,10,499,449.1,Delivered,Delayed
O51176,C10648,P20104,2025-05-21,2,20,1198,958.4,Delivered,Delayed
O51177,C10004,P20034,2025-10-15,2,30,1198,838.6,Delivered,Delivered
O51178,C10667,P20102,2025-03-12,1,10,2999,2699.1,Delivered,Delivered
O51179,C10684,P20127,2025-02-19,1,20,599,479.2,Processing,Not Applicable
O51180,C10936,P20214,2025-03-21,1,25,999,749.25,Delivered,Delivered
O51181,C10870,P20296,2025-08-23,1,15,1599,1359.15,Delivered,Delivered
O51182,C10047,P20179,2025-10-14,1,15,999,849.15,Delivered,Delivered
O51183,C10094,P20080,2025-11-03,2,5,798,758.1,Delivered,Delivered
O51184,C10940,P20141,2025-06-04,3,15,3897,3312.45,Delivered,Delivered
O51185,C10560,P20031,2025-03-01,1,15,2499,2124.15,Delivered,Delivered
O51186,C10752,P20063,2025-02-02,2,20,1598,1278.4,Delivered,Delivered
O51187,C10859,P20048,2025-05-07,2,30,2598,1818.6,Processing,Not Applicable
O51188,C10213,P20087,2025-08-09,3,0,5997,5997.0,Delivered,Delivered
O51189,C10436,P20061,2025-07-19,2,0,998,998.0,Delivered,Delivered
O51190,C10852,P20274,2025-05-06,2,0,1998,1998.0,Delivered,Delivered
O51191,C10508,P20284,2025-02-10,1,20,1299,1039.2,Delivered,Delivered
O51192,C10836,P20080,2025-10-02,1,0,399,399.0,Delivered,Delivered
O51193,C10651,P20180,2025-10-24,1,15,1599,1359.15,Delivered,Delivered
O51194,C10205,P20272,2025-03-26,2,10,1998,1798.2,Delivered,Delivered
O51195,C10381,P20077,2025-03-30,1,10,1299,1169.1,Cancelled,Not Applicable
O51196,C10073,P20221,2025-02-11,1,5,799,759.05,Delivered,Delivered
O51197,C10516,P20282,2025-04-30,3,25,8997,6747.75,Delivered,Delivered
O51198,C10076,P20028,2025-10-06,3,15,897,762.45,Delivered,Delivered
O51199,C10841,P20077,2025-02-02,3,25,3897,2922.75,Delivered,Delivered
O51200,C10077,P20164,2025-10-03,1,15,399,339.15,Delivered,Delayed
O51201,C10816,P20009,2025-06-02,1,0,499,499.0,Delivered,Delivered
O51202,C10768,P20175,2025-03-31,2,5,1998,1898.1,Delivered,Delivered
O51203,C10410,P20076,2025-04-14,2,30,4998,3498.6,Delivered,Delivered
O51204,C10614,P20245,2025-01-12,2,20,1198,958.4,Delivered,Delivered
O51205,C10106,P20122,2025-06-09,1,0,1599,1599.0,Delivered,Delivered
O51206,C10845,P20185,2025-07-15,1,20,1599,1279.2,Delivered,Delivered
O51207,C10551,P20032,2025-11-03,1,10,299,269.1,Delivered,Delivered
O51208,C10476,P20250,2025-09-19,1,10,2499,2249.1,Delivered,Delivered
O51209,C10826,P20057,2025-04-01,1,5,299,284.05,Delivered,Delivered
O51210,C10275,P20144,2025-07-16,3,20,2997,2397.6,Delivered,Delivered
O51211,C10088,P20084,2025-03-10,1,0,2499,2499.0,Delivered,Delivered
O51212,C10723,P20056,2025-08-08,1,10,399,359.1,Delivered,Delivered
O51213,C10881,P20279,2025-08-02,2,10,3198,2878.2,Delivered,Delivered
O51214,C10077,P20273,2025-05-26,2,5,1598,1518.1,Delivered,Delivered
O51215,C10077,P20166,2025-08-21,3,15,5997,5097.45,Delivered,Delivered
O51216,C10442,P20158,2025-08-22,1,0,499,499.0,Delivered,Delayed
O51217,C10540,P20249,2025-08-02,3,10,4797,4317.3,Delivered,Delivered
O51218,C10245,P20186,2025-03-02,1,25,399,299.25,Delivered,Delivered
O51219,C10578,P20078,2025-12-29,1,10,499,449.1,Delivered,Delivered
O51220,C10778,P20022,2025-03-19,1,10,599,539.1,Delivered,Delivered
O51221,C10382,P20108,2025-04-05,2,15,2598,2208.3,Cancelled,Not Applicable
O51222,C10982,P20273,2025-11-26,1,15,799,679.15,Delivered,Delivered
O51223,C10717,P20252,2025-08-04,1,20,299,239.2,Delivered,Delivered
O51224,C10570,P20015,2025-08-01,2,5,998,948.1,Delivered,Delivered
O51225,C10713,P20160,2025-10-31,3,25,1197,897.75,Delivered,Delivered
O51226,C10737,P20205,2025-07-19,1,20,2499,1999.2,Delivered,Delivered
O51227,C10142,P20113,2025-12-18,2,20,2598,2078.4,Cancelled,Not Applicable
O51228,C10893,P20168,2025-01-31,2,0,1998,1998.0,Delivered,Delivered
O51229,C10368,P20253,2025-10-17,2,0,2598,2598.0,Delivered,Delivered
O51230,C10084,P20186,2025-12-09,1,15,399,339.15,Delivered,Delivered
O51231,C10143,P20227,2025-05-15,1,25,999,749.25,Delivered,Delayed
O51232,C10352,P20016,2025-03-24,1,15,299,254.15,Delivered,Delayed
O51233,C10545,P20156,2025-02-16,1,5,499,474.05,Delivered,Delivered
O51234,C10913,P20111,2025-07-25,2,0,798,798.0,Delivered,Delivered
O51235,C10152,P20001,2025-03-18,1,20,1299,1039.2,Delivered,Delivered
O51236,C10158,P20041,2025-09-16,2,20,3998,3198.4,Delivered,Delivered
O51237,C10446,P20048,2025-04-02,2,5,2598,2468.1,Delivered,Delivered
O51238,C10653,P20108,2025-04-10,3,0,3897,3897.0,Delivered,Delivered
O51239,C10958,P20161,2025-07-14,3,10,3897,3507.3,Delivered,Delivered
O51240,C10763,P20161,2025-07-11,1,15,1299,1104.15,Delivered,Delivered
O51241,C10303,P20128,2025-03-09,2,20,1998,1598.4,Delivered,Delivered
O51242,C10624,P20210,2025-08-30,1,20,599,479.2,Delivered,Delivered
O51243,C10656,P20151,2025-03-31,1,15,2499,2124.15,Delivered,Delivered
O51244,C10450,P20255,2025-12-11,2,0,5998,5998.0,Delivered,Delivered
O51245,C10721,P20218,2025-01-10,1,15,1299,1104.15,Delivered,Delivered
O51246,C10224,P20030,2025-09-21,2,30,598,418.6,Delivered,Delivered
O51247,C10043,P20045,2025-09-25,2,25,4998,3748.5,Delivered,Delivered
O51248,C10264,P20080,2025-11-16,1,25,399,299.25,Delivered,Delivered
O51249,C10756,P20039,2025-04-28,1,10,299,269.1,Delivered,Delivered
O51250,C10003,P20240,2025-09-07,2,20,598,478.4,Delivered,Delivered
O51251,C10637,P20045,2025-02-28,3,25,7497,5622.75,Delivered,Delivered
O51252,C10268,P20078,2025-07-14,1,15,499,424.15,Delivered,Delivered
O51253,C10596,P20288,2025-02-19,3,5,1197,1137.15,Delivered,Delivered
O51254,C10016,P20280,2025-10-23,3,30,2997,2097.9,Delivered,Delivered
O51255,C10334,P20116,2025-04-07,2,10,598,538.2,Cancelled,Not Applicable
O51256,C10464,P20269,2025-05-07,1,0,799,799.0,Delivered,Delivered
O51257,C10059,P20053,2025-09-03,3,0,7497,7497.0,Delivered,Delayed
O51258,C10177,P20068,2025-03-28,2,15,3198,2718.3,Delivered,Delivered
O51259,C10063,P20182,2025-03-18,1,10,599,539.1,Delivered,Delivered
O51260,C10958,P20034,2025-07-23,1,0,599,599.0,Delivered,Delivered
O51261,C10561,P20284,2025-05-26,1,20,1299,1039.2,Delivered,Delivered
O51262,C10307,P20249,2025-05-29,2,20,3198,2558.4,Processing,Not Applicable
O51263,C10246,P20111,2025-04-21,1,20,399,319.2,Cancelled,Not Applicable
O51264,C10289,P20094,2025-05-09,1,5,299,284.05,Delivered,Delivered
O51265,C10798,P20179,2025-09-10,2,15,1998,1698.3,Delivered,Delivered
O51266,C10955,P20047,2025-06-15,3,0,7497,7497.0,Cancelled,Not Applicable
O51267,C10332,P20282,2025-10-24,2,10,5998,5398.2,Delivered,Delivered
O51268,C10527,P20092,2025-05-17,2,10,798,718.2,Delivered,Delivered
O51269,C10850,P20212,2025-10-06,2,20,998,798.4,Delivered,Delivered
O51270,C10255,P20075,2025-11-30,3,10,2997,2697.3,Delivered,Delivered
O51271,C10604,P20202,2025-01-11,1,0,2499,2499.0,Delivered,Delivered
O51272,C10510,P20297,2025-03-12,1,10,999,899.1,Delivered,Delayed
O51273,C10791,P20211,2025-06-08,2,15,3998,3398.3,Delivered,Delivered
O51274,C10718,P20134,2025-08-04,3,25,4797,3597.75,Delivered,Delivered
O51275,C10606,P20066,2025-01-26,1,25,1999,1499.25,Delivered,Delivered
O51276,C10737,P20280,2025-10-13,1,5,999,949.05,Delivered,Delivered
O51277,C10813,P20028,2025-06-11,1,5,299,284.05,Delivered,Delivered
O51278,C10830,P20117,2025-04-12,1,5,599,569.05,Delivered,Delivered
O51279,C10463,P20114,2025-03-10,1,20,1599,1279.2,Delivered,Delivered
O51280,C10199,P20075,2025-05-13,1,0,999,999.0,Delivered,Delivered
O51281,C10271,P20202,2025-07-08,2,0,4998,4998.0,Processing,Not Applicable
O51282,C10746,P20059,2025-07-30,3,15,5997,5097.45,Delivered,Delivered
O51283,C10558,P20015,2025-08-31,1,5,499,474.05,Delivered,Delivered
O51284,C10064,P20231,2025-06-15,1,0,399,399.0,Delivered,Delivered
O51285,C10230,P20105,2025-03-02,1,10,2499,2249.1,Processing,Not Applicable
O51286,C10942,P20165,2025-12-28,3,10,1197,1077.3,Delivered,Delivered
O51287,C10952,P20199,2025-10-06,2,15,798,678.3,Delivered,Delivered
O51288,C10249,P20035,2025-04-23,1,30,1999,1399.3,Delivered,Delivered
O51289,C10246,P20162,2025-01-30,2,0,1998,1998.0,Delivered,Delivered
O51290,C10940,P20245,2025-11-19,3,10,1797,1617.3,Delivered,Delivered
O51291,C10587,P20287,2025-06-10,2,25,998,748.5,Delivered,Delivered
O51292,C10157,P20019,2025-08-22,1,25,299,224.25,Delivered,Delivered
O51293,C10735,P20280,2025-12-05,3,10,2997,2697.3,Delivered,Delivered
O51294,C10702,P20182,2025-06-19,1,20,599,479.2,Delivered,Delayed
O51295,C10985,P20147,2025-11-14,1,0,2999,2999.0,Delivered,Delivered
O51296,C10564,P20176,2025-07-05,1,20,2499,1999.2,Delivered,Delivered
O51297,C10950,P20163,2025-02-26,1,30,1599,1119.3,Delivered,Delivered
O51298,C10088,P20175,2025-08-28,3,15,2997,2547.45,Delivered,Delivered
O51299,C10313,P20047,2025-09-14,2,15,4998,4248.3,Delivered,Delivered
O51300,C10851,P20256,2025-12-24,1,5,1599,1519.05,Delivered,Delivered
O51301,C10066,P20174,2025-07-20,1,15,399,339.15,Delivered,Delivered
O51302,C10662,P20103,2025-11-21,1,15,2499,2124.15,Delivered,Delivered
O51303,C10020,P20121,2025-11-11,1,15,1299,1104.15,Delivered,Delivered
O51304,C10033,P20145,2025-10-29,3,0,2397,2397.0,Delivered,Delayed
O51305,C10840,P20042,2025-04-16,1,15,599,509.15,Delivered,Delivered
O51306,C10793,P20029,2025-10-17,3,15,1197,1017.45,Cancelled,Not Applicable
O51307,C10558,P20273,2025-04-11,1,5,799,759.05,Delivered,Delivered
O51308,C10073,P20014,2025-04-07,2,5,1198,1138.1,Delivered,Delayed
O51309,C10866,P20189,2025-06-02,2,10,598,538.2,Cancelled,Not Applicable
O51310,C10825,P20295,2025-01-29,1,20,2999,2399.2,Delivered,Delivered
O51311,C10343,P20183,2025-06-02,1,15,999,849.15,Delivered,Delivered
O51312,C10133,P20036,2025-03-14,3,20,1497,1197.6,Delivered,Delivered
O51313,C10055,P20037,2025-09-11,2,10,598,538.2,Delivered,Delivered
O51314,C10061,P20014,2025-01-04,2,25,1198,898.5,Cancelled,Not Applicable
O51315,C10857,P20123,2025-08-25,2,20,3998,3198.4,Delivered,Delivered
O51316,C10520,P20083,2025-02-07,2,10,1598,1438.2,Delivered,Delivered
O51317,C10272,P20159,2025-01-20,3,0,7497,7497.0,Delivered,Delivered
O51318,C10246,P20102,2025-04-23,2,5,5998,5698.1,Delivered,Delivered
O51319,C10176,P20083,2025-01-23,1,30,799,559.3,Delivered,Delivered
O51320,C10628,P20044,2025-05-16,1,10,399,359.1,Delivered,Delivered
O51321,C10317,P20068,2025-09-05,2,10,3198,2878.2,Delivered,Delayed
O51322,C10783,P20048,2025-10-28,1,5,1299,1234.05,Delivered,Delivered
O51323,C10705,P20057,2025-04-07,2,20,598,478.4,Delivered,Delivered
O51324,C10662,P20075,2025-02-02,1,10,999,899.1,Delivered,Delivered
O51325,C10131,P20022,2025-05-15,1,10,599,539.1,Delivered,Delivered
O51326,C10102,P20132,2025-09-12,1,10,1599,1439.1,Delivered,Delivered
O51327,C10310,P20267,2025-10-05,1,10,2499,2249.1,Delivered,Delivered
O51328,C10782,P20287,2025-05-13,3,10,1497,1347.3,Delivered,Delivered
O51329,C10292,P20120,2025-08-26,2,15,1598,1358.3,Delivered,Delivered
O51330,C10722,P20246,2025-01-15,3,20,1497,1197.6,Delivered,Delivered
O51331,C10495,P20056,2025-10-04,1,20,399,319.2,Delivered,Delivered
O51332,C10361,P20038,2025-05-06,1,20,399,319.2,Delivered,Delivered
O51333,C10338,P20245,2025-12-11,3,0,1797,1797.0,Delivered,Delivered
O51334,C10579,P20021,2025-01-17,2,20,1998,1598.4,Delivered,Delivered
O51335,C10010,P20110,2025-11-08,1,0,1999,1999.0,Delivered,Delivered
O51336,C10049,P20094,2025-02-19,2,0,598,598.0,Processing,Not Applicable
O51337,C10487,P20136,2025-05-15,1,25,399,299.25,Delivered,Delivered
O51338,C10623,P20231,2025-04-28,1,20,399,319.2,Delivered,Delivered
O51339,C10321,P20008,2025-11-02,1,15,1999,1699.15,Delivered,Delivered
O51340,C10731,P20290,2025-03-01,1,25,2499,1874.25,Delivered,Delivered
O51341,C10569,P20251,2025-05-05,1,30,1599,1119.3,Processing,Not Applicable
O51342,C10795,P20087,2025-04-26,2,15,3998,3398.3,Delivered,Delivered
O51343,C10971,P20204,2025-06-22,1,15,799,679.15,Delivered,Delayed
O51344,C10625,P20219,2025-07-06,1,20,999,799.2,Processing,Not Applicable
O51345,C10133,P20241,2025-03-29,2,5,3198,3038.1,Delivered,Delivered
O51346,C10583,P20258,2025-07-22,1,5,599,569.05,Delivered,Delivered
O51347,C10083,P20109,2025-12-27,1,20,2999,2399.2,Delivered,Delivered
O51348,C10057,P20256,2025-11-07,2,10,3198,2878.2,Delivered,Delivered
O51349,C10376,P20282,2025-11-16,1,0,2999,2999.0,Delivered,Delivered
O51350,C10349,P20220,2025-07-01,1,10,1599,1439.1,Delivered,Delivered
O51351,C10271,P20083,2025-12-18,1,10,799,719.1,Delivered,Delivered
O51352,C10483,P20107,2025-06-17,3,30,1497,1047.9,Delivered,Delivered
O51353,C10111,P20069,2025-06-30,2,20,3998,3198.4,Delivered,Delivered
O51354,C10869,P20097,2025-10-27,1,15,799,679.15,Delivered,Delivered
O51355,C10887,P20212,2025-05-10,1,30,499,349.3,Delivered,Delivered
O51356,C10076,P20286,2025-05-29,1,25,1999,1499.25,Delivered,Delivered
O51357,C10158,P20237,2025-11-02,1,15,1599,1359.15,Delivered,Delivered
O51358,C10532,P20008,2025-07-28,1,25,1999,1499.25,Delivered,Delivered
O51359,C10933,P20294,2025-04-21,2,10,3198,2878.2,Delivered,Delivered
O51360,C10643,P20189,2025-05-17,2,5,598,568.1,Delivered,Delivered
O51361,C10329,P20081,2025-12-21,2,5,3198,3038.1,Delivered,Delivered
O51362,C10122,P20108,2025-07-30,3,15,3897,3312.45,Delivered,Delivered
O51363,C10041,P20067,2025-05-26,1,15,399,339.15,Delivered,Delivered
O51364,C10167,P20174,2025-03-25,2,15,798,678.3,Delivered,Delivered
O51365,C10922,P20043,2025-01-30,3,15,2997,2547.45,Delivered,Delivered
O51366,C10642,P20187,2025-03-06,1,0,1999,1999.0,Delivered,Delivered
O51367,C10023,P20200,2025-01-24,2,0,2598,2598.0,Delivered,Delayed
O51368,C10279,P20039,2025-07-30,1,15,299,254.15,Delivered,Delivered
O51369,C10763,P20220,2025-08-10,2,5,3198,3038.1,Delivered,Delivered
O51370,C10469,P20004,2025-03-31,2,15,998,848.3,Cancelled,Not Applicable
O51371,C10400,P20121,2025-04-16,1,15,1299,1104.15,Cancelled,Not Applicable
O51372,C10009,P20077,2025-06-21,1,15,1299,1104.15,Delivered,Delivered
O51373,C10013,P20179,2025-08-18,1,10,999,899.1,Delivered,Delivered
O51374,C10924,P20133,2025-03-18,2,15,998,848.3,Delivered,Delivered
O51375,C10923,P20229,2025-03-09,2,20,998,798.4,Delivered,Delivered
O51376,C10819,P20276,2025-12-31,1,30,2499,1749.3,Cancelled,Not Applicable
O51377,C10832,P20152,2025-12-19,3,20,8997,7197.6,Cancelled,Not Applicable
O51378,C10052,P20164,2025-04-02,1,15,399,339.15,Delivered,Delivered
O51379,C10209,P20290,2025-03-29,2,5,4998,4748.1,Delivered,Delivered
O51380,C10550,P20109,2025-02-19,1,15,2999,2549.15,Delivered,Delayed
O51381,C10612,P20126,2025-04-13,2,25,598,448.5,Delivered,Delivered
O51382,C10705,P20240,2025-02-15,2,5,598,568.1,Delivered,Delivered
O51383,C10402,P20146,2025-06-28,1,5,2499,2374.05,Cancelled,Not Applicable
O51384,C10191,P20252,2025-09-24,1,0,299,299.0,Delivered,Delivered
O51385,C10051,P20183,2025-09-25,2,20,1998,1598.4,Delivered,Delivered
O51386,C10393,P20072,2025-11-16,1,10,399,359.1,Delivered,Delivered
O51387,C10653,P20219,2025-01-08,3,0,2997,2997.0,Delivered,Delivered
O51388,C10680,P20207,2025-09-22,1,25,399,299.25,Delivered,Delivered
O51389,C10823,P20173,2025-03-19,2,15,998,848.3,Delivered,Delivered
O51390,C10621,P20141,2025-08-28,1,10,1299,1169.1,Delivered,Delivered
O51391,C10719,P20272,2025-09-15,1,10,999,899.1,Delivered,Delivered
O51392,C10939,P20214,2025-07-15,1,10,999,899.1,Delivered,Delivered
O51393,C10300,P20269,2025-11-26,2,10,1598,1438.2,Delivered,Delivered
O51394,C10622,P20020,2025-05-11,3,10,1197,1077.3,Delivered,Delayed
O51395,C10196,P20066,2025-12-09,1,15,1999,1699.15,Delivered,Delayed
O51396,C10417,P20147,2025-09-18,2,20,5998,4798.4,Delivered,Delivered
O51397,C10664,P20165,2025-08-30,2,15,798,678.3,Delivered,Delivered
O51398,C10420,P20006,2025-06-20,2,10,998,898.2,Delivered,Delivered
O51399,C10755,P20014,2025-05-27,1,15,599,509.15,Delivered,Delivered
O51400,C10640,P20132,2025-09-27,1,20,1599,1279.2,Delivered,Delivered
O51401,C10617,P20243,2025-05-29,1,0,2999,2999.0,Delivered,Delivered
O51402,C10522,P20231,2025-10-26,1,0,399,399.0,Delivered,Delivered
O51403,C10356,P20228,2025-01-28,2,15,2598,2208.3,Delivered,Delivered
O51404,C10148,P20162,2025-05-29,1,15,999,849.15,Delivered,Delivered
O51405,C10365,P20283,2025-10-07,2,5,1598,1518.1,Delivered,Delivered
O51406,C10364,P20263,2025-07-01,1,20,399,319.2,Delivered,Delivered
O51407,C10971,P20131,2025-06-15,1,15,799,679.15,Processing,Not Applicable
O51408,C10652,P20225,2025-01-17,1,25,299,224.25,Delivered,Delivered
O51409,C10702,P20258,2025-05-30,2,5,1198,1138.1,Delivered,Delivered
O51410,C10402,P20234,2025-12-05,1,20,399,319.2,Delivered,Delivered
O51411,C10606,P20024,2025-02-14,1,0,399,399.0,Delivered,Delivered
O51412,C10492,P20271,2025-11-26,1,15,399,339.15,Delivered,Delivered
O51413,C10229,P20095,2025-07-08,2,15,4998,4248.3,Delivered,Delivered
O51414,C10575,P20142,2025-05-19,1,10,1599,1439.1,Delivered,Delayed
O51415,C10852,P20182,2025-03-02,3,20,1797,1437.6,Delivered,Delayed
O51416,C10537,P20206,2025-10-21,1,0,399,399.0,Delivered,Delivered
O51417,C10268,P20081,2025-11-18,1,15,1599,1359.15,Processing,Not Applicable
O51418,C10405,P20274,2025-02-02,1,5,999,949.05,Delivered,Delayed
O51419,C10793,P20276,2025-10-26,1,20,2499,1999.2,Processing,Not Applicable
O51420,C10011,P20208,2025-04-22,3,0,1497,1497.0,Delivered,Delivered
O51421,C10320,P20296,2025-10-18,1,20,1599,1279.2,Delivered,Delivered
O51422,C10713,P20039,2025-02-06,1,20,299,239.2,Delivered,Delayed
O51423,C10126,P20288,2025-04-10,1,20,399,319.2,Delivered,Delivered
O51424,C10306,P20124,2025-01-23,1,5,999,949.05,Delivered,Delivered
O51425,C10702,P20283,2025-08-06,2,15,1598,1358.3,Delivered,Delivered
O51426,C10511,P20180,2025-03-30,3,0,4797,4797.0,Delivered,Delivered
O51427,C10089,P20097,2025-07-28,2,20,1598,1278.4,Delivered,Delivered
O51428,C10355,P20191,2025-09-28,2,20,3198,2558.4,Delivered,Delayed
O51429,C10628,P20074,2025-08-25,3,15,1497,1272.45,Delivered,Delivered
O51430,C10352,P20273,2025-07-28,2,20,1598,1278.4,Delivered,Delivered
O51431,C10689,P20049,2025-10-05,1,0,599,599.0,Delivered,Delayed
O51432,C10014,P20210,2025-07-25,1,15,599,509.15,Delivered,Delivered
O51433,C10257,P20116,2025-03-19,3,10,897,807.3,Delivered,Delivered
O51434,C10209,P20023,2025-11-24,2,30,598,418.6,Cancelled,Not Applicable
O51435,C10281,P20098,2025-04-08,1,25,1999,1499.25,Delivered,Delivered
O51436,C10443,P20190,2025-12-12,1,20,1299,1039.2,Delivered,Delivered
O51437,C10840,P20182,2025-12-31,2,25,1198,898.5,Delivered,Delayed
O51438,C10837,P20148,2025-12-16,2,10,1998,1798.2,Delivered,Delivered
O51439,C10389,P20023,2025-12-02,1,25,299,224.25,Delivered,Delivered
O51440,C10617,P20105,2025-04-04,1,10,2499,2249.1,Delivered,Delivered
O51441,C10483,P20163,2025-03-21,2,20,3198,2558.4,Processing,Not Applicable
O51442,C10147,P20067,2025-02-07,1,20,399,319.2,Delivered,Delivered
O51443,C10279,P20290,2025-08-16,2,0,4998,4998.0,Delivered,Delivered
O51444,C10521,P20289,2025-05-14,2,10,4998,4498.2,Delivered,Delivered
O51445,C10630,P20046,2025-07-15,1,0,399,399.0,Delivered,Delivered
O51446,C10606,P20081,2025-10-09,2,30,3198,2238.6,Delivered,Delivered
O51447,C10434,P20147,2025-04-11,2,0,5998,5998.0,Delivered,Delivered
O51448,C10144,P20222,2025-03-16,3,15,1497,1272.45,Delivered,Delivered
O51449,C10289,P20015,2025-10-21,2,20,998,798.4,Delivered,Delivered
O51450,C10386,P20121,2025-07-27,3,5,3897,3702.15,Delivered,Delivered
O51451,C10014,P20078,2025-03-24,1,15,499,424.15,Delivered,Delivered
O51452,C10257,P20295,2025-05-23,1,15,2999,2549.15,Delivered,Delivered
O51453,C10346,P20241,2025-02-25,1,5,1599,1519.05,Delivered,Delivered
O51454,C10698,P20018,2025-12-27,1,20,1999,1599.2,Delivered,Delivered
O51455,C10345,P20256,2025-10-14,2,10,3198,2878.2,Delivered,Delivered
O51456,C10400,P20277,2025-07-30,1,5,399,379.05,Processing,Not Applicable
O51457,C10207,P20027,2025-06-28,1,15,299,254.15,Delivered,Delayed
O51458,C10858,P20002,2025-02-27,1,10,1999,1799.1,Delivered,Delivered
O51459,C10943,P20295,2025-03-14,1,25,2999,2249.25,Delivered,Delivered
O51460,C10172,P20239,2025-08-03,2,25,1598,1198.5,Delivered,Delivered
O51461,C10464,P20013,2025-09-23,1,15,999,849.15,Delivered,Delivered
O51462,C10270,P20184,2025-03-14,1,10,1999,1799.1,Delivered,Delivered
O51463,C10221,P20194,2025-09-28,1,10,399,359.1,Delivered,Delivered
O51464,C10152,P20056,2025-12-20,2,5,798,758.1,Delivered,Delivered
O51465,C10623,P20230,2025-08-22,1,15,1999,1699.15,Delivered,Delivered
O51466,C10183,P20028,2025-11-15,2,20,598,478.4,Delivered,Delivered
O51467,C10399,P20071,2025-01-19,1,10,499,449.1,Delivered,Delivered
O51468,C10851,P20210,2025-04-23,1,5,599,569.05,Delivered,Delivered
O51469,C10072,P20184,2025-03-04,1,15,1999,1699.15,Cancelled,Not Applicable
O51470,C10418,P20041,2025-07-03,1,0,1999,1999.0,Delivered,Delivered
O51471,C10898,P20260,2025-10-04,1,20,1599,1279.2,Delivered,Delivered
O51472,C10283,P20084,2025-06-11,1,15,2499,2124.15,Delivered,Delivered
O51473,C10074,P20046,2025-08-31,2,15,798,678.3,Cancelled,Not Applicable
O51474,C10355,P20159,2025-05-25,1,10,2499,2249.1,Processing,Not Applicable
O51475,C10727,P20007,2025-05-26,1,25,1299,974.25,Delivered,Delivered
O51476,C10497,P20136,2025-03-22,1,0,399,399.0,Delivered,Delivered
O51477,C10328,P20183,2025-11-18,2,25,1998,1498.5,Delivered,Delivered
O51478,C10988,P20197,2025-11-17,3,10,7497,6747.3,Cancelled,Not Applicable
O51479,C10535,P20172,2025-02-12,3,25,1497,1122.75,Delivered,Delivered
O51480,C10580,P20276,2025-11-09,3,20,7497,5997.6,Delivered,Delayed
O51481,C10910,P20078,2025-10-20,1,0,499,499.0,Cancelled,Not Applicable
O51482,C10447,P20178,2025-06-25,1,20,1299,1039.2,Delivered,Delivered
O51483,C10373,P20027,2025-03-10,2,15,598,508.3,Delivered,Delivered
O51484,C10362,P20120,2025-02-25,1,0,799,799.0,Delivered,Delivered
O51485,C10093,P20281,2025-04-29,2,0,2598,2598.0,Delivered,Delivered
O51486,C10321,P20196,2025-07-23,1,15,299,254.15,Delivered,Delivered
O51487,C10324,P20277,2025-02-24,3,15,1197,1017.45,Delivered,Delivered
O51488,C10384,P20018,2025-02-07,1,20,1999,1599.2,Delivered,Delivered
O51489,C10575,P20295,2025-08-31,2,20,5998,4798.4,Delivered,Delivered
O51490,C10736,P20271,2025-07-20,2,15,798,678.3,Delivered,Delivered
O51491,C10737,P20053,2025-08-24,3,20,7497,5997.6,Processing,Not Applicable
O51492,C10881,P20294,2025-01-15,1,15,1599,1359.15,Delivered,Delivered
O51493,C10346,P20052,2025-05-24,1,5,599,569.05,Delivered,Delivered
O51494,C10849,P20216,2025-03-18,2,25,1598,1198.5,Delivered,Delivered
O51495,C10103,P20072,2025-11-05,2,0,798,798.0,Delivered,Delayed
O51496,C10215,P20028,2025-09-20,3,10,897,807.3,Processing,Not Applicable
O51497,C10192,P20252,2025-07-04,2,20,598,478.4,Delivered,Delivered
O51498,C10672,P20035,2025-02-24,1,10,1999,1799.1,Delivered,Delivered
O51499,C10884,P20201,2025-11-04,2,0,598,598.0,Delivered,Delivered
O51500,C10719,P20249,2025-01-04,2,0,3198,3198.0,Delivered,Delivered
O51501,C10781,P20099,2025-10-26,3,15,1197,1017.45,Delivered,Delivered
O51502,C10194,P20140,2025-02-09,2,30,5998,4198.6,Cancelled,Not Applicable
O51503,C10380,P20083,2025-08-18,1,15,799,679.15,Delivered,Delivered
O51504,C10403,P20048,2025-10-13,2,15,2598,2208.3,Delivered,Delivered
O51505,C10664,P20278,2025-05-18,2,10,2598,2338.2,Delivered,Delivered
O51506,C10749,P20248,2025-04-13,1,5,999,949.05,Cancelled,Not Applicable
O51507,C10600,P20177,2025-01-07,1,0,2999,2999.0,Delivered,Delivered
O51508,C10011,P20052,2025-06-13,2,10,1198,1078.2,Delivered,Delayed
O51509,C10187,P20079,2025-12-31,1,10,999,899.1,Processing,Not Applicable
O51510,C10726,P20064,2025-10-03,1,5,2499,2374.05,Delivered,Delayed
O51511,C10015,P20008,2025-02-18,1,0,1999,1999.0,Delivered,Delivered
O51512,C10778,P20214,2025-04-06,2,20,1998,1598.4,Delivered,Delivered
O51513,C10297,P20025,2025-02-28,3,25,2397,1797.75,Delivered,Delivered
O51514,C10411,P20256,2025-08-19,1,25,1599,1199.25,Delivered,Delivered
O51515,C10956,P20243,2025-06-26,1,15,2999,2549.15,Cancelled,Not Applicable
O51516,C10585,P20198,2025-03-31,3,0,1797,1797.0,Delivered,Delivered
O51517,C10052,P20094,2025-10-09,2,20,598,478.4,Delivered,Delayed
O51518,C10640,P20207,2025-02-05,1,0,399,399.0,Delivered,Delivered
O51519,C10028,P20015,2025-06-20,3,15,1497,1272.45,Delivered,Delivered
O51520,C10577,P20178,2025-05-06,2,20,2598,2078.4,Delivered,Delivered
O51521,C10017,P20075,2025-10-26,2,20,1998,1598.4,Delivered,Delivered
O51522,C10351,P20104,2025-12-21,1,30,599,419.3,Delivered,Delivered
O51523,C10428,P20294,2025-07-23,1,20,1599,1279.2,Delivered,Delivered
O51524,C10650,P20168,2025-10-16,2,20,1998,1598.4,Delivered,Delivered
O51525,C10831,P20115,2025-12-22,1,5,2999,2849.05,Delivered,Delivered
O51526,C10229,P20039,2025-04-07,1,25,299,224.25,Delivered,Delivered
O51527,C10766,P20273,2025-08-26,2,5,1598,1518.1,Delivered,Delivered
O51528,C10989,P20135,2025-06-22,2,25,3998,2998.5,Cancelled,Not Applicable
O51529,C10210,P20232,2025-10-28,1,10,999,899.1,Delivered,Delivered
O51530,C10431,P20039,2025-03-29,3,0,897,897.0,Delivered,Delayed
O51531,C10294,P20291,2025-12-17,1,20,2499,1999.2,Delivered,Delivered
O51532,C10743,P20047,2025-01-17,2,0,4998,4998.0,Delivered,Delivered
O51533,C10753,P20036,2025-05-20,1,20,499,399.2,Delivered,Delayed
O51534,C10582,P20095,2025-09-11,3,5,7497,7122.15,Delivered,Delivered
O51535,C10104,P20013,2025-10-05,1,25,999,749.25,Delivered,Delivered
O51536,C10204,P20146,2025-05-31,1,20,2499,1999.2,Delivered,Delivered
O51537,C10053,P20065,2025-12-12,1,15,1299,1104.15,Delivered,Delivered
O51538,C10974,P20228,2025-11-30,1,10,1299,1169.1,Delivered,Delivered
O51539,C10940,P20242,2025-05-20,1,0,1599,1599.0,Delivered,Delivered
O51540,C10375,P20008,2025-04-24,3,20,5997,4797.6,Delivered,Delivered
O51541,C10842,P20043,2025-03-09,3,5,2997,2847.15,Delivered,Delivered
O51542,C10054,P20244,2025-06-28,3,10,7497,6747.3,Delivered,Delivered
O51543,C10276,P20181,2025-05-05,2,15,3998,3398.3,Delivered,Delivered
O51544,C10335,P20085,2025-11-09,2,15,998,848.3,Delivered,Delivered
O51545,C10031,P20155,2025-11-07,3,5,1797,1707.15,Delivered,Delivered
O51546,C10135,P20275,2025-12-04,1,0,599,599.0,Processing,Not Applicable
O51547,C10058,P20023,2025-12-29,1,0,299,299.0,Cancelled,Not Applicable
O51548,C10105,P20115,2025-12-24,1,25,2999,2249.25,Delivered,Delivered
O51549,C10266,P20299,2025-08-21,1,0,1599,1599.0,Delivered,Delivered
O51550,C10522,P20099,2025-05-27,3,30,1197,837.9,Delivered,Delivered
O51551,C10496,P20104,2025-04-21,1,5,599,569.05,Delivered,Delivered
O51552,C10253,P20051,2025-12-29,1,0,1999,1999.0,Delivered,Delivered
O51553,C10295,P20112,2025-12-24,1,15,1599,1359.15,Delivered,Delivered
O51554,C10668,P20244,2025-08-26,1,0,2499,2499.0,Delivered,Delivered
O51555,C10158,P20169,2025-01-03,2,15,3998,3398.3,Cancelled,Not Applicable
O51556,C10549,P20072,2025-07-30,2,25,798,598.5,Cancelled,Not Applicable
O51557,C10631,P20139,2025-01-25,1,0,1299,1299.0,Delivered,Delivered
O51558,C10067,P20231,2025-11-27,1,20,399,319.2,Delivered,Delivered
O51559,C10754,P20239,2025-07-03,1,10,799,719.1,Delivered,Delivered
O51560,C10299,P20253,2025-03-02,2,5,2598,2468.1,Delivered,Delivered
O51561,C10463,P20049,2025-05-03,1,5,599,569.05,Delivered,Delivered
O51562,C10725,P20072,2025-02-24,2,25,798,598.5,Delivered,Delayed
O51563,C10820,P20263,2025-06-12,1,0,399,399.0,Delivered,Delivered
O51564,C10101,P20222,2025-07-06,1,25,499,374.25,Delivered,Delivered
O51565,C10056,P20077,2025-02-08,2,15,2598,2208.3,Delivered,Delivered
O51566,C10332,P20062,2025-07-04,1,0,1599,1599.0,Cancelled,Not Applicable
O51567,C10836,P20157,2025-03-24,2,10,3998,3598.2,Delivered,Delivered
O51568,C10751,P20294,2025-07-14,1,20,1599,1279.2,Delivered,Delivered
O51569,C10393,P20125,2025-02-03,2,20,598,478.4,Delivered,Delivered
O51570,C10743,P20229,2025-04-23,2,15,998,848.3,Delivered,Delivered
O51571,C10874,P20161,2025-08-18,2,25,2598,1948.5,Cancelled,Not Applicable
O51572,C10381,P20029,2025-10-10,3,0,1197,1197.0,Delivered,Delayed
O51573,C10092,P20114,2025-10-14,1,25,1599,1199.25,Delivered,Delivered
O51574,C10791,P20079,2025-06-04,1,20,999,799.2,Delivered,Delivered
O51575,C10447,P20023,2025-06-14,1,20,299,239.2,Cancelled,Not Applicable
O51576,C10109,P20106,2025-07-01,3,20,897,717.6,Delivered,Delivered
O51577,C10317,P20131,2025-08-27,1,15,799,679.15,Delivered,Delivered
O51578,C10168,P20173,2025-05-17,2,15,998,848.3,Delivered,Delivered
O51579,C10812,P20264,2025-12-05,1,15,2499,2124.15,Delivered,Delivered
O51580,C10982,P20285,2025-09-23,1,10,1299,1169.1,Delivered,Delivered
O51581,C10920,P20002,2025-07-06,1,15,1999,1699.15,Delivered,Delivered
O51582,C10435,P20233,2025-02-09,1,5,499,474.05,Delivered,Delivered
O51583,C10442,P20251,2025-11-06,2,10,3198,2878.2,Delivered,Delivered
O51584,C10218,P20108,2025-06-16,2,10,2598,2338.2,Delivered,Delivered
O51585,C10222,P20276,2025-09-17,1,0,2499,2499.0,Delivered,Delivered
O51586,C10673,P20180,2025-05-23,1,10,1599,1439.1,Delivered,Delivered
O51587,C10528,P20213,2025-07-23,2,25,1198,898.5,Delivered,Delivered
O51588,C10278,P20293,2025-06-25,2,10,798,718.2,Delivered,Delivered
O51589,C10569,P20072,2025-09-19,2,20,798,638.4,Delivered,Delivered
O51590,C10574,P20283,2025-09-09,1,5,799,759.05,Delivered,Delivered
O51591,C10875,P20175,2025-11-25,2,10,1998,1798.2,Delivered,Delivered
O51592,C10466,P20123,2025-07-19,2,0,3998,3998.0,Delivered,Delivered
O51593,C10839,P20227,2025-07-18,2,0,1998,1998.0,Delivered,Delivered
O51594,C10754,P20083,2025-07-15,1,15,799,679.15,Delivered,Delivered
O51595,C10602,P20253,2025-11-10,1,15,1299,1104.15,Delivered,Delivered
O51596,C10584,P20146,2025-03-18,1,5,2499,2374.05,Delivered,Delivered
O51597,C10838,P20120,2025-01-19,2,15,1598,1358.3,Delivered,Delayed
O51598,C10030,P20065,2025-03-03,3,25,3897,2922.75,Delivered,Delivered
O51599,C10359,P20281,2025-11-23,3,5,3897,3702.15,Delivered,Delivered
O51600,C10919,P20283,2025-10-08,2,0,1598,1598.0,Cancelled,Not Applicable
O51601,C10288,P20106,2025-09-07,3,15,897,762.45,Delivered,Delayed
O51602,C10086,P20300,2025-08-15,1,0,299,299.0,Delivered,Delivered
O51603,C10234,P20107,2025-05-07,3,30,1497,1047.9,Processing,Not Applicable
O51604,C10747,P20036,2025-02-27,1,15,499,424.15,Delivered,Delivered
O51605,C10313,P20147,2025-07-23,1,15,2999,2549.15,Cancelled,Not Applicable
O51606,C10365,P20262,2025-08-31,2,10,998,898.2,Delivered,Delivered
O51607,C10777,P20159,2025-11-28,2,15,4998,4248.3,Delivered,Delivered
O51608,C10799,P20265,2025-11-22,1,0,2499,2499.0,Delivered,Delivered
O51609,C10839,P20202,2025-09-09,1,25,2499,1874.25,Delivered,Delivered
O51610,C10905,P20155,2025-11-18,2,15,1198,1018.3,Delivered,Delivered
O51611,C10269,P20013,2025-07-18,1,5,999,949.05,Delivered,Delivered
O51612,C10698,P20297,2025-12-09,3,15,2997,2547.45,Delivered,Delivered
O51613,C10131,P20085,2025-08-28,2,0,998,998.0,Delivered,Delayed
O51614,C10803,P20280,2025-05-19,1,0,999,999.0,Delivered,Delivered
O51615,C10993,P20245,2025-05-02,1,15,599,509.15,Delivered,Delivered
O51616,C10789,P20300,2025-02-18,3,15,897,762.45,Delivered,Delivered
O51617,C10832,P20009,2025-10-31,2,15,998,848.3,Cancelled,Not Applicable
O51618,C10351,P20247,2025-04-25,1,5,499,474.05,Delivered,Delivered
O51619,C10180,P20278,2025-12-09,2,15,2598,2208.3,Cancelled,Not Applicable
O51620,C10802,P20238,2025-09-08,3,0,5997,5997.0,Delivered,Delivered
O51621,C10480,P20203,2025-01-07,1,15,799,679.15,Delivered,Delivered
O51622,C10889,P20247,2025-08-07,1,15,499,424.15,Delivered,Delayed
O51623,C10163,P20235,2025-03-18,1,15,599,509.15,Delivered,Delivered
O51624,C10783,P20081,2025-06-28,3,25,4797,3597.75,Delivered,Delivered
O51625,C10888,P20013,2025-05-25,1,25,999,749.25,Delivered,Delivered
O51626,C10096,P20016,2025-06-03,3,30,897,627.9,Delivered,Delivered
O51627,C10774,P20045,2025-05-01,2,30,4998,3498.6,Cancelled,Not Applicable
O51628,C10510,P20139,2025-05-04,2,20,2598,2078.4,Delivered,Delivered
O51629,C10365,P20148,2025-05-30,2,30,1998,1398.6,Cancelled,Not Applicable
O51630,C10981,P20236,2025-09-25,1,25,2499,1874.25,Delivered,Delivered
O51631,C10353,P20191,2025-11-23,2,20,3198,2558.4,Processing,Not Applicable
O51632,C10800,P20101,2025-01-01,1,0,1299,1299.0,Delivered,Delivered
O51633,C10436,P20105,2025-06-10,1,0,2499,2499.0,Delivered,Delivered
O51634,C10083,P20250,2025-09-01,1,20,2499,1999.2,Delivered,Delivered
O51635,C10225,P20094,2025-09-08,1,15,299,254.15,Delivered,Delivered
O51636,C10412,P20220,2025-03-05,2,20,3198,2558.4,Delivered,Delivered
O51637,C10735,P20298,2025-10-26,1,10,399,359.1,Delivered,Delivered
O51638,C10981,P20133,2025-09-05,2,10,998,898.2,Delivered,Delivered
O51639,C10118,P20155,2025-10-24,1,20,599,479.2,Delivered,Delivered
O51640,C10482,P20028,2025-04-25,1,25,299,224.25,Delivered,Delivered
O51641,C10192,P20282,2025-10-22,2,0,5998,5998.0,Delivered,Delivered
O51642,C10591,P20116,2025-01-01,2,25,598,448.5,Delivered,Delivered
O51643,C10590,P20234,2025-02-10,2,20,798,638.4,Delivered,Delivered
O51644,C10659,P20001,2025-06-22,2,10,2598,2338.2,Delivered,Delivered
O51645,C10107,P20240,2025-03-29,3,10,897,807.3,Delivered,Delivered
O51646,C10382,P20058,2025-04-08,1,0,299,299.0,Delivered,Delivered
O51647,C10783,P20183,2025-03-29,2,0,1998,1998.0,Delivered,Delivered
O51648,C10390,P20026,2025-09-08,1,15,999,849.15,Delivered,Delivered
O51649,C10244,P20077,2025-12-01,2,0,2598,2598.0,Delivered,Delivered
O51650,C10585,P20217,2025-05-21,2,5,5998,5698.1,Delivered,Delayed
O51651,C10869,P20262,2025-03-12,1,20,499,399.2,Delivered,Delivered
O51652,C10468,P20023,2025-05-17,2,15,598,508.3,Delivered,Delivered
O51653,C10866,P20244,2025-04-09,1,15,2499,2124.15,Delivered,Delivered
O51654,C10934,P20158,2025-05-31,1,5,499,474.05,Delivered,Delivered
O51655,C10538,P20206,2025-06-24,1,20,399,319.2,Delivered,Delivered
O51656,C10210,P20087,2025-06-16,1,25,1999,1499.25,Delivered,Delivered
O51657,C10604,P20267,2025-12-09,3,15,7497,6372.45,Delivered,Delivered
O51658,C10637,P20134,2025-09-14,2,25,3198,2398.5,Delivered,Delivered
O51659,C10947,P20267,2025-08-12,2,20,4998,3998.4,Delivered,Delivered
O51660,C10073,P20268,2025-11-26,3,20,897,717.6,Delivered,Delivered
O51661,C10992,P20053,2025-03-06,3,20,7497,5997.6,Delivered,Delivered
O51662,C10635,P20099,2025-03-10,2,0,798,798.0,Delivered,Delivered
O51663,C10309,P20247,2025-03-08,2,10,998,898.2,Cancelled,Not Applicable
O51664,C10696,P20036,2025-02-19,2,0,998,998.0,Cancelled,Not Applicable
O51665,C10699,P20028,2025-11-10,3,0,897,897.0,Delivered,Delivered
O51666,C10710,P20220,2025-11-05,1,5,1599,1519.05,Delivered,Delivered
O51667,C10590,P20102,2025-04-01,2,25,5998,4498.5,Delivered,Delivered
O51668,C10860,P20263,2025-04-25,1,5,399,379.05,Delivered,Delivered
O51669,C10186,P20271,2025-02-26,3,30,1197,837.9,Delivered,Delivered
O51670,C10856,P20224,2025-12-08,3,15,2397,2037.45,Delivered,Delivered
O51671,C10253,P20139,2025-01-18,3,5,3897,3702.15,Processing,Not Applicable
O51672,C10013,P20280,2025-09-29,1,15,999,849.15,Cancelled,Not Applicable
O51673,C10299,P20286,2025-05-10,1,5,1999,1899.05,Delivered,Delivered
O51674,C10076,P20250,2025-09-26,1,30,2499,1749.3,Delivered,Delivered
O51675,C10051,P20078,2025-03-21,2,20,998,798.4,Delivered,Delivered
O51676,C10787,P20297,2025-10-26,3,0,2997,2997.0,Delivered,Delivered
O51677,C10149,P20013,2025-11-06,3,25,2997,2247.75,Delivered,Delivered
O51678,C10731,P20082,2025-07-21,2,20,3198,2558.4,Delivered,Delivered
O51679,C10122,P20009,2025-08-13,1,0,499,499.0,Delivered,Delivered
O51680,C10211,P20213,2025-06-08,2,15,1198,1018.3,Delivered,Delivered
O51681,C10280,P20048,2025-07-23,2,15,2598,2208.3,Delivered,Delivered
O51682,C10538,P20049,2025-05-17,2,5,1198,1138.1,Cancelled,Not Applicable
O51683,C10685,P20040,2025-03-14,2,20,1998,1598.4,Delivered,Delivered
O51684,C10156,P20280,2025-02-17,2,0,1998,1998.0,Delivered,Delivered
O51685,C10238,P20226,2025-01-18,2,15,2598,2208.3,Delivered,Delivered
O51686,C10376,P20108,2025-09-24,2,0,2598,2598.0,Delivered,Delivered
O51687,C10082,P20245,2025-12-06,3,30,1797,1257.9,Cancelled,Not Applicable
O51688,C10492,P20255,2025-01-19,3,20,8997,7197.6,Delivered,Delivered
O51689,C10356,P20033,2025-04-10,2,5,3998,3798.1,Processing,Not Applicable
O51690,C10925,P20023,2025-04-26,1,10,299,269.1,Delivered,Delivered
O51691,C10273,P20054,2025-12-12,1,5,1999,1899.05,Delivered,Delivered
O51692,C10580,P20049,2025-03-15,1,20,599,479.2,Delivered,Delivered
O51693,C10044,P20078,2025-10-07,3,0,1497,1497.0,Delivered,Delivered
O51694,C10573,P20122,2025-09-26,2,20,3198,2558.4,Delivered,Delivered
O51695,C10123,P20090,2025-05-05,1,25,299,224.25,Cancelled,Not Applicable
O51696,C10349,P20193,2025-04-26,1,15,799,679.15,Delivered,Delayed
O51697,C10708,P20244,2025-06-23,2,5,4998,4748.1,Delivered,Delivered
O51698,C10330,P20149,2025-06-30,1,10,499,449.1,Delivered,Delayed
O51699,C10409,P20146,2025-08-14,2,15,4998,4248.3,Delivered,Delivered
O51700,C10991,P20141,2025-06-06,2,15,2598,2208.3,Delivered,Delivered
O51701,C10323,P20286,2025-06-13,1,15,1999,1699.15,Cancelled,Not Applicable
O51702,C10111,P20111,2025-03-12,2,15,798,678.3,Delivered,Delivered
O51703,C10770,P20108,2025-08-10,2,10,2598,2338.2,Processing,Not Applicable
O51704,C10089,P20281,2025-05-06,1,25,1299,974.25,Delivered,Delayed
O51705,C10433,P20050,2025-05-25,2,0,598,598.0,Delivered,Delivered
O51706,C10710,P20014,2025-06-25,1,10,599,539.1,Delivered,Delayed
O51707,C10794,P20134,2025-06-01,3,20,4797,3837.6,Delivered,Delivered
O51708,C10712,P20076,2025-07-01,2,0,4998,4998.0,Delivered,Delivered
O51709,C10099,P20084,2025-12-13,3,20,7497,5997.6,Delivered,Delivered
O51710,C10539,P20158,2025-03-26,3,20,1497,1197.6,Delivered,Delivered
O51711,C10601,P20286,2025-12-30,1,15,1999,1699.15,Delivered,Delivered
O51712,C10146,P20094,2025-05-01,2,0,598,598.0,Delivered,Delivered
O51713,C10694,P20297,2025-05-09,2,5,1998,1898.1,Delivered,Delivered
O51714,C10257,P20094,2025-01-06,2,10,598,538.2,Delivered,Delivered
O51715,C10189,P20057,2025-11-30,1,5,299,284.05,Processing,Not Applicable
O51716,C10240,P20164,2025-07-02,2,30,798,558.6,Delivered,Delivered
O51717,C10871,P20098,2025-02-07,1,15,1999,1699.15,Delivered,Delivered
O51718,C10899,P20016,2025-04-26,1,10,299,269.1,Delivered,Delivered
O51719,C10503,P20078,2025-04-12,2,25,998,748.5,Delivered,Delivered
O51720,C10708,P20072,2025-01-08,2,20,798,638.4,Delivered,Delivered
O51721,C10809,P20270,2025-08-06,1,10,999,899.1,Delivered,Delivered
O51722,C10677,P20287,2025-07-26,3,10,1497,1347.3,Delivered,Delivered
O51723,C10819,P20066,2025-03-19,1,5,1999,1899.05,Delivered,Delivered
O51724,C10271,P20068,2025-02-24,1,30,1599,1119.3,Delivered,Delivered
O51725,C10520,P20193,2025-10-31,1,15,799,679.15,Delivered,Delivered
O51726,C10550,P20055,2025-08-16,2,25,798,598.5,Delivered,Delivered
O51727,C10114,P20168,2025-03-29,2,10,1998,1798.2,Delivered,Delivered
O51728,C10339,P20025,2025-01-10,1,25,799,599.25,Delivered,Delivered
O51729,C10568,P20131,2025-11-04,1,0,799,799.0,Delivered,Delivered
O51730,C10943,P20102,2025-10-17,1,30,2999,2099.3,Delivered,Delivered
O51731,C10986,P20282,2025-06-13,1,25,2999,2249.25,Delivered,Delivered
O51732,C10359,P20296,2025-08-27,1,10,1599,1439.1,Delivered,Delivered
O51733,C10650,P20294,2025-11-13,1,20,1599,1279.2,Delivered,Delivered
O51734,C10614,P20263,2025-05-24,1,20,399,319.2,Delivered,Delayed
O51735,C10334,P20120,2025-12-01,1,25,799,599.25,Delivered,Delivered
O51736,C10689,P20231,2025-01-18,2,10,798,718.2,Delivered,Delivered
O51737,C10169,P20291,2025-03-12,2,10,4998,4498.2,Delivered,Delivered
O51738,C10339,P20161,2025-06-24,3,25,3897,2922.75,Delivered,Delivered
O51739,C10798,P20161,2025-12-08,2,20,2598,2078.4,Delivered,Delivered
O51740,C10261,P20078,2025-10-15,1,10,499,449.1,Cancelled,Not Applicable
O51741,C10887,P20038,2025-10-26,2,20,798,638.4,Delivered,Delivered
O51742,C10735,P20028,2025-12-05,1,0,299,299.0,Delivered,Delivered
O51743,C10199,P20100,2025-09-05,2,20,1198,958.4,Delivered,Delivered
O51744,C10211,P20294,2025-07-12,3,5,4797,4557.15,Delivered,Delivered
O51745,C10287,P20124,2025-11-21,3,10,2997,2697.3,Delivered,Delivered
O51746,C10692,P20092,2025-11-02,3,15,1197,1017.45,Delivered,Delivered
O51747,C10762,P20255,2025-09-25,2,10,5998,5398.2,Delivered,Delivered
O51748,C10743,P20097,2025-07-23,2,15,1598,1358.3,Delivered,Delivered
O51749,C10472,P20006,2025-12-07,3,15,1497,1272.45,Cancelled,Not Applicable
O51750,C10482,P20169,2025-05-03,3,10,5997,5397.3,Cancelled,Not Applicable
O51751,C10023,P20271,2025-02-27,1,5,399,379.05,Delivered,Delivered
O51752,C10560,P20108,2025-12-05,1,20,1299,1039.2,Delivered,Delivered
O51753,C10109,P20299,2025-07-20,1,10,1599,1439.1,Delivered,Delivered
O51754,C10296,P20047,2025-04-22,2,15,4998,4248.3,Delivered,Delivered
O51755,C10006,P20099,2025-05-08,2,15,798,678.3,Delivered,Delivered
O51756,C10550,P20014,2025-02-05,2,25,1198,898.5,Delivered,Delivered
O51757,C10681,P20194,2025-08-22,1,20,399,319.2,Delivered,Delayed
O51758,C10868,P20157,2025-11-06,1,0,1999,1999.0,Processing,Not Applicable
O51759,C10795,P20154,2025-02-16,1,20,999,799.2,Delivered,Delivered
O51760,C10203,P20115,2025-04-25,1,30,2999,2099.3,Delivered,Delivered
O51761,C10325,P20258,2025-09-12,1,15,599,509.15,Delivered,Delivered
O51762,C10825,P20145,2025-08-11,1,30,799,559.3,Delivered,Delayed
O51763,C10785,P20291,2025-05-04,1,15,2499,2124.15,Delivered,Delivered
O51764,C10244,P20010,2025-06-09,3,10,4797,4317.3,Delivered,Delivered
O51765,C10327,P20214,2025-04-06,3,10,2997,2697.3,Processing,Not Applicable
O51766,C10987,P20233,2025-04-17,1,15,499,424.15,Delivered,Delivered
O51767,C10047,P20171,2025-04-30,1,5,799,759.05,Delivered,Delivered
O51768,C10761,P20021,2025-04-11,1,0,999,999.0,Delivered,Delivered
O51769,C10591,P20015,2025-04-13,1,0,499,499.0,Delivered,Delivered
O51770,C10622,P20126,2025-06-15,3,10,897,807.3,Delivered,Delivered
O51771,C10013,P20213,2025-07-05,1,10,599,539.1,Delivered,Delivered
O51772,C10907,P20188,2025-02-01,2,15,4998,4248.3,Delivered,Delayed
O51773,C10380,P20172,2025-03-07,1,10,499,449.1,Delivered,Delivered
O51774,C10365,P20247,2025-06-28,1,30,499,349.3,Delivered,Delivered
O51775,C10602,P20005,2025-09-24,3,10,1497,1347.3,Delivered,Delivered
O51776,C10342,P20231,2025-02-06,3,10,1197,1077.3,Processing,Not Applicable
O51777,C10860,P20201,2025-07-20,2,0,598,598.0,Delivered,Delivered
O51778,C10792,P20149,2025-12-24,3,5,1497,1422.15,Delivered,Delayed
O51779,C10221,P20072,2025-02-18,1,0,399,399.0,Delivered,Delivered
O51780,C10073,P20226,2025-10-02,3,15,3897,3312.45,Delivered,Delivered
O51781,C10746,P20074,2025-06-17,2,20,998,798.4,Delivered,Delivered
O51782,C10772,P20169,2025-09-20,1,5,1999,1899.05,Delivered,Delivered
O51783,C10625,P20249,2025-05-13,2,10,3198,2878.2,Delivered,Delivered
O51784,C10046,P20280,2025-10-25,2,0,1998,1998.0,Delivered,Delivered
O51785,C10504,P20152,2025-12-10,1,20,2999,2399.2,Delivered,Delivered
O51786,C10274,P20224,2025-06-25,1,20,799,639.2,Delivered,Delivered
O51787,C10555,P20225,2025-01-11,2,0,598,598.0,Delivered,Delivered
O51788,C10208,P20038,2025-07-20,3,10,1197,1077.3,Delivered,Delivered
O51789,C10929,P20044,2025-10-24,2,30,798,558.6,Delivered,Delivered
O51790,C10861,P20185,2025-01-03,1,10,1599,1439.1,Delivered,Delayed
O51791,C10615,P20241,2025-08-02,3,15,4797,4077.45,Delivered,Delivered
O51792,C10124,P20210,2025-10-23,1,10,599,539.1,Delivered,Delivered
O51793,C10010,P20023,2025-11-03,1,15,299,254.15,Delivered,Delivered
O51794,C10329,P20124,2025-02-01,1,30,999,699.3,Delivered,Delivered
O51795,C10187,P20086,2025-02-17,2,30,1998,1398.6,Delivered,Delivered
O51796,C10543,P20043,2025-11-23,2,20,1998,1598.4,Delivered,Delivered
O51797,C10668,P20040,2025-09-09,2,10,1998,1798.2,Delivered,Delivered
O51798,C10060,P20169,2025-07-18,1,15,1999,1699.15,Delivered,Delivered
O51799,C10761,P20175,2025-03-30,1,10,999,899.1,Delivered,Delivered
O51800,C10899,P20020,2025-04-19,1,30,399,279.3,Delivered,Delivered
O51801,C10886,P20109,2025-10-18,1,20,2999,2399.2,Cancelled,Not Applicable
O51802,C10951,P20193,2025-04-18,1,10,799,719.1,Delivered,Delivered
O51803,C10782,P20244,2025-02-09,3,0,7497,7497.0,Delivered,Delayed
O51804,C10442,P20280,2025-02-21,2,15,1998,1698.3,Delivered,Delivered
O51805,C10217,P20228,2025-04-22,1,30,1299,909.3,Delivered,Delivered
O51806,C10911,P20036,2025-10-22,1,15,499,424.15,Delivered,Delivered
O51807,C10002,P20045,2025-03-09,2,5,4998,4748.1,Delivered,Delivered
O51808,C10536,P20028,2025-07-08,2,0,598,598.0,Delivered,Delivered
O51809,C10718,P20154,2025-11-28,1,10,999,899.1,Delivered,Delivered
O51810,C10832,P20023,2025-07-28,2,25,598,448.5,Delivered,Delivered
O51811,C10711,P20207,2025-03-06,2,30,798,558.6,Delivered,Delivered
O51812,C10356,P20091,2025-03-03,1,25,1599,1199.25,Delivered,Delivered
O51813,C10626,P20038,2025-09-15,3,20,1197,957.6,Delivered,Delivered
O51814,C10792,P20228,2025-05-14,1,15,1299,1104.15,Delivered,Delayed
O51815,C10667,P20202,2025-05-02,3,15,7497,6372.45,Delivered,Delivered
O51816,C10165,P20254,2025-11-27,1,15,1299,1104.15,Delivered,Delivered
O51817,C10998,P20038,2025-06-20,3,20,1197,957.6,Delivered,Delayed
O51818,C10734,P20221,2025-07-29,1,10,799,719.1,Delivered,Delivered
O51819,C10091,P20187,2025-10-23,2,15,3998,3398.3,Delivered,Delivered
O51820,C10167,P20043,2025-03-30,2,0,1998,1998.0,Delivered,Delivered
O51821,C10959,P20114,2025-06-16,1,5,1599,1519.05,Delivered,Delivered
O51822,C10207,P20260,2025-01-28,2,20,3198,2558.4,Delivered,Delivered
O51823,C10282,P20005,2025-08-26,1,25,499,374.25,Delivered,Delivered
O51824,C10065,P20068,2025-12-02,3,15,4797,4077.45,Delivered,Delivered
O51825,C10888,P20228,2025-03-04,1,0,1299,1299.0,Delivered,Delivered
O51826,C10516,P20123,2025-09-12,3,25,5997,4497.75,Delivered,Delivered
O51827,C10157,P20173,2025-02-10,1,20,499,399.2,Processing,Not Applicable
O51828,C10761,P20153,2025-01-29,1,10,1599,1439.1,Delivered,Delivered
O51829,C10769,P20267,2025-10-06,2,15,4998,4248.3,Delivered,Delivered
O51830,C10747,P20157,2025-03-21,1,10,1999,1799.1,Delivered,Delivered
O51831,C10306,P20162,2025-02-20,2,10,1998,1798.2,Processing,Not Applicable
O51832,C10878,P20214,2025-04-22,2,25,1998,1498.5,Delivered,Delivered
O51833,C10982,P20026,2025-12-27,1,5,999,949.05,Delivered,Delivered
O51834,C10395,P20292,2025-10-28,1,0,399,399.0,Cancelled,Not Applicable
O51835,C10074,P20189,2025-03-31,1,0,299,299.0,Delivered,Delivered
O51836,C10187,P20122,2025-08-17,2,10,3198,2878.2,Delivered,Delivered
O51837,C10574,P20230,2025-05-30,1,0,1999,1999.0,Delivered,Delivered
O51838,C10337,P20059,2025-08-31,3,5,5997,5697.15,Delivered,Delivered
O51839,C10676,P20096,2025-05-18,1,0,399,399.0,Delivered,Delivered
O51840,C10568,P20262,2025-05-15,2,5,998,948.1,Delivered,Delivered
O51841,C10623,P20136,2025-03-30,2,10,798,718.2,Delivered,Delivered
O51842,C10730,P20283,2025-01-15,3,0,2397,2397.0,Delivered,Delivered
O51843,C10240,P20120,2025-11-29,3,15,2397,2037.45,Delivered,Delivered
O51844,C10533,P20025,2025-12-28,3,15,2397,2037.45,Delivered,Delivered
O51845,C10141,P20146,2025-06-23,1,0,2499,2499.0,Delivered,Delivered
O51846,C10265,P20012,2025-03-31,3,15,8997,7647.45,Delivered,Delayed
O51847,C10139,P20087,2025-08-01,3,30,5997,4197.9,Delivered,Delivered
O51848,C10459,P20109,2025-12-09,2,25,5998,4498.5,Delivered,Delivered
O51849,C10070,P20266,2025-03-02,1,0,399,399.0,Delivered,Delivered
O51850,C10385,P20222,2025-12-30,1,20,499,399.2,Delivered,Delivered
O51851,C10630,P20074,2025-08-08,1,10,499,449.1,Cancelled,Not Applicable
O51852,C10198,P20102,2025-03-02,1,0,2999,2999.0,Delivered,Delivered
O51853,C10205,P20137,2025-11-03,2,10,3998,3598.2,Delivered,Delivered
O51854,C10726,P20191,2025-06-15,2,10,3198,2878.2,Delivered,Delivered
O51855,C10568,P20142,2025-01-12,1,15,1599,1359.15,Delivered,Delivered
O51856,C10799,P20073,2025-08-04,1,15,599,509.15,Delivered,Delivered
O51857,C10982,P20167,2025-03-18,2,20,5998,4798.4,Processing,Not Applicable
O51858,C10805,P20168,2025-08-20,1,5,999,949.05,Delivered,Delivered
O51859,C10687,P20054,2025-04-22,2,10,3998,3598.2,Cancelled,Not Applicable
O51860,C10859,P20259,2025-03-07,2,10,4998,4498.2,Processing,Not Applicable
O51861,C10882,P20111,2025-07-01,2,10,798,718.2,Delivered,Delivered
O51862,C10974,P20232,2025-07-23,1,30,999,699.3,Delivered,Delivered
O51863,C10640,P20161,2025-07-25,1,20,1299,1039.2,Delivered,Delivered
O51864,C10431,P20019,2025-10-13,2,30,598,418.6,Delivered,Delivered
O51865,C10890,P20290,2025-04-15,2,20,4998,3998.4,Delivered,Delivered
O51866,C10325,P20050,2025-08-30,2,10,598,538.2,Delivered,Delivered
O51867,C10442,P20175,2025-08-23,1,10,999,899.1,Delivered,Delivered
O51868,C10804,P20184,2025-06-25,1,15,1999,1699.15,Delivered,Delivered
O51869,C10288,P20185,2025-07-30,1,10,1599,1439.1,Delivered,Delivered
O51870,C10226,P20081,2025-01-31,1,20,1599,1279.2,Delivered,Delivered
O51871,C10064,P20156,2025-08-23,3,10,1497,1347.3,Cancelled,Not Applicable
O51872,C10967,P20275,2025-08-30,2,10,1198,1078.2,Delivered,Delivered
O51873,C10938,P20283,2025-06-02,3,20,2397,1917.6,Delivered,Delivered
O51874,C10560,P20249,2025-07-15,1,25,1599,1199.25,Delivered,Delivered
O51875,C10714,P20147,2025-09-26,1,10,2999,2699.1,Delivered,Delivered
O51876,C10498,P20007,2025-06-19,3,15,3897,3312.45,Cancelled,Not Applicable
O51877,C10849,P20157,2025-12-23,1,0,1999,1999.0,Delivered,Delivered
O51878,C10926,P20171,2025-11-19,2,15,1598,1358.3,Delivered,Delivered
O51879,C10917,P20069,2025-12-02,1,0,1999,1999.0,Delivered,Delivered
O51880,C10060,P20094,2025-08-20,2,0,598,598.0,Delivered,Delayed
O51881,C10397,P20186,2025-07-03,2,15,798,678.3,Delivered,Delivered
O51882,C10257,P20170,2025-12-25,1,10,1599,1439.1,Delivered,Delivered
O51883,C10577,P20204,2025-10-02,2,20,1598,1278.4,Delivered,Delayed
O51884,C10239,P20042,2025-02-01,3,25,1797,1347.75,Delivered,Delivered
O51885,C10801,P20013,2025-06-26,3,0,2997,2997.0,Delivered,Delivered
O51886,C10038,P20154,2025-03-06,1,20,999,799.2,Delivered,Delivered
O51887,C10025,P20274,2025-07-17,1,15,999,849.15,Delivered,Delivered
O51888,C10410,P20298,2025-01-27,1,0,399,399.0,Delivered,Delayed
O51889,C10461,P20051,2025-05-31,2,15,3998,3398.3,Delivered,Delivered
O51890,C10571,P20212,2025-10-30,3,15,1497,1272.45,Delivered,Delivered
O51891,C10988,P20144,2025-09-25,2,15,1998,1698.3,Delivered,Delivered
O51892,C10417,P20003,2025-03-26,1,25,499,374.25,Delivered,Delivered
O51893,C10357,P20254,2025-03-07,1,15,1299,1104.15,Delivered,Delivered
O51894,C10383,P20256,2025-05-13,3,30,4797,3357.9,Delivered,Delivered
O51895,C10809,P20098,2025-03-23,1,15,1999,1699.15,Delivered,Delivered
O51896,C10158,P20173,2025-11-15,2,0,998,998.0,Delivered,Delivered
O51897,C10569,P20150,2025-11-24,1,15,399,339.15,Delivered,Delivered
O51898,C10433,P20279,2025-04-08,2,5,3198,3038.1,Delivered,Delivered
O51899,C10048,P20059,2025-03-14,1,15,1999,1699.15,Delivered,Delivered
O51900,C10328,P20113,2025-11-23,1,20,1299,1039.2,Delivered,Delivered
O51901,C10433,P20243,2025-01-30,1,10,2999,2699.1,Delivered,Delivered
O51902,C10431,P20057,2025-05-05,3,0,897,897.0,Delivered,Delivered
O51903,C10056,P20060,2025-07-29,2,10,1198,1078.2,Delivered,Delivered
O51904,C10577,P20216,2025-09-29,1,0,799,799.0,Delivered,Delivered
O51905,C10268,P20233,2025-08-01,1,15,499,424.15,Delivered,Delivered
O51906,C10069,P20055,2025-05-13,2,20,798,638.4,Delivered,Delivered
O51907,C10728,P20208,2025-06-06,1,30,499,349.3,Delivered,Delivered
O51908,C10902,P20063,2025-02-16,1,0,799,799.0,Delivered,Delivered
O51909,C10601,P20184,2025-12-23,3,15,5997,5097.45,Delivered,Delivered
O51910,C10449,P20281,2025-12-29,2,15,2598,2208.3,Delivered,Delivered
O51911,C10793,P20026,2025-01-22,2,25,1998,1498.5,Delivered,Delivered
O51912,C10257,P20177,2025-03-24,2,15,5998,5098.3,Delivered,Delayed
O51913,C10672,P20063,2025-08-22,3,0,2397,2397.0,Delivered,Delivered
O51914,C10490,P20073,2025-03-01,1,10,599,539.1,Delivered,Delivered
O51915,C10746,P20167,2025-07-07,3,15,8997,7647.45,Delivered,Delivered
O51916,C10643,P20225,2025-02-27,1,20,299,239.2,Delivered,Delivered
O51917,C10049,P20065,2025-09-16,2,25,2598,1948.5,Delivered,Delivered
O51918,C10659,P20069,2025-06-11,1,5,1999,1899.05,Delivered,Delivered
O51919,C10316,P20009,2025-10-28,2,30,998,698.6,Delivered,Delivered
O51920,C10413,P20236,2025-11-02,3,0,7497,7497.0,Cancelled,Not Applicable
O51921,C10434,P20198,2025-01-02,1,30,599,419.3,Delivered,Delivered
O51922,C10002,P20173,2025-09-28,3,25,1497,1122.75,Delivered,Delayed
O51923,C10841,P20282,2025-05-23,1,15,2999,2549.15,Delivered,Delayed
O51924,C10952,P20028,2025-07-07,2,20,598,478.4,Delivered,Delivered
O51925,C10145,P20296,2025-12-18,1,0,1599,1599.0,Delivered,Delivered
O51926,C10956,P20134,2025-12-07,1,0,1599,1599.0,Delivered,Delivered
O51927,C10366,P20027,2025-08-12,2,0,598,598.0,Delivered,Delivered
O51928,C10420,P20038,2025-06-29,2,0,798,798.0,Delivered,Delivered
O51929,C10573,P20196,2025-01-23,3,15,897,762.45,Delivered,Delivered
O51930,C10785,P20203,2025-12-21,2,5,1598,1518.1,Delivered,Delivered
O51931,C10561,P20085,2025-02-06,2,25,998,748.5,Delivered,Delivered
O51932,C10844,P20030,2025-04-17,2,10,598,538.2,Delivered,Delayed
O51933,C10444,P20099,2025-10-24,2,20,798,638.4,Delivered,Delivered
O51934,C10916,P20190,2025-08-17,3,15,3897,3312.45,Delivered,Delivered
O51935,C10434,P20012,2025-11-09,2,10,5998,5398.2,Delivered,Delayed
O51936,C10643,P20091,2025-04-07,2,5,3198,3038.1,Delivered,Delivered
O51937,C10555,P20030,2025-10-08,1,10,299,269.1,Delivered,Delivered
O51938,C10057,P20213,2025-04-20,1,20,599,479.2,Cancelled,Not Applicable
O51939,C10562,P20038,2025-02-06,2,15,798,678.3,Delivered,Delivered
O51940,C10964,P20060,2025-02-09,1,5,599,569.05,Delivered,Delivered
O51941,C10977,P20294,2025-03-26,2,20,3198,2558.4,Delivered,Delivered
O51942,C10178,P20143,2025-10-29,1,0,599,599.0,Delivered,Delivered
O51943,C10293,P20180,2025-07-07,1,20,1599,1279.2,Delivered,Delivered
O51944,C10046,P20285,2025-08-28,1,10,1299,1169.1,Delivered,Delivered
O51945,C10170,P20112,2025-12-24,1,20,1599,1279.2,Delivered,Delivered
O51946,C10271,P20230,2025-12-20,1,25,1999,1499.25,Delivered,Delivered
O51947,C10417,P20021,2025-01-19,1,20,999,799.2,Delivered,Delivered
O51948,C10848,P20145,2025-12-13,1,10,799,719.1,Delivered,Delayed
O51949,C10139,P20146,2025-11-21,1,5,2499,2374.05,Delivered,Delivered
O51950,C10247,P20166,2025-09-18,1,20,1999,1599.2,Delivered,Delivered
O51951,C10148,P20140,2025-06-07,1,10,2999,2699.1,Delivered,Delivered
O51952,C10230,P20203,2025-10-31,1,0,799,799.0,Delivered,Delivered
O51953,C10792,P20244,2025-04-22,1,20,2499,1999.2,Delivered,Delivered
O51954,C10637,P20113,2025-05-24,2,10,2598,2338.2,Delivered,Delivered
O51955,C10704,P20201,2025-09-13,1,0,299,299.0,Delivered,Delivered
O51956,C10374,P20259,2025-01-18,1,25,2499,1874.25,Delivered,Delayed
O51957,C10080,P20255,2025-07-03,1,15,2999,2549.15,Delivered,Delivered
O51958,C10606,P20023,2025-10-14,2,10,598,538.2,Delivered,Delivered
O51959,C10738,P20246,2025-05-11,1,20,499,399.2,Delivered,Delivered
O51960,C10065,P20087,2025-10-08,1,25,1999,1499.25,Delivered,Delivered
O51961,C10088,P20219,2025-09-02,1,0,999,999.0,Delivered,Delivered
O51962,C10088,P20027,2025-01-08,3,15,897,762.45,Delivered,Delivered
O51963,C10713,P20290,2025-07-12,1,20,2499,1999.2,Delivered,Delayed
O51964,C10726,P20289,2025-11-14,1,5,2499,2374.05,Delivered,Delivered
O51965,C10204,P20223,2025-01-07,1,15,499,424.15,Delivered,Delivered
O51966,C10913,P20178,2025-05-16,2,0,2598,2598.0,Delivered,Delivered
O51967,C10382,P20148,2025-01-19,3,20,2997,2397.6,Delivered,Delivered
O51968,C10601,P20227,2025-05-19,2,20,1998,1598.4,Delivered,Delivered
O51969,C10476,P20186,2025-06-26,1,0,399,399.0,Delivered,Delivered
O51970,C10573,P20294,2025-01-11,1,20,1599,1279.2,Delivered,Delayed
O51971,C10783,P20041,2025-02-10,2,20,3998,3198.4,Delivered,Delivered
O51972,C10606,P20191,2025-04-24,1,10,1599,1439.1,Delivered,Delivered
O51973,C10819,P20079,2025-06-29,2,20,1998,1598.4,Delivered,Delivered
O51974,C10539,P20205,2025-07-13,1,0,2499,2499.0,Delivered,Delivered
O51975,C10214,P20278,2025-07-15,3,25,3897,2922.75,Delivered,Delivered
O51976,C10074,P20272,2025-12-14,2,15,1998,1698.3,Delivered,Delivered
O51977,C10061,P20032,2025-08-13,1,15,299,254.15,Delivered,Delivered
O51978,C10698,P20142,2025-11-27,3,15,4797,4077.45,Delivered,Delivered
O51979,C10543,P20251,2025-11-19,1,15,1599,1359.15,Delivered,Delivered
O51980,C10219,P20294,2025-09-18,1,25,1599,1199.25,Delivered,Delivered
O51981,C10012,P20098,2025-04-26,2,15,3998,3398.3,Delivered,Delivered
O51982,C10814,P20136,2025-05-30,1,25,399,299.25,Delivered,Delivered
O51983,C10415,P20277,2025-04-28,1,15,399,339.15,Delivered,Delivered
O51984,C10032,P20043,2025-06-14,1,5,999,949.05,Delivered,Delivered
O51985,C10160,P20120,2025-09-09,1,25,799,599.25,Delivered,Delivered
O51986,C10237,P20220,2025-09-24,2,15,3198,2718.3,Delivered,Delivered
O51987,C10739,P20046,2025-02-13,2,20,798,638.4,Delivered,Delivered
O51988,C10181,P20236,2025-06-30,1,30,2499,1749.3,Delivered,Delivered
O51989,C10829,P20048,2025-03-18,2,0,2598,2598.0,Processing,Not Applicable
O51990,C10558,P20198,2025-04-26,1,10,599,539.1,Delivered,Delivered
O51991,C10341,P20084,2025-03-08,2,5,4998,4748.1,Delivered,Delivered
O51992,C10458,P20031,2025-01-13,2,15,4998,4248.3,Delivered,Delivered
O51993,C10080,P20161,2025-04-02,1,20,1299,1039.2,Delivered,Delivered
O51994,C10647,P20071,2025-09-03,1,30,499,349.3,Delivered,Delivered
O51995,C10772,P20008,2025-09-24,1,10,1999,1799.1,Cancelled,Not Applicable
O51996,C10987,P20052,2025-05-19,2,20,1198,958.4,Cancelled,Not Applicable
O51997,C10820,P20045,2025-12-07,2,25,4998,3748.5,Delivered,Delivered
O51998,C10759,P20293,2025-09-01,2,15,798,678.3,Delivered,Delivered
O51999,C10473,P20300,2025-12-07,2,5,598,568.1,Delivered,Delivered
O52000,C10671,P20038,2025-09-30,1,15,399,339.15,Delivered,Delivered
O52001,C10715,P20231,2025-10-31,1,30,399,279.3,Delivered,Delivered
O52002,C10112,P20262,2025-07-10,1,30,499,349.3,Delivered,Delivered
O52003,C10980,P20068,2025-04-07,2,15,3198,2718.3,Delivered,Delivered
O52004,C10292,P20179,2025-11-27,2,25,1998,1498.5,Delivered,Delivered
O52005,C10950,P20186,2025-07-24,2,5,798,758.1,Delivered,Delivered
O52006,C10822,P20201,2025-05-17,1,5,299,284.05,Processing,Not Applicable
O52007,C10631,P20013,2025-03-18,1,30,999,699.3,Delivered,Delivered
O52008,C10383,P20214,2025-02-06,2,0,1998,1998.0,Delivered,Delivered
O52009,C10017,P20220,2025-10-13,2,5,3198,3038.1,Delivered,Delivered
O52010,C10493,P20286,2025-10-30,3,10,5997,5397.3,Delivered,Delivered
O52011,C10331,P20244,2025-05-15,1,15,2499,2124.15,Delivered,Delayed
O52012,C10926,P20258,2025-05-22,1,15,599,509.15,Delivered,Delivered
O52013,C10739,P20058,2025-09-11,1,10,299,269.1,Delivered,Delivered
O52014,C10873,P20036,2025-02-17,2,25,998,748.5,Delivered,Delivered
O52015,C10486,P20193,2025-09-12,2,25,1598,1198.5,Delivered,Delayed
O52016,C10406,P20050,2025-05-14,2,10,598,538.2,Delivered,Delivered
O52017,C10117,P20032,2025-10-17,1,10,299,269.1,Delivered,Delivered
O52018,C10555,P20098,2025-07-27,1,20,1999,1599.2,Delivered,Delivered
O52019,C10880,P20043,2025-04-11,1,15,999,849.15,Delivered,Delivered
O52020,C10115,P20047,2025-02-15,1,10,2499,2249.1,Delivered,Delivered
O52021,C10795,P20270,2025-03-11,3,10,2997,2697.3,Delivered,Delivered
O52022,C10549,P20063,2025-05-16,1,10,799,719.1,Delivered,Delivered
O52023,C10814,P20019,2025-10-07,1,5,299,284.05,Delivered,Delivered
O52024,C10625,P20101,2025-03-08,2,10,2598,2338.2,Delivered,Delivered
O52025,C10547,P20037,2025-01-04,1,15,299,254.15,Delivered,Delivered
O52026,C10644,P20107,2025-08-12,1,20,499,399.2,Delivered,Delivered
O52027,C10336,P20092,2025-01-01,1,20,399,319.2,Delivered,Delivered
O52028,C10336,P20185,2025-10-17,1,10,1599,1439.1,Delivered,Delivered
O52029,C10981,P20216,2025-04-19,1,20,799,639.2,Delivered,Delivered
O52030,C10922,P20028,2025-09-22,1,0,299,299.0,Delivered,Delivered
O52031,C10889,P20036,2025-03-04,1,15,499,424.15,Cancelled,Not Applicable
O52032,C10740,P20018,2025-09-23,2,20,3998,3198.4,Delivered,Delivered
O52033,C10147,P20196,2025-05-18,1,15,299,254.15,Delivered,Delivered
O52034,C10122,P20078,2025-02-13,2,15,998,848.3,Delivered,Delivered
O52035,C10081,P20167,2025-09-19,1,15,2999,2549.15,Cancelled,Not Applicable
O52036,C10685,P20090,2025-08-04,3,25,897,672.75,Delivered,Delivered
O52037,C10666,P20264,2025-05-01,1,15,2499,2124.15,Cancelled,Not Applicable
O52038,C10662,P20208,2025-06-01,1,20,499,399.2,Delivered,Delivered
O52039,C10375,P20212,2025-08-01,1,30,499,349.3,Delivered,Delivered
O52040,C10570,P20271,2025-08-22,2,20,798,638.4,Delivered,Delivered
O52041,C10063,P20263,2025-12-17,2,15,798,678.3,Delivered,Delivered
O52042,C10504,P20273,2025-04-21,1,0,799,799.0,Delivered,Delivered
O52043,C10668,P20214,2025-12-27,1,10,999,899.1,Cancelled,Not Applicable
O52044,C10449,P20064,2025-11-16,1,15,2499,2124.15,Delivered,Delivered
O52045,C10428,P20012,2025-08-10,1,20,2999,2399.2,Delivered,Delivered
O52046,C10868,P20210,2025-08-14,1,10,599,539.1,Processing,Not Applicable
O52047,C10427,P20174,2025-07-29,1,30,399,279.3,Delivered,Delayed
O52048,C10421,P20256,2025-03-12,1,10,1599,1439.1,Delivered,Delivered
O52049,C10322,P20101,2025-12-26,1,20,1299,1039.2,Delivered,Delivered
O52050,C10913,P20016,2025-03-30,1,10,299,269.1,Delivered,Delivered
O52051,C10680,P20197,2025-09-19,2,15,4998,4248.3,Delivered,Delivered
O52052,C10166,P20258,2025-07-07,2,20,1198,958.4,Delivered,Delivered
O52053,C10597,P20244,2025-04-22,1,10,2499,2249.1,Delivered,Delivered
O52054,C10957,P20249,2025-08-27,2,0,3198,3198.0,Processing,Not Applicable
O52055,C10649,P20105,2025-09-13,2,15,4998,4248.3,Delivered,Delivered
O52056,C10461,P20182,2025-05-30,1,15,599,509.15,Delivered,Delivered
O52057,C10459,P20155,2025-05-07,2,20,1198,958.4,Processing,Not Applicable
O52058,C10189,P20287,2025-11-15,2,30,998,698.6,Delivered,Delayed
O52059,C10464,P20169,2025-10-01,2,0,3998,3998.0,Delivered,Delivered
O52060,C10912,P20047,2025-11-29,1,15,2499,2124.15,Delivered,Delayed
O52061,C10379,P20043,2025-05-19,1,15,999,849.15,Delivered,Delivered
O52062,C10002,P20221,2025-04-13,2,30,1598,1118.6,Delivered,Delivered
O52063,C10618,P20001,2025-08-30,1,25,1299,974.25,Delivered,Delivered
O52064,C10364,P20200,2025-04-27,1,20,1299,1039.2,Delivered,Delivered
O52065,C10072,P20144,2025-08-02,2,15,1998,1698.3,Delivered,Delivered
O52066,C10427,P20028,2025-01-17,2,5,598,568.1,Delivered,Delivered
O52067,C10638,P20278,2025-06-28,3,10,3897,3507.3,Delivered,Delivered
O52068,C10170,P20041,2025-08-12,1,15,1999,1699.15,Processing,Not Applicable
O52069,C10205,P20147,2025-09-27,1,20,2999,2399.2,Delivered,Delivered
O52070,C10825,P20178,2025-11-09,3,15,3897,3312.45,Delivered,Delivered
O52071,C10337,P20167,2025-12-15,3,20,8997,7197.6,Delivered,Delivered
O52072,C10999,P20123,2025-05-14,1,10,1999,1799.1,Delivered,Delivered
O52073,C10472,P20074,2025-04-24,3,20,1497,1197.6,Delivered,Delivered
O52074,C10195,P20239,2025-05-12,3,0,2397,2397.0,Delivered,Delivered
O52075,C10670,P20249,2025-05-19,1,5,1599,1519.05,Delivered,Delivered
O52076,C10653,P20263,2025-12-31,2,5,798,758.1,Delivered,Delivered
O52077,C10275,P20252,2025-08-20,2,25,598,448.5,Delivered,Delivered
O52078,C10007,P20111,2025-04-02,2,0,798,798.0,Cancelled,Not Applicable
O52079,C10905,P20180,2025-09-24,3,20,4797,3837.6,Delivered,Delivered
O52080,C10979,P20188,2025-04-09,1,5,2499,2374.05,Delivered,Delivered
O52081,C10566,P20207,2025-07-26,2,10,798,718.2,Delivered,Delivered
O52082,C10616,P20234,2025-01-08,1,25,399,299.25,Delivered,Delivered
O52083,C10854,P20024,2025-11-17,1,15,399,339.15,Delivered,Delivered
O52084,C10850,P20026,2025-04-03,2,5,1998,1898.1,Delivered,Delivered
O52085,C10573,P20218,2025-06-07,3,10,3897,3507.3,Delivered,Delivered
O52086,C10599,P20010,2025-12-26,1,25,1599,1199.25,Delivered,Delivered
O52087,C10770,P20017,2025-04-09,2,10,1998,1798.2,Delivered,Delivered
O52088,C10178,P20245,2025-08-13,1,15,599,509.15,Delivered,Delivered
O52089,C10242,P20206,2025-12-06,1,10,399,359.1,Delivered,Delivered
O52090,C10203,P20258,2025-07-27,1,10,599,539.1,Delivered,Delivered
O52091,C10543,P20112,2025-03-14,1,5,1599,1519.05,Delivered,Delivered
O52092,C10801,P20205,2025-02-28,1,15,2499,2124.15,Delivered,Delivered
O52093,C10462,P20027,2025-10-14,1,20,299,239.2,Delivered,Delivered
O52094,C10080,P20071,2025-03-05,2,10,998,898.2,Delivered,Delivered
O52095,C10523,P20176,2025-09-13,2,20,4998,3998.4,Delivered,Delivered
O52096,C10417,P20202,2025-02-17,1,25,2499,1874.25,Delivered,Delivered
O52097,C10766,P20248,2025-10-06,1,25,999,749.25,Delivered,Delivered
O52098,C10384,P20118,2025-07-17,2,5,1598,1518.1,Delivered,Delivered
O52099,C10391,P20009,2025-06-07,2,10,998,898.2,Delivered,Delivered
O52100,C10896,P20086,2025-11-07,1,25,999,749.25,Delivered,Delivered
O52101,C10799,P20023,2025-01-07,3,5,897,852.15,Delivered,Delivered
O52102,C10688,P20240,2025-09-05,3,0,897,897.0,Delivered,Delayed
O52103,C10126,P20073,2025-08-20,1,25,599,449.25,Delivered,Delivered
O52104,C10494,P20027,2025-04-16,1,10,299,269.1,Delivered,Delivered
O52105,C10047,P20081,2025-04-08,3,10,4797,4317.3,Delivered,Delivered
O52106,C10718,P20084,2025-09-25,2,10,4998,4498.2,Delivered,Delivered
O52107,C10476,P20199,2025-03-01,2,20,798,638.4,Delivered,Delivered
O52108,C10949,P20043,2025-11-04,2,10,1998,1798.2,Delivered,Delivered
O52109,C10619,P20263,2025-05-20,1,25,399,299.25,Processing,Not Applicable
O52110,C10464,P20092,2025-11-24,1,15,399,339.15,Delivered,Delayed
O52111,C10787,P20084,2025-07-09,1,15,2499,2124.15,Delivered,Delivered
O52112,C10849,P20300,2025-05-05,1,10,299,269.1,Delivered,Delivered
O52113,C10123,P20296,2025-06-12,2,5,3198,3038.1,Delivered,Delivered
O52114,C10474,P20135,2025-03-01,2,15,3998,3398.3,Delivered,Delivered
O52115,C10134,P20281,2025-01-31,3,10,3897,3507.3,Delivered,Delivered
O52116,C10619,P20059,2025-11-29,3,25,5997,4497.75,Delivered,Delivered
O52117,C10817,P20241,2025-03-17,2,15,3198,2718.3,Delivered,Delivered
O52118,C10841,P20098,2025-08-31,2,15,3998,3398.3,Cancelled,Not Applicable
O52119,C10562,P20062,2025-11-13,3,10,4797,4317.3,Delivered,Delivered
O52120,C10849,P20264,2025-09-15,1,20,2499,1999.2,Delivered,Delivered
O52121,C10607,P20113,2025-07-09,1,10,1299,1169.1,Delivered,Delayed
O52122,C10780,P20146,2025-11-11,1,5,2499,2374.05,Delivered,Delivered
O52123,C10023,P20216,2025-10-23,3,25,2397,1797.75,Delivered,Delivered
O52124,C10566,P20256,2025-06-26,2,15,3198,2718.3,Delivered,Delivered
O52125,C10886,P20258,2025-10-15,1,15,599,509.15,Delivered,Delivered
O52126,C10766,P20194,2025-10-21,2,15,798,678.3,Delivered,Delivered
O52127,C10965,P20014,2025-12-14,3,20,1797,1437.6,Delivered,Delivered
O52128,C10235,P20103,2025-07-26,1,10,2499,2249.1,Delivered,Delivered
O52129,C10996,P20245,2025-08-03,1,0,599,599.0,Delivered,Delivered
O52130,C10059,P20245,2025-12-10,3,20,1797,1437.6,Delivered,Delivered
O52131,C10164,P20268,2025-05-21,2,0,598,598.0,Delivered,Delivered
O52132,C10771,P20224,2025-03-26,2,20,1598,1278.4,Cancelled,Not Applicable
O52133,C10826,P20220,2025-07-01,2,0,3198,3198.0,Delivered,Delivered
O52134,C10216,P20217,2025-11-28,2,10,5998,5398.2,Delivered,Delivered
O52135,C10183,P20004,2025-05-08,3,0,1497,1497.0,Delivered,Delivered
O52136,C10569,P20036,2025-09-26,2,15,998,848.3,Delivered,Delayed
O52137,C10657,P20178,2025-02-08,2,15,2598,2208.3,Delivered,Delivered
O52138,C10935,P20257,2025-01-23,1,5,299,284.05,Delivered,Delivered
O52139,C10090,P20017,2025-08-30,3,10,2997,2697.3,Cancelled,Not Applicable
O52140,C10964,P20199,2025-04-17,2,25,798,598.5,Processing,Not Applicable
O52141,C10311,P20048,2025-12-14,2,10,2598,2338.2,Processing,Not Applicable
O52142,C10557,P20062,2025-05-22,3,20,4797,3837.6,Delivered,Delivered
O52143,C10972,P20069,2025-05-25,1,25,1999,1499.25,Cancelled,Not Applicable
O52144,C10257,P20147,2025-10-07,2,30,5998,4198.6,Delivered,Delivered
O52145,C10533,P20162,2025-09-02,2,25,1998,1498.5,Delivered,Delivered
O52146,C10979,P20227,2025-07-10,1,10,999,899.1,Cancelled,Not Applicable
O52147,C10533,P20230,2025-10-17,2,30,3998,2798.6,Cancelled,Not Applicable
O52148,C10052,P20178,2025-06-28,1,20,1299,1039.2,Delivered,Delivered
O52149,C10338,P20056,2025-04-22,2,20,798,638.4,Delivered,Delivered
O52150,C10171,P20078,2025-08-02,1,0,499,499.0,Delivered,Delivered
O52151,C10948,P20270,2025-05-18,1,30,999,699.3,Delivered,Delivered
O52152,C10067,P20206,2025-07-19,1,20,399,319.2,Delivered,Delivered
O52153,C10625,P20281,2025-01-07,1,20,1299,1039.2,Delivered,Delivered
O52154,C10300,P20228,2025-12-12,3,0,3897,3897.0,Delivered,Delivered
O52155,C10672,P20239,2025-01-13,2,5,1598,1518.1,Delivered,Delivered
O52156,C10778,P20288,2025-03-21,2,30,798,558.6,Delivered,Delivered
O52157,C10832,P20082,2025-10-13,3,15,4797,4077.45,Cancelled,Not Applicable
O52158,C10232,P20250,2025-06-08,2,10,4998,4498.2,Delivered,Delivered
O52159,C10975,P20193,2025-09-29,1,20,799,639.2,Delivered,Delivered
O52160,C10837,P20106,2025-07-20,2,0,598,598.0,Delivered,Delivered
O52161,C10068,P20189,2025-05-30,1,10,299,269.1,Delivered,Delivered
O52162,C10506,P20276,2025-10-23,1,10,2499,2249.1,Delivered,Delivered
O52163,C10028,P20074,2025-10-20,2,10,998,898.2,Delivered,Delivered
O52164,C10949,P20010,2025-11-30,3,10,4797,4317.3,Cancelled,Not Applicable
O52165,C10628,P20123,2025-09-29,2,5,3998,3798.1,Delivered,Delivered
O52166,C10051,P20216,2025-02-12,2,5,1598,1518.1,Delivered,Delivered
O52167,C10693,P20290,2025-11-15,1,15,2499,2124.15,Delivered,Delayed
O52168,C10260,P20040,2025-01-15,3,25,2997,2247.75,Delivered,Delivered
O52169,C10591,P20193,2025-09-05,1,15,799,679.15,Delivered,Delivered
O52170,C10785,P20127,2025-06-21,1,10,599,539.1,Delivered,Delivered
O52171,C10620,P20289,2025-08-06,1,5,2499,2374.05,Delivered,Delivered
O52172,C10963,P20071,2025-05-17,2,20,998,798.4,Delivered,Delivered
O52173,C10586,P20137,2025-11-17,1,30,1999,1399.3,Delivered,Delivered
O52174,C10687,P20144,2025-08-15,1,10,999,899.1,Delivered,Delivered
O52175,C10184,P20299,2025-02-13,2,10,3198,2878.2,Cancelled,Not Applicable
O52176,C10023,P20269,2025-01-20,1,15,799,679.15,Delivered,Delivered
O52177,C10786,P20139,2025-04-29,1,20,1299,1039.2,Cancelled,Not Applicable
O52178,C10129,P20052,2025-08-22,2,10,1198,1078.2,Delivered,Delivered
O52179,C10291,P20017,2025-12-02,1,15,999,849.15,Delivered,Delivered
O52180,C10832,P20165,2025-12-22,1,20,399,319.2,Delivered,Delivered
O52181,C10501,P20013,2025-09-19,1,30,999,699.3,Delivered,Delivered
O52182,C10186,P20190,2025-03-24,2,5,2598,2468.1,Delivered,Delayed
O52183,C10479,P20264,2025-01-31,2,30,4998,3498.6,Delivered,Delivered
O52184,C10571,P20221,2025-11-18,1,10,799,719.1,Delivered,Delayed
O52185,C10492,P20104,2025-10-01,3,20,1797,1437.6,Delivered,Delivered
O52186,C10513,P20198,2025-08-22,2,15,1198,1018.3,Cancelled,Not Applicable
O52187,C10643,P20300,2025-01-28,2,15,598,508.3,Processing,Not Applicable
O52188,C10067,P20169,2025-09-09,1,20,1999,1599.2,Delivered,Delivered
O52189,C10805,P20149,2025-11-20,1,10,499,449.1,Delivered,Delivered
O52190,C10467,P20249,2025-09-10,1,0,1599,1599.0,Delivered,Delivered
O52191,C10285,P20256,2025-08-27,2,15,3198,2718.3,Delivered,Delivered
O52192,C10601,P20042,2025-11-10,1,15,599,509.15,Delivered,Delivered
O52193,C10417,P20202,2025-06-24,2,5,4998,4748.1,Delivered,Delayed
O52194,C10100,P20244,2025-07-13,2,25,4998,3748.5,Processing,Not Applicable
O52195,C10189,P20157,2025-06-29,2,5,3998,3798.1,Delivered,Delivered
O52196,C10989,P20286,2025-10-22,2,10,3998,3598.2,Delivered,Delivered
O52197,C10890,P20282,2025-08-03,2,5,5998,5698.1,Delivered,Delivered
O52198,C10858,P20238,2025-07-22,2,15,3998,3398.3,Delivered,Delivered
O52199,C10388,P20019,2025-09-07,2,10,598,538.2,Delivered,Delivered
O52200,C10241,P20053,2025-12-28,1,15,2499,2124.15,Delivered,Delivered
O52201,C10782,P20085,2025-09-14,1,5,499,474.05,Delivered,Delivered
O52202,C10731,P20273,2025-03-16,2,0,1598,1598.0,Cancelled,Not Applicable
O52203,C10417,P20213,2025-12-10,2,20,1198,958.4,Delivered,Delivered
O52204,C10918,P20104,2025-07-21,2,15,1198,1018.3,Delivered,Delivered
O52205,C10176,P20192,2025-05-22,1,10,499,449.1,Cancelled,Not Applicable
O52206,C10387,P20177,2025-07-25,1,0,2999,2999.0,Delivered,Delivered
O52207,C10471,P20147,2025-07-18,1,25,2999,2249.25,Delivered,Delivered
O52208,C10853,P20081,2025-06-20,2,5,3198,3038.1,Delivered,Delivered
O52209,C10233,P20193,2025-11-12,1,25,799,599.25,Processing,Not Applicable
O52210,C10663,P20037,2025-08-16,1,15,299,254.15,Delivered,Delivered
O52211,C10452,P20154,2025-06-28,1,10,999,899.1,Delivered,Delivered
O52212,C10277,P20130,2025-10-02,2,20,2598,2078.4,Delivered,Delivered
O52213,C10229,P20059,2025-03-03,2,25,3998,2998.5,Delivered,Delivered
O52214,C10171,P20224,2025-11-23,2,10,1598,1438.2,Delivered,Delivered
O52215,C10735,P20249,2025-07-23,1,10,1599,1439.1,Delivered,Delivered
O52216,C10213,P20240,2025-05-13,2,10,598,538.2,Cancelled,Not Applicable
O52217,C10282,P20293,2025-03-13,2,25,798,598.5,Delivered,Delivered
O52218,C10041,P20287,2025-03-19,1,20,499,399.2,Cancelled,Not Applicable
O52219,C10122,P20204,2025-07-08,2,5,1598,1518.1,Delivered,Delivered
O52220,C10227,P20099,2025-12-22,1,5,399,379.05,Delivered,Delivered
O52221,C10294,P20176,2025-03-12,1,5,2499,2374.05,Cancelled,Not Applicable
O52222,C10600,P20262,2025-09-20,1,5,499,474.05,Delivered,Delivered
O52223,C10267,P20271,2025-11-02,1,5,399,379.05,Delivered,Delivered
O52224,C10541,P20143,2025-02-15,2,15,1198,1018.3,Delivered,Delivered
O52225,C10759,P20189,2025-08-12,1,0,299,299.0,Delivered,Delivered
O52226,C10828,P20272,2025-11-24,1,10,999,899.1,Delivered,Delivered
O52227,C10451,P20020,2025-09-07,1,15,399,339.15,Delivered,Delivered
O52228,C10449,P20300,2025-03-17,3,10,897,807.3,Delivered,Delivered
O52229,C10756,P20046,2025-03-15,3,0,1197,1197.0,Delivered,Delayed
O52230,C10061,P20095,2025-05-22,1,0,2499,2499.0,Delivered,Delivered
O52231,C10502,P20064,2025-03-14,1,0,2499,2499.0,Delivered,Delivered
O52232,C10147,P20131,2025-04-12,2,20,1598,1278.4,Delivered,Delivered
O52233,C10686,P20009,2025-04-04,1,15,499,424.15,Delivered,Delivered
O52234,C10945,P20203,2025-03-10,3,0,2397,2397.0,Delivered,Delivered
O52235,C10790,P20298,2025-03-06,3,10,1197,1077.3,Cancelled,Not Applicable
O52236,C10334,P20174,2025-07-12,1,10,399,359.1,Delivered,Delivered
O52237,C10881,P20073,2025-03-03,3,15,1797,1527.45,Delivered,Delivered
O52238,C10953,P20084,2025-01-20,1,15,2499,2124.15,Delivered,Delivered
O52239,C10891,P20059,2025-08-29,3,15,5997,5097.45,Delivered,Delivered
O52240,C10142,P20021,2025-07-22,3,10,2997,2697.3,Delivered,Delivered
O52241,C10044,P20157,2025-10-27,2,0,3998,3998.0,Delivered,Delivered
O52242,C10144,P20061,2025-07-14,1,20,499,399.2,Delivered,Delivered
O52243,C10865,P20064,2025-03-03,2,25,4998,3748.5,Delivered,Delivered
O52244,C10333,P20168,2025-04-17,1,25,999,749.25,Delivered,Delivered
O52245,C10998,P20203,2025-05-05,3,0,2397,2397.0,Delivered,Delivered
O52246,C10497,P20129,2025-10-28,2,20,1598,1278.4,Delivered,Delivered
O52247,C10396,P20245,2025-09-24,2,20,1198,958.4,Delivered,Delayed
O52248,C10055,P20106,2025-07-21,1,25,299,224.25,Processing,Not Applicable
O52249,C10307,P20122,2025-06-11,1,5,1599,1519.05,Delivered,Delivered
O52250,C10870,P20182,2025-12-10,2,20,1198,958.4,Delivered,Delivered
O52251,C10423,P20103,2025-10-29,2,0,4998,4998.0,Delivered,Delivered
O52252,C10417,P20261,2025-04-22,2,15,1998,1698.3,Delivered,Delivered
O52253,C10673,P20113,2025-12-03,1,10,1299,1169.1,Delivered,Delivered
O52254,C10797,P20070,2025-02-01,1,20,2999,2399.2,Delivered,Delivered
O52255,C10325,P20160,2025-04-08,1,25,399,299.25,Delivered,Delivered
O52256,C10710,P20240,2025-09-04,1,10,299,269.1,Delivered,Delivered
O52257,C10671,P20011,2025-09-18,3,15,5997,5097.45,Delivered,Delivered
O52258,C10080,P20138,2025-07-10,1,0,599,599.0,Processing,Not Applicable
O52259,C10031,P20167,2025-01-29,2,10,5998,5398.2,Delivered,Delivered
O52260,C10985,P20247,2025-02-17,1,10,499,449.1,Delivered,Delivered
O52261,C10112,P20031,2025-09-07,1,5,2499,2374.05,Delivered,Delivered
O52262,C10558,P20012,2025-08-14,2,25,5998,4498.5,Delivered,Delivered
O52263,C10865,P20243,2025-09-29,3,0,8997,8997.0,Delivered,Delivered
O52264,C10717,P20108,2025-06-02,3,15,3897,3312.45,Delivered,Delivered
O52265,C10564,P20194,2025-11-24,1,25,399,299.25,Cancelled,Not Applicable
O52266,C10650,P20133,2025-10-12,1,25,499,374.25,Delivered,Delivered
O52267,C10472,P20281,2025-06-29,3,20,3897,3117.6,Delivered,Delivered
O52268,C10074,P20291,2025-10-29,3,5,7497,7122.15,Delivered,Delivered
O52269,C10553,P20163,2025-06-02,2,20,3198,2558.4,Delivered,Delivered
O52270,C10479,P20278,2025-08-22,2,10,2598,2338.2,Cancelled,Not Applicable
O52271,C10589,P20203,2025-01-23,2,25,1598,1198.5,Delivered,Delivered
O52272,C10387,P20096,2025-04-04,2,20,798,638.4,Processing,Not Applicable
O52273,C10699,P20223,2025-09-02,1,20,499,399.2,Delivered,Delivered
O52274,C10882,P20237,2025-10-17,2,0,3198,3198.0,Delivered,Delivered
O52275,C10564,P20117,2025-06-09,2,15,1198,1018.3,Processing,Not Applicable
O52276,C10930,P20192,2025-10-12,1,20,499,399.2,Delivered,Delivered
O52277,C10433,P20276,2025-01-09,2,25,4998,3748.5,Delivered,Delivered
O52278,C10412,P20106,2025-07-04,1,0,299,299.0,Delivered,Delivered
O52279,C10467,P20004,2025-10-22,3,25,1497,1122.75,Delivered,Delivered
O52280,C10599,P20018,2025-05-15,1,0,1999,1999.0,Delivered,Delivered
O52281,C10621,P20020,2025-04-20,3,15,1197,1017.45,Delivered,Delivered
O52282,C10992,P20122,2025-03-10,2,20,3198,2558.4,Delivered,Delivered
O52283,C10909,P20137,2025-05-16,2,0,3998,3998.0,Delivered,Delivered
O52284,C10737,P20080,2025-04-06,3,0,1197,1197.0,Cancelled,Not Applicable
O52285,C10994,P20154,2025-04-29,3,20,2997,2397.6,Delivered,Delivered
O52286,C10993,P20025,2025-10-01,2,10,1598,1438.2,Delivered,Delivered
O52287,C10248,P20169,2025-12-24,1,0,1999,1999.0,Delivered,Delivered
O52288,C10581,P20059,2025-12-04,1,20,1999,1599.2,Delivered,Delivered
O52289,C10120,P20041,2025-06-26,1,20,1999,1599.2,Delivered,Delivered
O52290,C10067,P20038,2025-12-27,1,15,399,339.15,Delivered,Delivered
O52291,C10573,P20117,2025-08-25,1,5,599,569.05,Delivered,Delivered
O52292,C10956,P20275,2025-09-29,2,0,1198,1198.0,Delivered,Delivered
O52293,C10327,P20270,2025-10-04,2,20,1998,1598.4,Delivered,Delivered
O52294,C10920,P20127,2025-05-18,3,15,1797,1527.45,Delivered,Delivered
O52295,C10703,P20003,2025-12-28,3,15,1497,1272.45,Delivered,Delivered
O52296,C10470,P20293,2025-05-12,2,20,798,638.4,Delivered,Delivered
O52297,C10493,P20016,2025-02-13,2,10,598,538.2,Delivered,Delivered
O52298,C10701,P20265,2025-05-03,2,0,4998,4998.0,Delivered,Delivered
O52299,C10663,P20239,2025-05-16,3,25,2397,1797.75,Delivered,Delivered
O52300,C10286,P20263,2025-05-06,2,15,798,678.3,Delivered,Delivered
O52301,C10956,P20134,2025-10-02,3,15,4797,4077.45,Processing,Not Applicable
O52302,C10914,P20213,2025-03-05,1,25,599,449.25,Delivered,Delivered
O52303,C10608,P20015,2025-10-23,2,25,998,748.5,Delivered,Delivered
O52304,C10312,P20129,2025-08-20,1,15,799,679.15,Delivered,Delivered
O52305,C10309,P20122,2025-02-20,2,10,3198,2878.2,Delivered,Delivered
O52306,C10775,P20241,2025-05-17,2,30,3198,2238.6,Delivered,Delivered
O52307,C10097,P20115,2025-06-07,2,15,5998,5098.3,Cancelled,Not Applicable
O52308,C10965,P20197,2025-02-25,2,10,4998,4498.2,Delivered,Delivered
O52309,C10113,P20222,2025-03-22,2,15,998,848.3,Delivered,Delivered
O52310,C10988,P20214,2025-08-20,1,10,999,899.1,Delivered,Delivered
O52311,C10637,P20080,2025-11-22,2,25,798,598.5,Delivered,Delayed
O52312,C10456,P20263,2025-05-08,1,15,399,339.15,Delivered,Delivered
O52313,C10463,P20135,2025-05-06,1,20,1999,1599.2,Delivered,Delivered
O52314,C10948,P20242,2025-11-13,2,20,3198,2558.4,Cancelled,Not Applicable
O52315,C10132,P20270,2025-03-21,3,20,2997,2397.6,Delivered,Delivered
O52316,C10930,P20287,2025-12-23,3,20,1497,1197.6,Delivered,Delivered
O52317,C10965,P20050,2025-11-29,3,25,897,672.75,Delivered,Delivered
O52318,C10929,P20189,2025-06-24,2,10,598,538.2,Delivered,Delayed
O52319,C10121,P20297,2025-05-25,3,0,2997,2997.0,Delivered,Delivered
O52320,C10197,P20014,2025-05-06,1,20,599,479.2,Delivered,Delivered
O52321,C10806,P20232,2025-07-01,2,15,1998,1698.3,Processing,Not Applicable
O52322,C10482,P20261,2025-08-07,1,0,999,999.0,Delivered,Delivered
O52323,C10634,P20192,2025-10-05,3,0,1497,1497.0,Delivered,Delivered
O52324,C10794,P20203,2025-03-24,1,5,799,759.05,Delivered,Delivered
O52325,C10897,P20261,2025-05-21,3,20,2997,2397.6,Delivered,Delivered
O52326,C10772,P20113,2025-11-30,1,20,1299,1039.2,Delivered,Delivered
O52327,C10039,P20036,2025-04-05,1,5,499,474.05,Delivered,Delivered
O52328,C10566,P20079,2025-12-31,2,20,1998,1598.4,Delivered,Delivered
O52329,C10512,P20275,2025-07-13,3,10,1797,1617.3,Delivered,Delivered
O52330,C10474,P20278,2025-04-20,1,20,1299,1039.2,Delivered,Delivered
O52331,C10161,P20162,2025-02-21,1,15,999,849.15,Cancelled,Not Applicable
O52332,C10289,P20017,2025-04-13,1,20,999,799.2,Delivered,Delivered
O52333,C10200,P20204,2025-04-11,2,10,1598,1438.2,Processing,Not Applicable
O52334,C10788,P20017,2025-05-22,1,10,999,899.1,Cancelled,Not Applicable
O52335,C10528,P20202,2025-07-20,2,20,4998,3998.4,Cancelled,Not Applicable
O52336,C10917,P20210,2025-11-15,1,0,599,599.0,Cancelled,Not Applicable
O52337,C10685,P20078,2025-07-18,2,30,998,698.6,Cancelled,Not Applicable
O52338,C10503,P20056,2025-10-11,2,15,798,678.3,Delivered,Delivered
O52339,C10248,P20080,2025-08-05,2,10,798,718.2,Delivered,Delivered
O52340,C10383,P20058,2025-02-15,2,15,598,508.3,Delivered,Delivered
O52341,C10218,P20018,2025-01-28,2,0,3998,3998.0,Delivered,Delivered
O52342,C10087,P20208,2025-01-02,1,15,499,424.15,Delivered,Delivered
O52343,C10082,P20135,2025-01-17,1,30,1999,1399.3,Delivered,Delivered
O52344,C10062,P20010,2025-11-11,1,5,1599,1519.05,Delivered,Delivered
O52345,C10799,P20069,2025-03-18,1,20,1999,1599.2,Cancelled,Not Applicable
O52346,C10500,P20083,2025-06-14,3,10,2397,2157.3,Delivered,Delivered
O52347,C10042,P20109,2025-04-07,2,15,5998,5098.3,Delivered,Delivered
O52348,C10012,P20044,2025-04-15,1,5,399,379.05,Delivered,Delivered
O52349,C10833,P20132,2025-01-24,2,15,3198,2718.3,Delivered,Delivered
O52350,C10746,P20018,2025-07-19,1,30,1999,1399.3,Delivered,Delivered
O52351,C10841,P20093,2025-02-04,2,5,4998,4748.1,Cancelled,Not Applicable
O52352,C10643,P20294,2025-01-02,3,15,4797,4077.45,Delivered,Delivered
O52353,C10115,P20148,2025-10-16,1,15,999,849.15,Delivered,Delivered
O52354,C10218,P20172,2025-11-28,1,15,499,424.15,Delivered,Delivered
O52355,C10649,P20051,2025-12-08,2,15,3998,3398.3,Delivered,Delivered
O52356,C10106,P20019,2025-05-18,2,15,598,508.3,Delivered,Delivered
O52357,C10691,P20120,2025-12-03,2,0,1598,1598.0,Delivered,Delivered
O52358,C10528,P20225,2025-03-03,1,25,299,224.25,Processing,Not Applicable
O52359,C10472,P20066,2025-10-26,1,20,1999,1599.2,Delivered,Delivered
O52360,C10754,P20141,2025-07-16,3,5,3897,3702.15,Delivered,Delivered
O52361,C10846,P20189,2025-02-28,2,10,598,538.2,Cancelled,Not Applicable
O52362,C10893,P20158,2025-09-22,1,20,499,399.2,Cancelled,Not Applicable
O52363,C10387,P20098,2025-11-29,1,30,1999,1399.3,Delivered,Delivered
O52364,C10226,P20158,2025-07-07,1,30,499,349.3,Delivered,Delayed
O52365,C10481,P20246,2025-03-04,1,25,499,374.25,Delivered,Delivered
O52366,C10754,P20236,2025-11-04,2,5,4998,4748.1,Delivered,Delivered
O52367,C10408,P20033,2025-10-06,1,25,1999,1499.25,Delivered,Delivered
O52368,C10457,P20241,2025-01-30,2,25,3198,2398.5,Delivered,Delivered
O52369,C10653,P20275,2025-06-20,2,10,1198,1078.2,Delivered,Delivered
O52370,C10898,P20071,2025-01-21,1,10,499,449.1,Delivered,Delivered
O52371,C10711,P20216,2025-10-26,2,10,1598,1438.2,Delivered,Delivered
O52372,C10624,P20079,2025-07-20,1,15,999,849.15,Cancelled,Not Applicable
O52373,C10639,P20169,2025-05-15,2,5,3998,3798.1,Delivered,Delivered
O52374,C10021,P20298,2025-09-29,2,0,798,798.0,Delivered,Delivered
O52375,C10659,P20180,2025-01-23,1,0,1599,1599.0,Delivered,Delivered
O52376,C10601,P20116,2025-03-28,1,10,299,269.1,Delivered,Delivered
O52377,C10815,P20260,2025-01-31,2,10,3198,2878.2,Delivered,Delivered
O52378,C10918,P20260,2025-05-01,1,20,1599,1279.2,Delivered,Delivered
O52379,C10203,P20005,2025-03-10,1,0,499,499.0,Delivered,Delivered
O52380,C10417,P20297,2025-05-14,3,25,2997,2247.75,Delivered,Delivered
O52381,C10416,P20108,2025-11-11,1,25,1299,974.25,Delivered,Delivered
O52382,C10448,P20117,2025-05-26,1,25,599,449.25,Delivered,Delivered
O52383,C10512,P20013,2025-11-29,2,20,1998,1598.4,Delivered,Delivered
O52384,C10085,P20142,2025-09-20,1,0,1599,1599.0,Delivered,Delivered
O52385,C10167,P20188,2025-10-20,3,10,7497,6747.3,Delivered,Delivered
O52386,C10384,P20281,2025-03-27,3,0,3897,3897.0,Delivered,Delivered
O52387,C10468,P20115,2025-01-16,2,30,5998,4198.6,Delivered,Delivered
O52388,C10072,P20236,2025-08-04,2,10,4998,4498.2,Delivered,Delivered
O52389,C10810,P20010,2025-04-26,3,15,4797,4077.45,Delivered,Delayed
O52390,C10997,P20199,2025-04-28,1,20,399,319.2,Delivered,Delivered
O52391,C10521,P20252,2025-09-27,1,25,299,224.25,Delivered,Delivered
O52392,C10793,P20050,2025-12-09,1,20,299,239.2,Delivered,Delivered
O52393,C10473,P20142,2025-06-11,2,15,3198,2718.3,Cancelled,Not Applicable
O52394,C10993,P20271,2025-07-07,1,10,399,359.1,Delivered,Delivered
O52395,C10258,P20016,2025-04-14,2,15,598,508.3,Delivered,Delivered
O52396,C10275,P20002,2025-05-21,2,0,3998,3998.0,Cancelled,Not Applicable
O52397,C10750,P20158,2025-06-16,2,25,998,748.5,Delivered,Delivered
O52398,C10020,P20030,2025-10-27,1,15,299,254.15,Delivered,Delivered
O52399,C10490,P20082,2025-01-28,1,0,1599,1599.0,Delivered,Delivered
O52400,C10745,P20031,2025-09-29,2,25,4998,3748.5,Delivered,Delivered
O52401,C10490,P20236,2025-02-19,1,15,2499,2124.15,Delivered,Delayed
O52402,C10733,P20148,2025-06-05,2,25,1998,1498.5,Delivered,Delivered
O52403,C10326,P20177,2025-11-20,1,25,2999,2249.25,Delivered,Delayed
O52404,C10529,P20035,2025-12-14,2,20,3998,3198.4,Delivered,Delivered
O52405,C10892,P20023,2025-05-01,2,0,598,598.0,Delivered,Delivered
O52406,C10089,P20106,2025-05-20,2,5,598,568.1,Delivered,Delivered
O52407,C10486,P20097,2025-01-16,3,25,2397,1797.75,Delivered,Delivered
O52408,C10708,P20230,2025-11-05,2,25,3998,2998.5,Delivered,Delivered
O52409,C10350,P20227,2025-02-18,3,10,2997,2697.3,Delivered,Delivered
O52410,C10084,P20100,2025-06-13,2,10,1198,1078.2,Delivered,Delivered
O52411,C10387,P20055,2025-03-03,1,5,399,379.05,Delivered,Delivered
O52412,C10087,P20195,2025-12-06,2,30,798,558.6,Delivered,Delivered
O52413,C10307,P20008,2025-06-03,1,5,1999,1899.05,Cancelled,Not Applicable
O52414,C10850,P20128,2025-11-08,2,5,1998,1898.1,Delivered,Delivered
O52415,C10154,P20032,2025-12-12,2,15,598,508.3,Delivered,Delayed
O52416,C10440,P20093,2025-05-30,1,5,2499,2374.05,Delivered,Delivered
O52417,C10740,P20007,2025-03-14,2,25,2598,1948.5,Delivered,Delayed
O52418,C10960,P20258,2025-03-10,2,0,1198,1198.0,Delivered,Delivered
O52419,C10264,P20220,2025-06-26,1,0,1599,1599.0,Delivered,Delivered
O52420,C10977,P20240,2025-12-20,2,15,598,508.3,Delivered,Delivered
O52421,C10735,P20106,2025-01-02,1,15,299,254.15,Delivered,Delivered
O52422,C10421,P20036,2025-11-05,2,5,998,948.1,Cancelled,Not Applicable
O52423,C10493,P20045,2025-04-29,1,15,2499,2124.15,Delivered,Delivered
O52424,C10633,P20298,2025-01-07,2,10,798,718.2,Delivered,Delivered
O52425,C10993,P20009,2025-09-12,3,25,1497,1122.75,Delivered,Delivered
O52426,C10411,P20087,2025-03-16,1,0,1999,1999.0,Cancelled,Not Applicable
O52427,C10173,P20177,2025-12-17,1,30,2999,2099.3,Delivered,Delivered
O52428,C10004,P20130,2025-07-14,1,15,1299,1104.15,Delivered,Delivered
O52429,C10854,P20195,2025-07-06,1,5,399,379.05,Cancelled,Not Applicable
O52430,C10640,P20011,2025-01-03,1,0,1999,1999.0,Delivered,Delivered
O52431,C10986,P20122,2025-07-03,2,15,3198,2718.3,Delivered,Delivered
O52432,C10992,P20235,2025-12-01,1,5,599,569.05,Delivered,Delivered
O52433,C10472,P20031,2025-09-30,1,10,2499,2249.1,Delivered,Delivered
O52434,C10110,P20224,2025-02-21,3,5,2397,2277.15,Cancelled,Not Applicable
O52435,C10867,P20153,2025-09-20,1,15,1599,1359.15,Delivered,Delivered
O52436,C10037,P20212,2025-05-13,1,15,499,424.15,Delivered,Delivered
O52437,C10992,P20092,2025-08-13,2,0,798,798.0,Delivered,Delivered
O52438,C10583,P20129,2025-11-06,2,15,1598,1358.3,Delivered,Delivered
O52439,C10801,P20197,2025-03-02,1,20,2499,1999.2,Delivered,Delayed
O52440,C10031,P20042,2025-12-31,1,0,599,599.0,Delivered,Delivered
O52441,C10951,P20228,2025-01-16,1,25,1299,974.25,Delivered,Delivered
O52442,C10381,P20194,2025-08-17,1,15,399,339.15,Delivered,Delivered
O52443,C10268,P20018,2025-07-14,1,30,1999,1399.3,Delivered,Delayed
O52444,C10011,P20243,2025-09-08,3,0,8997,8997.0,Delivered,Delivered
O52445,C10344,P20276,2025-10-30,2,30,4998,3498.6,Delivered,Delivered
O52446,C10840,P20127,2025-02-17,1,15,599,509.15,Delivered,Delivered
O52447,C10544,P20075,2025-08-23,2,15,1998,1698.3,Delivered,Delivered
O52448,C10569,P20062,2025-05-01,1,15,1599,1359.15,Processing,Not Applicable
O52449,C10166,P20288,2025-11-16,1,0,399,399.0,Delivered,Delivered
O52450,C10700,P20186,2025-02-19,2,25,798,598.5,Delivered,Delivered
O52451,C10342,P20178,2025-02-10,1,15,1299,1104.15,Delivered,Delivered
O52452,C10482,P20166,2025-01-22,2,0,3998,3998.0,Delivered,Delayed
O52453,C10019,P20183,2025-07-01,1,0,999,999.0,Delivered,Delivered
O52454,C10628,P20028,2025-01-05,1,0,299,299.0,Delivered,Delivered
O52455,C10980,P20247,2025-05-25,2,15,998,848.3,Delivered,Delivered
O52456,C10184,P20022,2025-12-23,2,15,1198,1018.3,Delivered,Delivered
O52457,C10782,P20096,2025-03-19,3,15,1197,1017.45,Delivered,Delivered
O52458,C10545,P20122,2025-08-19,2,10,3198,2878.2,Delivered,Delivered
O52459,C10010,P20250,2025-10-24,1,15,2499,2124.15,Delivered,Delivered
O52460,C10592,P20137,2025-12-14,2,15,3998,3398.3,Delivered,Delivered
O52461,C10192,P20277,2025-07-28,1,0,399,399.0,Delivered,Delivered
O52462,C10320,P20061,2025-06-12,1,10,499,449.1,Delivered,Delivered
O52463,C10702,P20250,2025-06-17,1,0,2499,2499.0,Delivered,Delivered
O52464,C10580,P20095,2025-10-05,2,25,4998,3748.5,Delivered,Delivered
O52465,C10475,P20296,2025-08-25,2,20,3198,2558.4,Delivered,Delivered
O52466,C10860,P20184,2025-06-25,3,30,5997,4197.9,Delivered,Delayed
O52467,C10637,P20260,2025-02-22,2,10,3198,2878.2,Delivered,Delayed
O52468,C10427,P20287,2025-12-15,3,25,1497,1122.75,Delivered,Delivered
O52469,C10848,P20155,2025-01-10,3,15,1797,1527.45,Delivered,Delivered
O52470,C10059,P20186,2025-05-26,1,10,399,359.1,Delivered,Delivered
O52471,C10436,P20069,2025-08-15,1,5,1999,1899.05,Processing,Not Applicable
O52472,C10097,P20261,2025-08-24,1,20,999,799.2,Delivered,Delivered
O52473,C10496,P20115,2025-08-30,1,25,2999,2249.25,Delivered,Delivered
O52474,C10787,P20008,2025-11-01,1,5,1999,1899.05,Delivered,Delivered
O52475,C10661,P20265,2025-03-12,1,5,2499,2374.05,Cancelled,Not Applicable
O52476,C10278,P20271,2025-06-07,1,20,399,319.2,Delivered,Delivered
O52477,C10265,P20249,2025-01-19,1,30,1599,1119.3,Delivered,Delivered
O52478,C10009,P20105,2025-02-24,3,20,7497,5997.6,Delivered,Delivered
O52479,C10457,P20263,2025-08-03,1,10,399,359.1,Delivered,Delivered
O52480,C10795,P20224,2025-07-28,1,10,799,719.1,Delivered,Delivered
O52481,C10273,P20271,2025-01-21,1,10,399,359.1,Delivered,Delivered
O52482,C10940,P20165,2025-10-09,2,25,798,598.5,Delivered,Delivered
O52483,C10813,P20083,2025-09-06,1,20,799,639.2,Delivered,Delivered
O52484,C10008,P20295,2025-01-28,3,15,8997,7647.45,Delivered,Delivered
O52485,C10208,P20134,2025-10-23,2,10,3198,2878.2,Delivered,Delivered
O52486,C10914,P20211,2025-07-30,3,25,5997,4497.75,Delivered,Delivered
O52487,C10637,P20092,2025-10-12,1,15,399,339.15,Delivered,Delivered
O52488,C10123,P20127,2025-01-20,1,30,599,419.3,Delivered,Delivered
O52489,C10033,P20191,2025-01-20,3,15,4797,4077.45,Delivered,Delivered
O52490,C10513,P20159,2025-11-26,1,20,2499,1999.2,Delivered,Delivered
O52491,C10204,P20010,2025-04-30,1,20,1599,1279.2,Delivered,Delivered
O52492,C10518,P20107,2025-04-07,2,10,998,898.2,Delivered,Delivered
O52493,C10809,P20087,2025-04-30,2,30,3998,2798.6,Delivered,Delivered
O52494,C10951,P20067,2025-01-25,1,0,399,399.0,Delivered,Delivered
O52495,C10517,P20062,2025-06-02,2,20,3198,2558.4,Delivered,Delivered
O52496,C10443,P20146,2025-09-02,3,30,7497,5247.9,Delivered,Delivered
O52497,C10592,P20153,2025-09-17,1,10,1599,1439.1,Delivered,Delivered
O52498,C10786,P20107,2025-01-04,2,15,998,848.3,Delivered,Delivered
O52499,C10689,P20148,2025-05-23,3,15,2997,2547.45,Delivered,Delivered
O52500,C10850,P20186,2025-10-09,1,20,399,319.2,Processing,Not Applicable
O52501,C10833,P20178,2025-12-01,2,25,2598,1948.5,Delivered,Delivered
O52502,C10339,P20266,2025-12-12,2,15,798,678.3,Delivered,Delivered
O52503,C10438,P20149,2025-08-08,1,20,499,399.2,Delivered,Delivered
O52504,C10445,P20247,2025-11-23,2,10,998,898.2,Delivered,Delivered
O52505,C10136,P20254,2025-06-09,3,5,3897,3702.15,Delivered,Delivered
O52506,C10387,P20029,2025-03-17,1,10,399,359.1,Delivered,Delivered
O52507,C10025,P20266,2025-04-09,1,15,399,339.15,Delivered,Delivered
O52508,C10506,P20013,2025-06-29,2,5,1998,1898.1,Delivered,Delivered
O52509,C10325,P20047,2025-05-07,1,15,2499,2124.15,Delivered,Delivered
O52510,C10695,P20151,2025-02-01,1,10,2499,2249.1,Delivered,Delayed
O52511,C10680,P20050,2025-09-22,1,20,299,239.2,Delivered,Delivered
O52512,C10979,P20215,2025-11-30,1,0,799,799.0,Delivered,Delayed
O52513,C10338,P20132,2025-01-13,3,15,4797,4077.45,Delivered,Delivered
O52514,C10690,P20113,2025-12-18,2,15,2598,2208.3,Delivered,Delivered
O52515,C10885,P20252,2025-12-05,1,25,299,224.25,Delivered,Delivered
O52516,C10095,P20053,2025-07-21,1,20,2499,1999.2,Delivered,Delivered
O52517,C10545,P20130,2025-01-18,3,20,3897,3117.6,Delivered,Delivered
O52518,C10623,P20193,2025-04-03,1,25,799,599.25,Delivered,Delivered
O52519,C10146,P20079,2025-10-07,2,15,1998,1698.3,Delivered,Delivered
O52520,C10893,P20057,2025-12-24,1,10,299,269.1,Cancelled,Not Applicable
O52521,C10953,P20097,2025-11-12,1,25,799,599.25,Delivered,Delivered
O52522,C10231,P20198,2025-03-01,1,20,599,479.2,Delivered,Delivered
O52523,C10784,P20135,2025-08-02,1,10,1999,1799.1,Delivered,Delivered
O52524,C10848,P20147,2025-04-10,1,20,2999,2399.2,Delivered,Delivered
O52525,C10495,P20172,2025-01-01,2,25,998,748.5,Delivered,Delivered
O52526,C10038,P20063,2025-02-12,3,30,2397,1677.9,Delivered,Delivered
O52527,C10425,P20065,2025-11-07,2,30,2598,1818.6,Processing,Not Applicable
O52528,C10647,P20295,2025-06-17,1,10,2999,2699.1,Cancelled,Not Applicable
O52529,C10846,P20211,2025-07-11,1,10,1999,1799.1,Processing,Not Applicable
O52530,C10747,P20109,2025-02-03,1,0,2999,2999.0,Delivered,Delivered
O52531,C10437,P20282,2025-02-03,1,5,2999,2849.05,Cancelled,Not Applicable
O52532,C10831,P20172,2025-06-25,2,25,998,748.5,Delivered,Delivered
O52533,C10368,P20012,2025-07-15,1,10,2999,2699.1,Delivered,Delivered
O52534,C10345,P20220,2025-06-07,2,15,3198,2718.3,Delivered,Delivered
O52535,C10160,P20286,2025-09-02,2,15,3998,3398.3,Delivered,Delivered
O52536,C10550,P20172,2025-12-06,2,20,998,798.4,Delivered,Delivered
O52537,C10662,P20236,2025-12-12,1,5,2499,2374.05,Delivered,Delivered
O52538,C10912,P20166,2025-12-01,2,10,3998,3598.2,Delivered,Delivered
O52539,C10820,P20187,2025-03-12,3,10,5997,5397.3,Delivered,Delivered
O52540,C10541,P20170,2025-11-23,1,10,1599,1439.1,Delivered,Delivered
O52541,C10144,P20052,2025-04-24,2,30,1198,838.6,Delivered,Delivered
O52542,C10588,P20189,2025-10-12,2,20,598,478.4,Cancelled,Not Applicable
O52543,C10657,P20120,2025-05-23,1,15,799,679.15,Delivered,Delivered
O52544,C10741,P20105,2025-04-07,1,25,2499,1874.25,Delivered,Delivered
O52545,C10576,P20162,2025-11-05,2,10,1998,1798.2,Delivered,Delivered
O52546,C10859,P20295,2025-11-16,3,20,8997,7197.6,Cancelled,Not Applicable
O52547,C10345,P20041,2025-07-31,1,5,1999,1899.05,Delivered,Delivered
O52548,C10269,P20165,2025-11-13,2,20,798,638.4,Delivered,Delivered
O52549,C10840,P20160,2025-07-04,3,10,1197,1077.3,Delivered,Delivered
O52550,C10696,P20264,2025-07-24,2,0,4998,4998.0,Cancelled,Not Applicable
O52551,C10773,P20018,2025-12-30,2,10,3998,3598.2,Delivered,Delivered
O52552,C10268,P20173,2025-08-04,2,10,998,898.2,Delivered,Delivered
O52553,C10169,P20033,2025-09-03,2,20,3998,3198.4,Delivered,Delivered
O52554,C10771,P20261,2025-08-27,1,0,999,999.0,Cancelled,Not Applicable
O52555,C10739,P20210,2025-10-20,1,15,599,509.15,Delivered,Delivered
O52556,C10033,P20164,2025-01-08,3,20,1197,957.6,Delivered,Delivered
O52557,C10377,P20005,2025-03-19,2,15,998,848.3,Delivered,Delivered
O52558,C10214,P20034,2025-11-20,1,20,599,479.2,Delivered,Delivered
O52559,C10562,P20280,2025-10-04,2,5,1998,1898.1,Delivered,Delivered
O52560,C10440,P20145,2025-07-21,2,15,1598,1358.3,Delivered,Delivered
O52561,C10492,P20071,2025-08-02,1,25,499,374.25,Cancelled,Not Applicable
O52562,C10393,P20230,2025-04-04,1,15,1999,1699.15,Delivered,Delayed
O52563,C10489,P20125,2025-03-16,2,15,598,508.3,Cancelled,Not Applicable
O52564,C10722,P20278,2025-06-06,2,20,2598,2078.4,Delivered,Delivered
O52565,C10946,P20271,2025-06-02,1,10,399,359.1,Cancelled,Not Applicable
O52566,C10029,P20015,2025-05-22,1,20,499,399.2,Delivered,Delivered
O52567,C10039,P20242,2025-03-19,3,25,4797,3597.75,Delivered,Delayed
O52568,C10859,P20153,2025-11-18,1,0,1599,1599.0,Delivered,Delayed
O52569,C10612,P20053,2025-07-01,1,25,2499,1874.25,Delivered,Delivered
O52570,C10173,P20149,2025-07-14,1,5,499,474.05,Delivered,Delivered
O52571,C10017,P20219,2025-06-07,1,10,999,899.1,Delivered,Delivered
O52572,C10056,P20113,2025-05-26,1,25,1299,974.25,Delivered,Delivered
O52573,C10226,P20288,2025-02-23,1,20,399,319.2,Delivered,Delivered
O52574,C10558,P20277,2025-12-22,1,25,399,299.25,Delivered,Delivered
O52575,C10067,P20083,2025-10-04,3,25,2397,1797.75,Delivered,Delivered
O52576,C10197,P20218,2025-11-05,2,10,2598,2338.2,Delivered,Delivered
O52577,C10654,P20226,2025-03-24,2,15,2598,2208.3,Delivered,Delivered
O52578,C10835,P20270,2025-06-05,1,10,999,899.1,Delivered,Delivered
O52579,C10023,P20015,2025-01-04,1,10,499,449.1,Delivered,Delivered
O52580,C10999,P20290,2025-11-07,1,10,2499,2249.1,Delivered,Delivered
O52581,C10606,P20265,2025-09-28,1,20,2499,1999.2,Delivered,Delivered
O52582,C10754,P20199,2025-03-05,1,15,399,339.15,Delivered,Delivered
O52583,C10237,P20158,2025-04-22,2,20,998,798.4,Delivered,Delivered
O52584,C10957,P20207,2025-08-27,3,20,1197,957.6,Delivered,Delayed
O52585,C10919,P20174,2025-05-24,2,0,798,798.0,Delivered,Delivered
O52586,C10923,P20184,2025-01-20,1,15,1999,1699.15,Delivered,Delivered
O52587,C10566,P20265,2025-03-05,1,10,2499,2249.1,Delivered,Delivered
O52588,C10138,P20246,2025-10-16,2,10,998,898.2,Delivered,Delivered
O52589,C10473,P20036,2025-03-22,3,20,1497,1197.6,Delivered,Delivered
O52590,C10845,P20259,2025-07-16,1,15,2499,2124.15,Delivered,Delayed
O52591,C10784,P20019,2025-03-10,1,25,299,224.25,Delivered,Delayed
O52592,C10553,P20023,2025-07-05,1,20,299,239.2,Delivered,Delivered
O52593,C10610,P20104,2025-06-16,1,15,599,509.15,Delivered,Delayed
O52594,C10695,P20241,2025-07-24,1,20,1599,1279.2,Delivered,Delivered
O52595,C10640,P20204,2025-06-13,2,0,1598,1598.0,Delivered,Delivered
O52596,C10229,P20253,2025-04-04,2,0,2598,2598.0,Delivered,Delivered
O52597,C10317,P20142,2025-09-06,1,0,1599,1599.0,Delivered,Delivered
O52598,C10598,P20143,2025-03-09,3,10,1797,1617.3,Delivered,Delayed
O52599,C10768,P20271,2025-12-09,1,5,399,379.05,Delivered,Delivered
O52600,C10721,P20110,2025-01-21,3,30,5997,4197.9,Delivered,Delivered
O52601,C10727,P20008,2025-11-15,2,15,3998,3398.3,Delivered,Delivered
O52602,C10886,P20069,2025-03-26,1,15,1999,1699.15,Delivered,Delivered
O52603,C10612,P20190,2025-01-24,2,10,2598,2338.2,Delivered,Delivered
O52604,C10561,P20179,2025-04-21,2,10,1998,1798.2,Delivered,Delivered
O52605,C10201,P20063,2025-12-17,3,10,2397,2157.3,Processing,Not Applicable
O52606,C10948,P20068,2025-03-24,1,20,1599,1279.2,Delivered,Delivered
O52607,C10258,P20206,2025-12-24,2,15,798,678.3,Delivered,Delivered
O52608,C10480,P20006,2025-03-19,1,15,499,424.15,Delivered,Delivered
O52609,C10888,P20119,2025-05-20,2,15,798,678.3,Cancelled,Not Applicable
O52610,C10178,P20031,2025-09-28,2,20,4998,3998.4,Delivered,Delivered
O52611,C10757,P20006,2025-12-05,2,0,998,998.0,Delivered,Delivered
O52612,C10123,P20207,2025-06-18,1,20,399,319.2,Cancelled,Not Applicable
O52613,C10342,P20157,2025-07-16,1,15,1999,1699.15,Delivered,Delivered
O52614,C10171,P20067,2025-09-19,2,15,798,678.3,Delivered,Delivered
O52615,C10845,P20289,2025-08-03,1,10,2499,2249.1,Delivered,Delivered
O52616,C10648,P20140,2025-03-08,2,10,5998,5398.2,Delivered,Delayed
O52617,C10059,P20300,2025-08-17,2,5,598,568.1,Cancelled,Not Applicable
O52618,C10705,P20013,2025-06-10,3,30,2997,2097.9,Delivered,Delivered
O52619,C10465,P20152,2025-05-02,1,15,2999,2549.15,Processing,Not Applicable
O52620,C10780,P20109,2025-05-29,1,30,2999,2099.3,Delivered,Delivered
O52621,C10260,P20149,2025-12-06,1,15,499,424.15,Delivered,Delayed
O52622,C10373,P20204,2025-07-12,3,5,2397,2277.15,Delivered,Delivered
O52623,C10973,P20021,2025-08-19,1,15,999,849.15,Delivered,Delivered
O52624,C10095,P20060,2025-04-21,1,0,599,599.0,Delivered,Delivered
O52625,C10125,P20021,2025-05-25,2,25,1998,1498.5,Delivered,Delayed
O52626,C10041,P20245,2025-08-09,1,20,599,479.2,Delivered,Delivered
O52627,C10891,P20073,2025-03-05,1,20,599,479.2,Processing,Not Applicable
O52628,C10254,P20076,2025-05-06,2,15,4998,4248.3,Delivered,Delivered
O52629,C10007,P20186,2025-08-06,2,15,798,678.3,Delivered,Delivered
O52630,C10471,P20078,2025-10-11,1,30,499,349.3,Delivered,Delivered
O52631,C10728,P20065,2025-12-20,1,10,1299,1169.1,Delivered,Delivered
O52632,C10511,P20290,2025-08-24,2,20,4998,3998.4,Delivered,Delivered
O52633,C10581,P20056,2025-01-13,1,15,399,339.15,Cancelled,Not Applicable
O52634,C10069,P20259,2025-06-02,1,30,2499,1749.3,Delivered,Delivered
O52635,C10081,P20190,2025-08-27,1,20,1299,1039.2,Delivered,Delivered
O52636,C10542,P20006,2025-07-09,1,30,499,349.3,Delivered,Delivered
O52637,C10585,P20006,2025-05-31,2,15,998,848.3,Delivered,Delivered
O52638,C10262,P20191,2025-03-27,2,5,3198,3038.1,Delivered,Delayed
O52639,C10089,P20148,2025-01-21,2,15,1998,1698.3,Delivered,Delivered
O52640,C10915,P20258,2025-07-01,1,20,599,479.2,Delivered,Delivered
O52641,C10208,P20218,2025-11-15,3,20,3897,3117.6,Delivered,Delivered
O52642,C10213,P20090,2025-06-07,3,0,897,897.0,Delivered,Delivered
O52643,C10834,P20010,2025-03-17,1,15,1599,1359.15,Delivered,Delivered
O52644,C10266,P20087,2025-11-25,1,5,1999,1899.05,Delivered,Delivered
O52645,C10912,P20250,2025-07-22,1,25,2499,1874.25,Delivered,Delivered
O52646,C10293,P20151,2025-08-17,2,5,4998,4748.1,Delivered,Delivered
O52647,C10207,P20113,2025-06-01,1,15,1299,1104.15,Delivered,Delivered
O52648,C10333,P20030,2025-09-20,3,5,897,852.15,Delivered,Delivered
O52649,C10077,P20128,2025-03-13,3,10,2997,2697.3,Delivered,Delivered
O52650,C10288,P20078,2025-08-13,2,25,998,748.5,Delivered,Delivered
O52651,C10047,P20055,2025-05-11,2,5,798,758.1,Delivered,Delivered
O52652,C10622,P20034,2025-12-26,1,0,599,599.0,Delivered,Delayed
O52653,C10200,P20105,2025-01-28,2,0,4998,4998.0,Delivered,Delivered
O52654,C10427,P20172,2025-10-26,1,15,499,424.15,Delivered,Delivered
O52655,C10210,P20022,2025-04-07,3,15,1797,1527.45,Delivered,Delivered
O52656,C10888,P20287,2025-02-15,1,10,499,449.1,Delivered,Delivered
O52657,C10420,P20105,2025-01-01,1,20,2499,1999.2,Delivered,Delivered
O52658,C10154,P20149,2025-06-15,2,0,998,998.0,Delivered,Delivered
O52659,C10522,P20272,2025-09-02,2,25,1998,1498.5,Delivered,Delivered
O52660,C10415,P20276,2025-08-07,2,20,4998,3998.4,Delivered,Delivered
O52661,C10353,P20299,2025-04-12,2,30,3198,2238.6,Cancelled,Not Applicable
O52662,C10157,P20172,2025-10-18,3,25,1497,1122.75,Delivered,Delivered
O52663,C10261,P20047,2025-07-23,1,10,2499,2249.1,Delivered,Delivered
O52664,C10077,P20114,2025-07-21,1,10,1599,1439.1,Delivered,Delivered
O52665,C10769,P20275,2025-02-23,2,20,1198,958.4,Delivered,Delivered
O52666,C10983,P20207,2025-10-07,2,0,798,798.0,Delivered,Delivered
O52667,C10488,P20242,2025-10-05,1,10,1599,1439.1,Delivered,Delivered
O52668,C10131,P20196,2025-01-16,1,0,299,299.0,Delivered,Delivered
O52669,C10579,P20164,2025-01-13,3,10,1197,1077.3,Delivered,Delivered
O52670,C10455,P20176,2025-12-22,3,15,7497,6372.45,Delivered,Delivered
O52671,C10740,P20271,2025-12-22,2,5,798,758.1,Delivered,Delivered
O52672,C10163,P20110,2025-11-14,1,0,1999,1999.0,Delivered,Delivered
O52673,C10015,P20172,2025-03-28,1,20,499,399.2,Delivered,Delivered
O52674,C10232,P20202,2025-03-19,2,0,4998,4998.0,Delivered,Delivered
O52675,C10195,P20168,2025-03-08,1,30,999,699.3,Delivered,Delivered
O52676,C10861,P20102,2025-12-13,1,5,2999,2849.05,Delivered,Delivered
O52677,C10542,P20086,2025-07-30,2,15,1998,1698.3,Delivered,Delivered
O52678,C10359,P20142,2025-08-02,1,10,1599,1439.1,Delivered,Delivered
O52679,C10850,P20213,2025-07-04,2,0,1198,1198.0,Delivered,Delivered
O52680,C10331,P20051,2025-02-02,1,15,1999,1699.15,Delivered,Delivered
O52681,C10427,P20112,2025-04-25,2,15,3198,2718.3,Delivered,Delivered
O52682,C10497,P20271,2025-10-02,1,25,399,299.25,Delivered,Delivered
O52683,C10828,P20065,2025-07-17,2,20,2598,2078.4,Delivered,Delivered
O52684,C10486,P20183,2025-05-23,1,0,999,999.0,Delivered,Delayed
O52685,C10808,P20010,2025-08-16,2,5,3198,3038.1,Delivered,Delivered
O52686,C10449,P20234,2025-04-30,1,10,399,359.1,Delivered,Delivered
O52687,C10413,P20298,2025-12-19,2,0,798,798.0,Cancelled,Not Applicable
O52688,C10330,P20244,2025-01-24,1,10,2499,2249.1,Delivered,Delivered
O52689,C10732,P20267,2025-01-27,2,30,4998,3498.6,Delivered,Delivered
O52690,C10889,P20118,2025-03-16,2,15,1598,1358.3,Delivered,Delivered
O52691,C10991,P20144,2025-08-29,1,20,999,799.2,Delivered,Delivered
O52692,C10147,P20201,2025-01-23,1,15,299,254.15,Delivered,Delivered
O52693,C10259,P20239,2025-06-10,1,20,799,639.2,Delivered,Delivered
O52694,C10292,P20246,2025-02-10,3,5,1497,1422.15,Delivered,Delivered
O52695,C10811,P20008,2025-08-26,2,20,3998,3198.4,Delivered,Delivered
O52696,C10143,P20152,2025-08-27,3,25,8997,6747.75,Delivered,Delivered
O52697,C10993,P20211,2025-02-25,2,5,3998,3798.1,Delivered,Delivered
O52698,C10937,P20158,2025-04-08,3,10,1497,1347.3,Delivered,Delivered
O52699,C10747,P20058,2025-05-26,3,30,897,627.9,Delivered,Delivered
O52700,C10627,P20086,2025-09-19,1,20,999,799.2,Delivered,Delivered
O52701,C10365,P20055,2025-02-09,1,10,399,359.1,Delivered,Delivered
O52702,C10090,P20201,2025-07-12,1,15,299,254.15,Delivered,Delivered
O52703,C10720,P20122,2025-08-27,3,10,4797,4317.3,Cancelled,Not Applicable
O52704,C10164,P20108,2025-02-11,2,15,2598,2208.3,Delivered,Delivered
O52705,C10481,P20132,2025-08-10,2,10,3198,2878.2,Delivered,Delivered
O52706,C10084,P20198,2025-07-15,1,10,599,539.1,Delivered,Delivered
O52707,C10077,P20047,2025-10-15,2,15,4998,4248.3,Delivered,Delayed
O52708,C10673,P20228,2025-01-10,2,20,2598,2078.4,Delivered,Delivered
O52709,C10517,P20245,2025-08-23,1,25,599,449.25,Delivered,Delivered
O52710,C10485,P20203,2025-11-21,2,5,1598,1518.1,Delivered,Delivered
O52711,C10590,P20261,2025-09-22,2,20,1998,1598.4,Delivered,Delivered
O52712,C10603,P20178,2025-03-10,1,5,1299,1234.05,Cancelled,Not Applicable
O52713,C10599,P20024,2025-05-19,1,10,399,359.1,Delivered,Delivered
O52714,C10782,P20175,2025-12-21,2,25,1998,1498.5,Delivered,Delivered
O52715,C10104,P20274,2025-08-07,1,10,999,899.1,Delivered,Delivered
O52716,C10452,P20261,2025-07-15,2,5,1998,1898.1,Delivered,Delivered
O52717,C10487,P20286,2025-03-15,1,5,1999,1899.05,Delivered,Delivered
O52718,C10339,P20001,2025-04-13,1,15,1299,1104.15,Delivered,Delivered
O52719,C10687,P20086,2025-08-13,2,20,1998,1598.4,Delivered,Delivered
O52720,C10566,P20069,2025-05-03,1,30,1999,1399.3,Delivered,Delayed
O52721,C10900,P20031,2025-04-12,2,20,4998,3998.4,Delivered,Delayed
O52722,C10478,P20198,2025-09-21,1,25,599,449.25,Delivered,Delivered
O52723,C10723,P20091,2025-06-10,1,20,1599,1279.2,Delivered,Delivered
O52724,C10607,P20016,2025-08-21,2,25,598,448.5,Delivered,Delivered
O52725,C10223,P20276,2025-10-02,1,0,2499,2499.0,Cancelled,Not Applicable
O52726,C10009,P20162,2025-09-15,2,25,1998,1498.5,Delivered,Delivered
O52727,C10053,P20192,2025-11-07,1,10,499,449.1,Delivered,Delivered
O52728,C10077,P20151,2025-05-19,1,25,2499,1874.25,Delivered,Delivered
O52729,C10718,P20113,2025-08-15,3,0,3897,3897.0,Delivered,Delivered
O52730,C10503,P20273,2025-09-30,1,20,799,639.2,Processing,Not Applicable
O52731,C10316,P20176,2025-11-13,3,20,7497,5997.6,Delivered,Delivered
O52732,C10814,P20149,2025-03-27,1,30,499,349.3,Delivered,Delivered
O52733,C10822,P20178,2025-10-18,2,20,2598,2078.4,Delivered,Delivered
O52734,C10842,P20223,2025-08-05,1,10,499,449.1,Delivered,Delivered
O52735,C10624,P20259,2025-12-25,2,15,4998,4248.3,Delivered,Delayed
O52736,C10863,P20273,2025-03-07,1,10,799,719.1,Delivered,Delivered
O52737,C10165,P20189,2025-09-14,1,5,299,284.05,Delivered,Delivered
O52738,C10279,P20090,2025-05-15,2,5,598,568.1,Delivered,Delivered
O52739,C10027,P20262,2025-02-24,2,5,998,948.1,Delivered,Delayed
O52740,C10070,P20156,2025-12-22,2,15,998,848.3,Delivered,Delivered
O52741,C10218,P20200,2025-08-31,2,25,2598,1948.5,Delivered,Delivered
O52742,C10962,P20055,2025-09-09,2,25,798,598.5,Delivered,Delivered
O52743,C10365,P20254,2025-01-21,1,0,1299,1299.0,Delivered,Delivered
O52744,C10701,P20173,2025-11-03,3,0,1497,1497.0,Delivered,Delivered
O52745,C10845,P20200,2025-06-12,3,5,3897,3702.15,Delivered,Delivered
O52746,C10947,P20102,2025-12-22,2,5,5998,5698.1,Delivered,Delivered
O52747,C10306,P20285,2025-09-21,2,0,2598,2598.0,Delivered,Delivered
O52748,C10124,P20151,2025-03-09,2,10,4998,4498.2,Delivered,Delivered
O52749,C10019,P20111,2025-04-17,3,15,1197,1017.45,Delivered,Delivered
O52750,C10257,P20266,2025-03-08,3,15,1197,1017.45,Delivered,Delivered
O52751,C10296,P20091,2025-07-18,2,15,3198,2718.3,Delivered,Delivered
O52752,C10928,P20177,2025-07-11,2,10,5998,5398.2,Delivered,Delivered
O52753,C10022,P20231,2025-01-02,1,20,399,319.2,Delivered,Delivered
O52754,C10880,P20029,2025-09-14,1,20,399,319.2,Delivered,Delivered
O52755,C10989,P20195,2025-01-01,2,10,798,718.2,Delivered,Delivered
O52756,C10450,P20239,2025-12-24,1,0,799,799.0,Delivered,Delivered
O52757,C10552,P20267,2025-04-25,1,10,2499,2249.1,Delivered,Delivered
O52758,C10550,P20214,2025-03-29,1,0,999,999.0,Delivered,Delivered
O52759,C10048,P20082,2025-07-16,1,10,1599,1439.1,Delivered,Delivered
O52760,C10695,P20128,2025-04-02,2,5,1998,1898.1,Delivered,Delivered
O52761,C10587,P20262,2025-10-01,2,10,998,898.2,Delivered,Delivered
O52762,C10721,P20067,2025-12-10,2,5,798,758.1,Delivered,Delivered
O52763,C10183,P20062,2025-06-09,2,20,3198,2558.4,Delivered,Delivered
O52764,C10435,P20133,2025-06-22,2,0,998,998.0,Delivered,Delivered
O52765,C10107,P20137,2025-02-02,2,15,3998,3398.3,Delivered,Delivered
O52766,C10188,P20028,2025-03-14,1,5,299,284.05,Delivered,Delivered
O52767,C10776,P20211,2025-07-15,2,0,3998,3998.0,Delivered,Delivered
O52768,C10086,P20205,2025-10-11,1,25,2499,1874.25,Delivered,Delivered
O52769,C10836,P20253,2025-03-28,2,15,2598,2208.3,Cancelled,Not Applicable
O52770,C10843,P20038,2025-11-05,1,0,399,399.0,Delivered,Delivered
O52771,C10456,P20043,2025-08-12,1,15,999,849.15,Cancelled,Not Applicable
O52772,C10137,P20117,2025-02-13,2,15,1198,1018.3,Delivered,Delivered
O52773,C10858,P20190,2025-12-02,1,15,1299,1104.15,Delivered,Delivered
O52774,C10898,P20046,2025-05-18,1,10,399,359.1,Delivered,Delivered
O52775,C10336,P20166,2025-09-27,1,25,1999,1499.25,Delivered,Delivered
O52776,C10607,P20203,2025-12-25,1,5,799,759.05,Delivered,Delayed
O52777,C10838,P20233,2025-02-05,1,10,499,449.1,Delivered,Delivered
O52778,C10757,P20245,2025-02-03,1,10,599,539.1,Delivered,Delivered
O52779,C10469,P20209,2025-03-29,1,20,599,479.2,Delivered,Delivered
O52780,C10602,P20248,2025-05-26,2,25,1998,1498.5,Delivered,Delivered
O52781,C10571,P20295,2025-01-16,3,20,8997,7197.6,Delivered,Delivered
O52782,C10403,P20158,2025-08-21,1,20,499,399.2,Cancelled,Not Applicable
O52783,C10540,P20001,2025-02-10,2,30,2598,1818.6,Delivered,Delivered
O52784,C10072,P20217,2025-09-12,1,20,2999,2399.2,Delivered,Delivered
O52785,C10782,P20249,2025-10-08,1,20,1599,1279.2,Delivered,Delayed
O52786,C10024,P20069,2025-05-06,3,30,5997,4197.9,Delivered,Delivered
O52787,C10624,P20030,2025-01-08,1,0,299,299.0,Delivered,Delivered
O52788,C10812,P20115,2025-12-16,1,15,2999,2549.15,Delivered,Delivered
O52789,C10485,P20008,2025-12-06,3,20,5997,4797.6,Delivered,Delivered
O52790,C10056,P20275,2025-11-20,2,25,1198,898.5,Delivered,Delivered
O52791,C10986,P20036,2025-06-25,1,25,499,374.25,Delivered,Delivered
O52792,C10223,P20044,2025-08-16,2,20,798,638.4,Delivered,Delivered
O52793,C10632,P20155,2025-11-19,1,25,599,449.25,Delivered,Delivered
O52794,C10179,P20077,2025-01-18,1,15,1299,1104.15,Delivered,Delivered
O52795,C10800,P20078,2025-02-25,2,0,998,998.0,Delivered,Delayed
O52796,C10434,P20101,2025-02-04,1,0,1299,1299.0,Delivered,Delivered
O52797,C10937,P20030,2025-04-28,1,15,299,254.15,Delivered,Delivered
O52798,C10450,P20039,2025-10-09,2,10,598,538.2,Delivered,Delivered
O52799,C10793,P20239,2025-09-11,2,10,1598,1438.2,Delivered,Delivered
O52800,C10884,P20013,2025-08-01,1,10,999,899.1,Delivered,Delivered
O52801,C10492,P20122,2025-03-02,3,25,4797,3597.75,Delivered,Delivered
O52802,C10189,P20144,2025-03-29,1,10,999,899.1,Delivered,Delivered
O52803,C10578,P20172,2025-09-28,2,25,998,748.5,Delivered,Delivered
O52804,C10810,P20247,2025-12-13,1,25,499,374.25,Delivered,Delivered
O52805,C10961,P20247,2025-02-01,2,15,998,848.3,Delivered,Delayed
O52806,C10420,P20045,2025-05-13,2,10,4998,4498.2,Delivered,Delivered
O52807,C10249,P20253,2025-03-05,2,20,2598,2078.4,Delivered,Delivered
O52808,C10588,P20291,2025-07-18,3,20,7497,5997.6,Delivered,Delayed
O52809,C10649,P20207,2025-09-13,2,10,798,718.2,Delivered,Delivered
O52810,C10164,P20007,2025-12-08,2,0,2598,2598.0,Delivered,Delivered
O52811,C10745,P20242,2025-06-04,2,5,3198,3038.1,Delivered,Delivered
O52812,C10255,P20110,2025-08-19,1,0,1999,1999.0,Cancelled,Not Applicable
O52813,C10476,P20114,2025-10-28,2,10,3198,2878.2,Delivered,Delivered
O52814,C10806,P20276,2025-02-04,2,5,4998,4748.1,Delivered,Delivered
O52815,C10417,P20096,2025-01-26,3,15,1197,1017.45,Delivered,Delivered
O52816,C10170,P20294,2025-01-23,3,30,4797,3357.9,Delivered,Delivered
O52817,C10317,P20189,2025-05-21,1,15,299,254.15,Delivered,Delivered
O52818,C10174,P20288,2025-10-12,2,25,798,598.5,Delivered,Delivered
O52819,C10470,P20154,2025-11-16,1,20,999,799.2,Delivered,Delivered
O52820,C10345,P20058,2025-06-05,3,20,897,717.6,Cancelled,Not Applicable
O52821,C10445,P20050,2025-04-23,2,10,598,538.2,Delivered,Delivered
O52822,C10018,P20207,2025-05-19,1,10,399,359.1,Delivered,Delayed
O52823,C10070,P20052,2025-07-28,2,20,1198,958.4,Delivered,Delivered
O52824,C10338,P20150,2025-11-19,1,25,399,299.25,Delivered,Delayed
O52825,C10628,P20053,2025-12-30,2,10,4998,4498.2,Delivered,Delivered
O52826,C10592,P20213,2025-03-27,2,0,1198,1198.0,Delivered,Delivered
O52827,C10527,P20066,2025-10-12,2,20,3998,3198.4,Delivered,Delivered
O52828,C10688,P20232,2025-03-01,2,10,1998,1798.2,Delivered,Delivered
O52829,C10456,P20299,2025-02-23,1,0,1599,1599.0,Delivered,Delivered
O52830,C10269,P20151,2025-04-03,1,20,2499,1999.2,Delivered,Delivered
O52831,C10631,P20205,2025-11-21,1,15,2499,2124.15,Delivered,Delivered
O52832,C10811,P20255,2025-09-22,2,15,5998,5098.3,Delivered,Delivered
O52833,C10188,P20137,2025-08-01,3,25,5997,4497.75,Delivered,Delivered
O52834,C10569,P20135,2025-11-29,3,15,5997,5097.45,Delivered,Delivered
O52835,C10711,P20054,2025-01-10,2,15,3998,3398.3,Delivered,Delivered
O52836,C10529,P20065,2025-12-24,1,10,1299,1169.1,Delivered,Delivered
O52837,C10434,P20002,2025-07-22,2,10,3998,3598.2,Delivered,Delivered
O52838,C10288,P20132,2025-07-15,2,20,3198,2558.4,Delivered,Delivered
O52839,C10918,P20032,2025-02-27,2,10,598,538.2,Delivered,Delivered
O52840,C10567,P20243,2025-09-13,2,5,5998,5698.1,Delivered,Delivered
O52841,C10499,P20192,2025-08-11,1,0,499,499.0,Delivered,Delivered
O52842,C10441,P20142,2025-06-29,3,15,4797,4077.45,Delivered,Delivered
O52843,C10781,P20148,2025-12-28,1,10,999,899.1,Delivered,Delivered
O52844,C10303,P20089,2025-02-04,1,15,599,509.15,Delivered,Delivered
O52845,C10087,P20049,2025-12-25,2,15,1198,1018.3,Delivered,Delivered
O52846,C10830,P20136,2025-04-13,2,0,798,798.0,Delivered,Delivered
O52847,C10438,P20191,2025-06-10,2,15,3198,2718.3,Delivered,Delayed
O52848,C10541,P20149,2025-07-19,1,25,499,374.25,Delivered,Delivered
O52849,C10022,P20087,2025-06-09,1,5,1999,1899.05,Delivered,Delivered
O52850,C10833,P20008,2025-07-02,3,15,5997,5097.45,Delivered,Delivered
O52851,C10797,P20223,2025-12-19,2,15,998,848.3,Delivered,Delivered
O52852,C10560,P20016,2025-05-16,3,20,897,717.6,Delivered,Delivered
O52853,C10517,P20296,2025-08-14,2,5,3198,3038.1,Delivered,Delivered
O52854,C10762,P20106,2025-08-31,2,25,598,448.5,Delivered,Delivered
O52855,C10675,P20283,2025-04-16,1,15,799,679.15,Delivered,Delivered
O52856,C10503,P20104,2025-03-12,3,20,1797,1437.6,Delivered,Delivered
O52857,C10714,P20146,2025-03-18,1,5,2499,2374.05,Delivered,Delivered
O52858,C10467,P20035,2025-02-23,1,20,1999,1599.2,Delivered,Delivered
O52859,C10101,P20113,2025-10-04,3,20,3897,3117.6,Delivered,Delivered
O52860,C10583,P20053,2025-04-21,2,10,4998,4498.2,Delivered,Delivered
O52861,C10942,P20081,2025-08-12,1,10,1599,1439.1,Delivered,Delivered
O52862,C10675,P20104,2025-03-16,2,15,1198,1018.3,Cancelled,Not Applicable
O52863,C10685,P20242,2025-01-14,1,0,1599,1599.0,Delivered,Delivered
O52864,C10141,P20031,2025-09-15,1,20,2499,1999.2,Delivered,Delivered
O52865,C10138,P20192,2025-07-08,2,0,998,998.0,Delivered,Delivered
O52866,C10578,P20233,2025-12-30,1,5,499,474.05,Delivered,Delivered
O52867,C10710,P20098,2025-08-27,1,15,1999,1699.15,Delivered,Delivered
O52868,C10840,P20034,2025-11-30,2,0,1198,1198.0,Delivered,Delivered
O52869,C10228,P20243,2025-10-31,1,30,2999,2099.3,Delivered,Delivered
O52870,C10281,P20059,2025-04-01,1,25,1999,1499.25,Cancelled,Not Applicable
O52871,C10684,P20259,2025-07-03,1,15,2499,2124.15,Delivered,Delivered
O52872,C10828,P20017,2025-01-17,3,20,2997,2397.6,Delivered,Delivered
O52873,C10431,P20078,2025-01-12,1,25,499,374.25,Delivered,Delivered
O52874,C10040,P20206,2025-06-15,1,5,399,379.05,Delivered,Delivered
O52875,C10519,P20166,2025-05-26,3,20,5997,4797.6,Delivered,Delivered
O52876,C10686,P20291,2025-10-09,1,5,2499,2374.05,Delivered,Delivered
O52877,C10663,P20112,2025-02-06,1,10,1599,1439.1,Delivered,Delivered
O52878,C10211,P20145,2025-03-11,2,15,1598,1358.3,Delivered,Delivered
O52879,C10302,P20156,2025-06-18,2,20,998,798.4,Delivered,Delivered
O52880,C10086,P20178,2025-12-01,3,0,3897,3897.0,Delivered,Delivered
O52881,C10397,P20136,2025-06-19,2,10,798,718.2,Delivered,Delivered
O52882,C10253,P20018,2025-09-10,1,15,1999,1699.15,Delivered,Delayed
O52883,C10533,P20155,2025-12-12,1,10,599,539.1,Processing,Not Applicable
O52884,C10769,P20272,2025-10-24,3,20,2997,2397.6,Cancelled,Not Applicable
O52885,C10891,P20266,2025-05-22,1,15,399,339.15,Delivered,Delayed
O52886,C10915,P20016,2025-09-30,3,5,897,852.15,Delivered,Delivered
O52887,C10381,P20012,2025-08-13,1,0,2999,2999.0,Delivered,Delivered
O52888,C10444,P20075,2025-07-02,1,15,999,849.15,Delivered,Delivered
O52889,C10033,P20212,2025-08-09,2,10,998,898.2,Delivered,Delivered
O52890,C10260,P20179,2025-02-22,1,5,999,949.05,Delivered,Delivered
O52891,C10234,P20129,2025-04-28,1,10,799,719.1,Delivered,Delivered
O52892,C10515,P20283,2025-12-31,2,10,1598,1438.2,Delivered,Delivered
O52893,C10859,P20195,2025-06-08,1,0,399,399.0,Delivered,Delivered
O52894,C10308,P20268,2025-05-16,2,15,598,508.3,Delivered,Delivered
O52895,C10739,P20030,2025-03-18,3,20,897,717.6,Delivered,Delivered
O52896,C10796,P20009,2025-12-02,3,15,1497,1272.45,Delivered,Delivered
O52897,C10070,P20165,2025-02-14,3,20,1197,957.6,Delivered,Delivered
O52898,C10454,P20193,2025-01-18,2,0,1598,1598.0,Cancelled,Not Applicable
O52899,C10439,P20260,2025-12-21,1,10,1599,1439.1,Delivered,Delivered
O52900,C10825,P20192,2025-07-24,1,15,499,424.15,Delivered,Delayed
O52901,C10364,P20079,2025-11-20,1,15,999,849.15,Delivered,Delivered
O52902,C10983,P20179,2025-03-24,1,20,999,799.2,Processing,Not Applicable
O52903,C10766,P20091,2025-02-19,1,20,1599,1279.2,Delivered,Delivered
O52904,C10481,P20215,2025-10-08,3,15,2397,2037.45,Delivered,Delivered
O52905,C10144,P20079,2025-06-15,3,0,2997,2997.0,Processing,Not Applicable
O52906,C10024,P20103,2025-08-31,3,20,7497,5997.6,Delivered,Delivered
O52907,C10965,P20111,2025-06-13,1,20,399,319.2,Delivered,Delivered
O52908,C10425,P20247,2025-11-20,1,30,499,349.3,Delivered,Delivered
O52909,C10746,P20234,2025-02-25,1,20,399,319.2,Delivered,Delivered
O52910,C10845,P20082,2025-02-08,1,15,1599,1359.15,Delivered,Delivered
O52911,C10175,P20132,2025-11-15,2,15,3198,2718.3,Cancelled,Not Applicable
O52912,C10844,P20235,2025-05-08,3,25,1797,1347.75,Delivered,Delivered
O52913,C10325,P20278,2025-05-02,1,30,1299,909.3,Delivered,Delivered
O52914,C10869,P20099,2025-09-04,1,20,399,319.2,Delivered,Delivered
O52915,C10671,P20038,2025-07-05,1,15,399,339.15,Delivered,Delivered
O52916,C10860,P20161,2025-07-27,2,0,2598,2598.0,Delivered,Delivered
O52917,C10348,P20117,2025-11-11,2,20,1198,958.4,Delivered,Delivered
O52918,C10798,P20241,2025-10-31,1,20,1599,1279.2,Delivered,Delivered
O52919,C10018,P20026,2025-08-27,2,20,1998,1598.4,Delivered,Delivered
O52920,C10044,P20136,2025-08-03,2,0,798,798.0,Delivered,Delivered
O52921,C10155,P20050,2025-10-19,2,15,598,508.3,Delivered,Delayed
O52922,C10867,P20294,2025-08-12,1,10,1599,1439.1,Delivered,Delivered
O52923,C10922,P20298,2025-03-29,1,20,399,319.2,Delivered,Delivered
O52924,C10377,P20293,2025-01-25,2,5,798,758.1,Delivered,Delivered
O52925,C10743,P20154,2025-08-08,2,15,1998,1698.3,Delivered,Delivered
O52926,C10883,P20220,2025-10-02,2,10,3198,2878.2,Delivered,Delayed
O52927,C10828,P20140,2025-05-15,1,0,2999,2999.0,Delivered,Delayed
O52928,C10402,P20049,2025-08-21,1,15,599,509.15,Cancelled,Not Applicable
O52929,C10225,P20142,2025-03-07,1,0,1599,1599.0,Delivered,Delivered
O52930,C10217,P20046,2025-03-21,2,15,798,678.3,Delivered,Delivered
O52931,C10568,P20163,2025-09-12,3,25,4797,3597.75,Delivered,Delivered
O52932,C10031,P20285,2025-05-05,2,30,2598,1818.6,Cancelled,Not Applicable
O52933,C10869,P20268,2025-05-26,3,5,897,852.15,Delivered,Delivered
O52934,C10059,P20116,2025-04-13,2,20,598,478.4,Delivered,Delivered
O52935,C10892,P20082,2025-10-04,3,10,4797,4317.3,Delivered,Delivered
O52936,C10898,P20044,2025-05-04,2,25,798,598.5,Delivered,Delivered
O52937,C10353,P20194,2025-09-24,2,20,798,638.4,Delivered,Delivered
O52938,C10935,P20258,2025-10-05,1,0,599,599.0,Processing,Not Applicable
O52939,C10445,P20273,2025-04-21,1,10,799,719.1,Delivered,Delivered
O52940,C10235,P20274,2025-11-09,1,10,999,899.1,Delivered,Delivered
O52941,C10107,P20278,2025-03-30,1,20,1299,1039.2,Delivered,Delivered
O52942,C10191,P20083,2025-06-07,2,10,1598,1438.2,Delivered,Delivered
O52943,C10992,P20058,2025-08-04,2,15,598,508.3,Delivered,Delivered
O52944,C10530,P20053,2025-10-28,1,15,2499,2124.15,Delivered,Delivered
O52945,C10913,P20001,2025-02-05,1,30,1299,909.3,Delivered,Delivered
O52946,C10738,P20216,2025-03-28,2,25,1598,1198.5,Delivered,Delivered
O52947,C10679,P20228,2025-04-28,1,10,1299,1169.1,Delivered,Delivered
O52948,C10583,P20254,2025-11-24,1,20,1299,1039.2,Delivered,Delivered
O52949,C10874,P20159,2025-07-01,1,20,2499,1999.2,Delivered,Delivered
O52950,C10566,P20287,2025-03-09,2,25,998,748.5,Delivered,Delivered
O52951,C10245,P20066,2025-12-25,2,0,3998,3998.0,Delivered,Delivered
O52952,C10995,P20095,2025-06-08,2,10,4998,4498.2,Delivered,Delivered
O52953,C10862,P20253,2025-10-12,3,10,3897,3507.3,Processing,Not Applicable
O52954,C10076,P20150,2025-06-13,1,10,399,359.1,Delivered,Delivered
O52955,C10547,P20023,2025-12-27,1,5,299,284.05,Delivered,Delivered
O52956,C10267,P20244,2025-03-14,2,15,4998,4248.3,Delivered,Delivered
O52957,C10317,P20215,2025-04-29,1,15,799,679.15,Cancelled,Not Applicable
O52958,C10812,P20131,2025-12-07,2,15,1598,1358.3,Delivered,Delayed
O52959,C10121,P20148,2025-07-14,2,15,1998,1698.3,Delivered,Delivered
O52960,C10836,P20109,2025-03-30,1,0,2999,2999.0,Delivered,Delivered
O52961,C10025,P20040,2025-12-11,2,25,1998,1498.5,Delivered,Delivered
O52962,C10432,P20121,2025-03-17,2,25,2598,1948.5,Delivered,Delivered
O52963,C10160,P20295,2025-08-09,1,15,2999,2549.15,Delivered,Delivered
O52964,C10596,P20120,2025-05-19,2,25,1598,1198.5,Delivered,Delivered
O52965,C10114,P20018,2025-08-29,2,0,3998,3998.0,Cancelled,Not Applicable
O52966,C10735,P20169,2025-06-03,1,20,1999,1599.2,Delivered,Delivered
O52967,C10900,P20198,2025-02-22,2,0,1198,1198.0,Delivered,Delayed
O52968,C10502,P20143,2025-05-22,1,10,599,539.1,Delivered,Delivered
O52969,C10166,P20037,2025-11-16,2,10,598,538.2,Delivered,Delivered
O52970,C10703,P20186,2025-01-31,2,15,798,678.3,Delivered,Delivered
O52971,C10175,P20261,2025-08-11,1,10,999,899.1,Delivered,Delivered
O52972,C10001,P20231,2025-10-19,1,15,399,339.15,Delivered,Delivered
O52973,C10899,P20254,2025-09-23,2,10,2598,2338.2,Delivered,Delivered
O52974,C10741,P20297,2025-10-09,2,25,1998,1498.5,Cancelled,Not Applicable
O52975,C10086,P20010,2025-10-03,2,15,3198,2718.3,Delivered,Delivered
O52976,C10574,P20230,2025-02-13,1,5,1999,1899.05,Delivered,Delivered
O52977,C10320,P20024,2025-03-03,1,10,399,359.1,Delivered,Delivered
O52978,C10401,P20078,2025-07-20,3,20,1497,1197.6,Delivered,Delivered
O52979,C10382,P20193,2025-12-01,3,10,2397,2157.3,Delivered,Delivered
O52980,C10718,P20109,2025-01-09,2,15,5998,5098.3,Delivered,Delivered
O52981,C10617,P20280,2025-03-12,1,15,999,849.15,Delivered,Delayed
O52982,C10318,P20263,2025-03-31,2,10,798,718.2,Delivered,Delivered
O52983,C10803,P20268,2025-01-24,1,10,299,269.1,Delivered,Delivered
O52984,C10250,P20259,2025-05-20,1,15,2499,2124.15,Delivered,Delivered
O52985,C10525,P20085,2025-11-12,2,5,998,948.1,Delivered,Delivered
O52986,C10675,P20010,2025-12-06,1,10,1599,1439.1,Delivered,Delivered
O52987,C10555,P20289,2025-03-19,1,0,2499,2499.0,Delivered,Delivered
O52988,C10898,P20059,2025-08-02,1,10,1999,1799.1,Delivered,Delivered
O52989,C10952,P20262,2025-01-16,1,10,499,449.1,Delivered,Delivered
O52990,C10623,P20285,2025-01-29,2,30,2598,1818.6,Delivered,Delivered
O52991,C10717,P20119,2025-10-18,1,15,399,339.15,Delivered,Delivered
O52992,C10896,P20168,2025-02-12,2,20,1998,1598.4,Delivered,Delivered
O52993,C10256,P20189,2025-12-18,3,0,897,897.0,Delivered,Delayed
O52994,C10307,P20251,2025-02-22,2,0,3198,3198.0,Delivered,Delivered
O52995,C10950,P20229,2025-10-03,2,20,998,798.4,Delivered,Delivered
O52996,C10144,P20190,2025-08-20,2,15,2598,2208.3,Delivered,Delayed
O52997,C10658,P20124,2025-07-31,1,5,999,949.05,Delivered,Delivered
O52998,C10391,P20084,2025-01-08,1,10,2499,2249.1,Cancelled,Not Applicable
O52999,C10813,P20297,2025-05-02,3,15,2997,2547.45,Delivered,Delivered
O53000,C10676,P20215,2025-02-11,1,20,799,639.2,Delivered,Delivered
O53001,C10169,P20237,2025-11-29,2,0,3198,3198.0,Delivered,Delivered
O53002,C10990,P20113,2025-08-21,2,15,2598,2208.3,Cancelled,Not Applicable
O53003,C10298,P20217,2025-03-11,3,20,8997,7197.6,Delivered,Delivered
O53004,C10233,P20246,2025-01-16,1,30,499,349.3,Delivered,Delivered
O53005,C10903,P20037,2025-03-10,1,20,299,239.2,Cancelled,Not Applicable
O53006,C10271,P20064,2025-02-22,1,10,2499,2249.1,Delivered,Delayed
O53007,C10060,P20219,2025-06-22,2,20,1998,1598.4,Delivered,Delivered
O53008,C10296,P20034,2025-09-19,1,20,599,479.2,Cancelled,Not Applicable
O53009,C10467,P20039,2025-10-16,1,20,299,239.2,Delivered,Delivered
O53010,C10235,P20067,2025-01-15,1,20,399,319.2,Delivered,Delivered
O53011,C10677,P20209,2025-09-27,3,25,1797,1347.75,Delivered,Delivered
O53012,C10706,P20152,2025-06-16,3,0,8997,8997.0,Delivered,Delivered
O53013,C10234,P20199,2025-03-04,1,0,399,399.0,Delivered,Delivered
O53014,C10368,P20089,2025-09-18,1,20,599,479.2,Delivered,Delivered
O53015,C10695,P20248,2025-05-01,1,5,999,949.05,Delivered,Delivered
O53016,C10845,P20079,2025-12-12,3,0,2997,2997.0,Delivered,Delivered
O53017,C10232,P20285,2025-08-28,3,10,3897,3507.3,Delivered,Delivered
O53018,C10873,P20032,2025-04-17,3,20,897,717.6,Delivered,Delivered
O53019,C10491,P20087,2025-06-29,1,0,1999,1999.0,Delivered,Delivered
O53020,C10619,P20039,2025-01-16,1,15,299,254.15,Delivered,Delivered
O53021,C10503,P20101,2025-12-21,2,0,2598,2598.0,Delivered,Delivered
O53022,C10890,P20244,2025-11-05,3,0,7497,7497.0,Delivered,Delivered
O53023,C10735,P20232,2025-08-03,1,10,999,899.1,Delivered,Delivered
O53024,C10592,P20068,2025-03-18,2,0,3198,3198.0,Delivered,Delivered
O53025,C10746,P20192,2025-08-13,1,20,499,399.2,Delivered,Delivered
O53026,C10381,P20028,2025-04-03,2,25,598,448.5,Delivered,Delivered
O53027,C10696,P20270,2025-06-30,3,20,2997,2397.6,Delivered,Delivered
O53028,C10428,P20226,2025-06-23,3,5,3897,3702.15,Delivered,Delivered
O53029,C10697,P20077,2025-12-20,1,15,1299,1104.15,Delivered,Delivered
O53030,C10646,P20223,2025-12-20,1,5,499,474.05,Delivered,Delivered
O53031,C10732,P20167,2025-08-07,1,10,2999,2699.1,Delivered,Delayed
O53032,C10800,P20284,2025-05-23,3,15,3897,3312.45,Delivered,Delivered
O53033,C10364,P20192,2025-11-11,1,20,499,399.2,Delivered,Delivered
O53034,C10202,P20089,2025-10-09,1,0,599,599.0,Delivered,Delayed
O53035,C10882,P20032,2025-09-16,1,10,299,269.1,Delivered,Delivered
O53036,C10146,P20137,2025-12-22,2,25,3998,2998.5,Cancelled,Not Applicable
O53037,C10836,P20156,2025-02-16,2,10,998,898.2,Delivered,Delivered
O53038,C10639,P20250,2025-01-05,2,25,4998,3748.5,Delivered,Delivered
O53039,C10457,P20095,2025-03-03,1,30,2499,1749.3,Delivered,Delivered
O53040,C10135,P20017,2025-03-25,2,15,1998,1698.3,Delivered,Delivered
O53041,C10626,P20117,2025-05-13,1,10,599,539.1,Delivered,Delivered
O53042,C10264,P20010,2025-12-02,1,20,1599,1279.2,Cancelled,Not Applicable
O53043,C10064,P20080,2025-03-04,1,5,399,379.05,Cancelled,Not Applicable
O53044,C10491,P20134,2025-10-08,3,5,4797,4557.15,Delivered,Delivered
O53045,C10647,P20203,2025-02-13,2,20,1598,1278.4,Delivered,Delivered
O53046,C10041,P20116,2025-06-02,2,10,598,538.2,Delivered,Delivered
O53047,C10296,P20220,2025-09-27,1,5,1599,1519.05,Cancelled,Not Applicable
O53048,C10003,P20253,2025-12-08,2,15,2598,2208.3,Delivered,Delivered
O53049,C10913,P20169,2025-06-20,1,20,1999,1599.2,Delivered,Delivered
O53050,C10706,P20205,2025-06-05,2,0,4998,4998.0,Cancelled,Not Applicable
O53051,C10975,P20298,2025-10-02,3,10,1197,1077.3,Delivered,Delivered
O53052,C10110,P20248,2025-12-24,1,5,999,949.05,Delivered,Delivered
O53053,C10221,P20071,2025-01-20,2,10,998,898.2,Cancelled,Not Applicable
O53054,C10370,P20156,2025-08-02,2,20,998,798.4,Delivered,Delivered
O53055,C10368,P20102,2025-03-20,2,20,5998,4798.4,Delivered,Delivered
O53056,C10436,P20013,2025-05-19,2,15,1998,1698.3,Delivered,Delivered
O53057,C10918,P20271,2025-04-08,1,0,399,399.0,Delivered,Delivered
O53058,C10004,P20292,2025-06-01,1,0,399,399.0,Cancelled,Not Applicable
O53059,C10244,P20220,2025-07-17,3,5,4797,4557.15,Processing,Not Applicable
O53060,C10902,P20015,2025-09-30,1,10,499,449.1,Delivered,Delivered
O53061,C10166,P20238,2025-06-05,2,0,3998,3998.0,Delivered,Delivered
O53062,C10026,P20117,2025-02-19,1,10,599,539.1,Delivered,Delivered
O53063,C10395,P20056,2025-08-16,1,0,399,399.0,Delivered,Delayed
O53064,C10474,P20132,2025-01-10,1,20,1599,1279.2,Delivered,Delivered
O53065,C10017,P20226,2025-05-29,1,20,1299,1039.2,Delivered,Delivered
O53066,C10728,P20222,2025-02-27,1,15,499,424.15,Delivered,Delivered
O53067,C10092,P20173,2025-06-11,1,0,499,499.0,Delivered,Delivered
O53068,C10483,P20285,2025-12-17,1,25,1299,974.25,Cancelled,Not Applicable
O53069,C10543,P20157,2025-04-17,1,30,1999,1399.3,Delivered,Delivered
O53070,C10205,P20151,2025-10-16,3,5,7497,7122.15,Delivered,Delivered
O53071,C10502,P20185,2025-07-05,1,20,1599,1279.2,Delivered,Delivered
O53072,C10931,P20178,2025-02-15,1,20,1299,1039.2,Delivered,Delivered
O53073,C10400,P20021,2025-05-09,1,15,999,849.15,Delivered,Delivered
O53074,C10207,P20112,2025-11-14,3,10,4797,4317.3,Delivered,Delivered
O53075,C10619,P20171,2025-03-28,2,15,1598,1358.3,Delivered,Delivered
O53076,C10146,P20138,2025-09-06,1,15,599,509.15,Delivered,Delivered
O53077,C10879,P20233,2025-11-25,1,10,499,449.1,Delivered,Delivered
O53078,C10101,P20030,2025-09-14,2,25,598,448.5,Delivered,Delivered
O53079,C10880,P20161,2025-10-04,1,20,1299,1039.2,Delivered,Delivered
O53080,C10830,P20078,2025-10-05,3,5,1497,1422.15,Delivered,Delivered
O53081,C10880,P20278,2025-01-04,1,15,1299,1104.15,Delivered,Delivered
O53082,C10241,P20021,2025-03-06,1,15,999,849.15,Delivered,Delivered
O53083,C10923,P20143,2025-07-21,3,0,1797,1797.0,Delivered,Delivered
O53084,C10759,P20036,2025-03-04,1,10,499,449.1,Delivered,Delivered
O53085,C10163,P20214,2025-05-23,2,25,1998,1498.5,Delivered,Delivered
O53086,C10884,P20032,2025-09-01,3,15,897,762.45,Delivered,Delivered
O53087,C10173,P20186,2025-10-19,1,5,399,379.05,Delivered,Delivered
O53088,C10502,P20174,2025-10-12,2,0,798,798.0,Delivered,Delivered
O53089,C10547,P20054,2025-06-29,2,15,3998,3398.3,Delivered,Delivered
O53090,C10284,P20161,2025-06-23,2,15,2598,2208.3,Delivered,Delivered
O53091,C10359,P20250,2025-11-21,1,10,2499,2249.1,Delivered,Delivered
O53092,C10381,P20251,2025-04-21,3,15,4797,4077.45,Delivered,Delivered
O53093,C10870,P20279,2025-06-24,1,0,1599,1599.0,Delivered,Delayed
O53094,C10905,P20171,2025-06-02,1,0,799,799.0,Delivered,Delivered
O53095,C10972,P20183,2025-12-22,3,15,2997,2547.45,Delivered,Delivered
O53096,C10911,P20002,2025-08-05,2,0,3998,3998.0,Delivered,Delivered
O53097,C10533,P20194,2025-10-24,1,25,399,299.25,Delivered,Delivered
O53098,C10820,P20166,2025-08-28,1,0,1999,1999.0,Delivered,Delivered
O53099,C10163,P20247,2025-08-14,2,15,998,848.3,Delivered,Delivered
O53100,C10609,P20244,2025-07-05,2,10,4998,4498.2,Delivered,Delivered
O53101,C10307,P20110,2025-02-17,2,10,3998,3598.2,Cancelled,Not Applicable
O53102,C10339,P20071,2025-07-27,2,20,998,798.4,Delivered,Delivered
O53103,C10055,P20164,2025-06-06,1,15,399,339.15,Delivered,Delivered
O53104,C10983,P20285,2025-08-13,1,20,1299,1039.2,Delivered,Delivered
O53105,C10333,P20113,2025-05-24,1,15,1299,1104.15,Delivered,Delivered
O53106,C10127,P20228,2025-04-21,2,15,2598,2208.3,Delivered,Delivered
O53107,C10940,P20016,2025-11-14,2,20,598,478.4,Delivered,Delivered
O53108,C10705,P20031,2025-12-29,3,15,7497,6372.45,Processing,Not Applicable
O53109,C10243,P20162,2025-12-28,3,15,2997,2547.45,Delivered,Delivered
O53110,C10861,P20193,2025-05-12,1,20,799,639.2,Delivered,Delayed
O53111,C10600,P20210,2025-04-23,2,25,1198,898.5,Delivered,Delivered
O53112,C10848,P20232,2025-11-20,2,10,1998,1798.2,Delivered,Delivered
O53113,C10409,P20184,2025-03-30,2,15,3998,3398.3,Delivered,Delivered
O53114,C10503,P20015,2025-06-10,1,0,499,499.0,Delivered,Delivered
O53115,C10727,P20209,2025-11-30,1,10,599,539.1,Delivered,Delivered
O53116,C10604,P20172,2025-03-16,1,10,499,449.1,Cancelled,Not Applicable
O53117,C10303,P20266,2025-10-08,1,20,399,319.2,Delivered,Delivered
O53118,C10464,P20020,2025-01-07,1,15,399,339.15,Delivered,Delivered
O53119,C10235,P20070,2025-04-23,3,20,8997,7197.6,Delivered,Delayed
O53120,C10696,P20008,2025-02-05,3,0,5997,5997.0,Delivered,Delivered
O53121,C10038,P20034,2025-09-23,3,10,1797,1617.3,Delivered,Delivered
O53122,C10139,P20224,2025-04-23,2,25,1598,1198.5,Delivered,Delivered
O53123,C10195,P20179,2025-10-19,2,5,1998,1898.1,Delivered,Delivered
O53124,C10527,P20246,2025-08-11,1,0,499,499.0,Delivered,Delayed
O53125,C10769,P20260,2025-07-30,1,10,1599,1439.1,Delivered,Delivered
O53126,C10647,P20108,2025-01-18,1,20,1299,1039.2,Delivered,Delivered
O53127,C10001,P20242,2025-08-29,1,10,1599,1439.1,Delivered,Delivered
O53128,C10561,P20024,2025-05-14,2,10,798,718.2,Delivered,Delivered
O53129,C10096,P20216,2025-08-08,1,15,799,679.15,Delivered,Delivered
O53130,C10713,P20055,2025-04-12,2,5,798,758.1,Delivered,Delivered
O53131,C10413,P20026,2025-05-20,1,20,999,799.2,Delivered,Delivered
O53132,C10538,P20281,2025-06-18,3,5,3897,3702.15,Delivered,Delayed
O53133,C10855,P20292,2025-07-10,1,10,399,359.1,Delivered,Delivered
O53134,C10429,P20186,2025-01-25,1,15,399,339.15,Delivered,Delivered
O53135,C10235,P20012,2025-02-02,1,20,2999,2399.2,Delivered,Delivered
O53136,C10349,P20129,2025-12-09,1,20,799,639.2,Delivered,Delivered
O53137,C10756,P20208,2025-11-25,1,20,499,399.2,Delivered,Delivered
O53138,C10870,P20133,2025-01-06,1,10,499,449.1,Delivered,Delivered
O53139,C10481,P20196,2025-07-13,2,0,598,598.0,Delivered,Delivered
O53140,C10839,P20262,2025-08-18,2,5,998,948.1,Delivered,Delivered
O53141,C10396,P20282,2025-05-17,1,25,2999,2249.25,Delivered,Delivered
O53142,C10351,P20103,2025-11-19,1,25,2499,1874.25,Cancelled,Not Applicable
O53143,C10416,P20120,2025-08-04,2,30,1598,1118.6,Delivered,Delivered
O53144,C10886,P20183,2025-12-15,2,0,1998,1998.0,Delivered,Delivered
O53145,C10916,P20009,2025-12-30,2,15,998,848.3,Delivered,Delivered
O53146,C10887,P20045,2025-07-02,3,15,7497,6372.45,Cancelled,Not Applicable
O53147,C10051,P20244,2025-06-17,1,20,2499,1999.2,Delivered,Delivered
O53148,C10081,P20270,2025-10-09,2,15,1998,1698.3,Delivered,Delivered
O53149,C10036,P20112,2025-02-07,2,20,3198,2558.4,Delivered,Delivered
O53150,C10067,P20055,2025-06-12,3,10,1197,1077.3,Delivered,Delayed
O53151,C10641,P20015,2025-05-22,2,5,998,948.1,Delivered,Delivered
O53152,C10882,P20037,2025-09-05,3,5,897,852.15,Delivered,Delivered
O53153,C10667,P20178,2025-04-13,1,0,1299,1299.0,Delivered,Delivered
O53154,C10757,P20127,2025-07-18,1,10,599,539.1,Delivered,Delivered
O53155,C10623,P20117,2025-07-19,1,0,599,599.0,Delivered,Delivered
O53156,C10680,P20072,2025-02-11,1,10,399,359.1,Delivered,Delivered
O53157,C10481,P20111,2025-05-27,3,15,1197,1017.45,Delivered,Delivered
O53158,C10468,P20149,2025-03-07,2,25,998,748.5,Delivered,Delivered
O53159,C10142,P20185,2025-07-12,1,20,1599,1279.2,Delivered,Delivered
O53160,C10356,P20105,2025-10-25,1,5,2499,2374.05,Delivered,Delivered
O53161,C10709,P20147,2025-02-07,2,0,5998,5998.0,Delivered,Delivered
O53162,C10471,P20221,2025-05-21,1,5,799,759.05,Processing,Not Applicable
O53163,C10621,P20006,2025-04-16,3,30,1497,1047.9,Delivered,Delivered
O53164,C10888,P20260,2025-06-01,3,15,4797,4077.45,Delivered,Delayed
O53165,C10591,P20299,2025-12-18,1,5,1599,1519.05,Delivered,Delivered
O53166,C10902,P20042,2025-11-22,3,20,1797,1437.6,Delivered,Delivered
O53167,C10673,P20259,2025-02-07,2,10,4998,4498.2,Delivered,Delivered
O53168,C10439,P20271,2025-04-07,1,25,399,299.25,Delivered,Delivered
O53169,C10531,P20047,2025-04-18,1,5,2499,2374.05,Delivered,Delivered
O53170,C10127,P20085,2025-04-29,1,10,499,449.1,Delivered,Delivered
O53171,C10205,P20174,2025-05-31,2,15,798,678.3,Delivered,Delivered
O53172,C10029,P20058,2025-03-15,1,25,299,224.25,Delivered,Delivered
O53173,C10445,P20199,2025-02-26,3,25,1197,897.75,Delivered,Delivered
O53174,C10966,P20209,2025-12-01,2,15,1198,1018.3,Delivered,Delivered
O53175,C10719,P20248,2025-09-09,2,5,1998,1898.1,Cancelled,Not Applicable
O53176,C10464,P20211,2025-10-19,3,10,5997,5397.3,Delivered,Delayed
O53177,C10280,P20039,2025-11-09,1,30,299,209.3,Delivered,Delivered
O53178,C10151,P20252,2025-09-12,3,15,897,762.45,Processing,Not Applicable
O53179,C10240,P20131,2025-09-11,3,20,2397,1917.6,Delivered,Delivered
O53180,C10266,P20291,2025-09-16,2,10,4998,4498.2,Delivered,Delivered
O53181,C10694,P20250,2025-09-27,1,15,2499,2124.15,Delivered,Delivered
O53182,C10105,P20052,2025-02-03,1,10,599,539.1,Delivered,Delivered
O53183,C10937,P20014,2025-11-22,1,20,599,479.2,Delivered,Delivered
O53184,C10433,P20156,2025-11-21,2,25,998,748.5,Delivered,Delivered
O53185,C10913,P20030,2025-08-26,2,15,598,508.3,Delivered,Delivered
O53186,C10497,P20090,2025-06-28,2,15,598,508.3,Delivered,Delivered
O53187,C10440,P20167,2025-04-14,1,10,2999,2699.1,Delivered,Delivered
O53188,C10748,P20069,2025-01-29,2,5,3998,3798.1,Delivered,Delivered
O53189,C10685,P20163,2025-08-15,2,25,3198,2398.5,Delivered,Delivered
O53190,C10158,P20242,2025-08-20,2,10,3198,2878.2,Delivered,Delivered
O53191,C10172,P20052,2025-10-31,1,20,599,479.2,Delivered,Delivered
O53192,C10494,P20142,2025-12-16,1,20,1599,1279.2,Delivered,Delivered
O53193,C10970,P20063,2025-12-01,1,20,799,639.2,Delivered,Delivered
O53194,C10311,P20292,2025-04-27,3,25,1197,897.75,Delivered,Delivered
O53195,C10403,P20091,2025-07-26,2,15,3198,2718.3,Delivered,Delivered
O53196,C10669,P20152,2025-07-04,1,25,2999,2249.25,Cancelled,Not Applicable
O53197,C10770,P20157,2025-05-18,3,5,5997,5697.15,Delivered,Delivered
O53198,C10676,P20150,2025-11-19,1,15,399,339.15,Delivered,Delivered
O53199,C10659,P20271,2025-06-13,1,20,399,319.2,Delivered,Delivered
O53200,C10903,P20069,2025-03-16,1,10,1999,1799.1,Delivered,Delivered
O53201,C10666,P20116,2025-08-21,2,20,598,478.4,Cancelled,Not Applicable
O53202,C10463,P20192,2025-10-11,1,20,499,399.2,Processing,Not Applicable
O53203,C10367,P20004,2025-09-12,1,20,499,399.2,Delivered,Delivered
O53204,C10550,P20075,2025-01-09,1,10,999,899.1,Delivered,Delivered
O53205,C10643,P20298,2025-07-22,3,15,1197,1017.45,Delivered,Delivered
O53206,C10870,P20241,2025-11-01,2,10,3198,2878.2,Delivered,Delivered
O53207,C10255,P20030,2025-04-01,2,20,598,478.4,Delivered,Delivered
O53208,C10208,P20143,2025-11-28,1,10,599,539.1,Delivered,Delivered
O53209,C10450,P20183,2025-05-30,3,15,2997,2547.45,Delivered,Delivered
O53210,C10095,P20016,2025-12-26,2,10,598,538.2,Cancelled,Not Applicable
O53211,C10860,P20111,2025-06-25,1,5,399,379.05,Cancelled,Not Applicable
O53212,C10839,P20201,2025-02-02,2,5,598,568.1,Delivered,Delivered
O53213,C10478,P20107,2025-07-03,1,0,499,499.0,Delivered,Delivered
O53214,C10683,P20162,2025-06-06,1,15,999,849.15,Delivered,Delayed
O53215,C10762,P20283,2025-02-22,3,20,2397,1917.6,Delivered,Delivered
O53216,C10190,P20269,2025-10-23,2,0,1598,1598.0,Delivered,Delivered
O53217,C10711,P20155,2025-07-21,2,0,1198,1198.0,Delivered,Delivered
O53218,C10484,P20073,2025-10-01,1,10,599,539.1,Delivered,Delivered
O53219,C10733,P20197,2025-06-24,1,20,2499,1999.2,Delivered,Delivered
O53220,C10536,P20243,2025-09-01,3,5,8997,8547.15,Delivered,Delivered
O53221,C10756,P20086,2025-09-26,1,10,999,899.1,Processing,Not Applicable
O53222,C10423,P20287,2025-03-15,1,5,499,474.05,Delivered,Delivered
O53223,C10836,P20259,2025-04-06,3,10,7497,6747.3,Delivered,Delivered
O53224,C10640,P20286,2025-12-27,2,5,3998,3798.1,Delivered,Delayed
O53225,C10605,P20149,2025-06-22,2,10,998,898.2,Delivered,Delivered
O53226,C10812,P20190,2025-06-04,1,20,1299,1039.2,Delivered,Delivered
O53227,C10133,P20217,2025-07-02,3,15,8997,7647.45,Delivered,Delivered
O53228,C10055,P20086,2025-11-19,2,0,1998,1998.0,Delivered,Delayed
O53229,C10989,P20216,2025-10-16,1,15,799,679.15,Delivered,Delivered
O53230,C10510,P20118,2025-09-15,1,15,799,679.15,Delivered,Delivered
O53231,C10670,P20087,2025-03-16,1,25,1999,1499.25,Delivered,Delivered
O53232,C10541,P20040,2025-06-23,1,10,999,899.1,Delivered,Delivered
O53233,C10410,P20161,2025-11-26,3,20,3897,3117.6,Delivered,Delivered
O53234,C10211,P20191,2025-08-19,3,20,4797,3837.6,Delivered,Delivered
O53235,C10666,P20025,2025-09-04,2,5,1598,1518.1,Delivered,Delivered
O53236,C10293,P20152,2025-06-10,2,25,5998,4498.5,Delivered,Delivered
O53237,C10987,P20095,2025-07-05,1,15,2499,2124.15,Delivered,Delivered
O53238,C10734,P20046,2025-05-23,3,15,1197,1017.45,Processing,Not Applicable
O53239,C10115,P20138,2025-10-09,2,0,1198,1198.0,Delivered,Delivered
O53240,C10949,P20288,2025-05-08,2,5,798,758.1,Delivered,Delivered
O53241,C10670,P20164,2025-06-15,1,15,399,339.15,Delivered,Delivered
O53242,C10259,P20016,2025-01-27,1,10,299,269.1,Delivered,Delivered
O53243,C10763,P20018,2025-09-03,2,15,3998,3398.3,Delivered,Delivered
O53244,C10122,P20136,2025-05-15,2,10,798,718.2,Delivered,Delivered
O53245,C10299,P20247,2025-07-21,1,15,499,424.15,Delivered,Delivered
O53246,C10775,P20248,2025-01-21,2,15,1998,1698.3,Delivered,Delivered
O53247,C10381,P20198,2025-03-20,1,0,599,599.0,Delivered,Delivered
O53248,C10561,P20001,2025-06-07,1,15,1299,1104.15,Delivered,Delivered
O53249,C10889,P20190,2025-04-04,1,10,1299,1169.1,Delivered,Delivered
O53250,C10841,P20294,2025-01-08,1,10,1599,1439.1,Delivered,Delivered
O53251,C10501,P20045,2025-12-05,1,0,2499,2499.0,Delivered,Delivered
O53252,C10297,P20032,2025-09-16,1,5,299,284.05,Delivered,Delivered
O53253,C10362,P20118,2025-02-24,3,5,2397,2277.15,Delivered,Delivered
O53254,C10589,P20296,2025-02-05,1,25,1599,1199.25,Delivered,Delivered
O53255,C10463,P20184,2025-01-06,1,10,1999,1799.1,Delivered,Delivered
O53256,C10438,P20191,2025-02-11,2,0,3198,3198.0,Delivered,Delivered
O53257,C10127,P20235,2025-02-19,1,0,599,599.0,Delivered,Delivered
O53258,C10197,P20238,2025-04-22,1,0,1999,1999.0,Delivered,Delivered
O53259,C10221,P20216,2025-05-26,2,15,1598,1358.3,Delivered,Delivered
O53260,C10995,P20074,2025-08-18,1,5,499,474.05,Delivered,Delivered
O53261,C10091,P20111,2025-07-30,2,15,798,678.3,Delivered,Delivered
O53262,C10411,P20103,2025-11-02,1,10,2499,2249.1,Delivered,Delivered
O53263,C10008,P20074,2025-01-30,1,20,499,399.2,Delivered,Delivered
O53264,C10544,P20252,2025-10-22,2,10,598,538.2,Delivered,Delivered
O53265,C10468,P20114,2025-04-26,2,10,3198,2878.2,Processing,Not Applicable
O53266,C10320,P20238,2025-08-14,3,20,5997,4797.6,Delivered,Delivered
O53267,C10394,P20173,2025-02-28,1,10,499,449.1,Delivered,Delivered
O53268,C10269,P20079,2025-03-17,2,20,1998,1598.4,Delivered,Delivered
O53269,C10191,P20093,2025-08-04,1,15,2499,2124.15,Delivered,Delivered
O53270,C10861,P20050,2025-05-12,1,10,299,269.1,Delivered,Delivered
O53271,C10675,P20285,2025-10-31,1,15,1299,1104.15,Delivered,Delivered
O53272,C10061,P20223,2025-03-22,1,30,499,349.3,Delivered,Delivered
O53273,C10438,P20081,2025-11-01,2,15,3198,2718.3,Processing,Not Applicable
O53274,C10264,P20266,2025-03-08,1,25,399,299.25,Processing,Not Applicable
O53275,C10797,P20155,2025-08-18,2,5,1198,1138.1,Delivered,Delayed
O53276,C10095,P20233,2025-11-29,1,15,499,424.15,Delivered,Delivered
O53277,C10553,P20236,2025-10-04,1,25,2499,1874.25,Delivered,Delivered
O53278,C10926,P20159,2025-12-27,1,10,2499,2249.1,Delivered,Delivered
O53279,C10470,P20251,2025-03-13,1,30,1599,1119.3,Delivered,Delivered
O53280,C10661,P20282,2025-07-28,3,0,8997,8997.0,Processing,Not Applicable
O53281,C10716,P20102,2025-09-29,1,25,2999,2249.25,Delivered,Delivered
O53282,C10779,P20051,2025-05-24,3,10,5997,5397.3,Delivered,Delivered
O53283,C10514,P20052,2025-09-08,1,0,599,599.0,Delivered,Delivered
O53284,C10690,P20209,2025-10-11,2,25,1198,898.5,Delivered,Delivered
O53285,C10937,P20131,2025-06-28,1,5,799,759.05,Delivered,Delayed
O53286,C10194,P20270,2025-03-21,3,0,2997,2997.0,Delivered,Delivered
O53287,C10482,P20205,2025-02-26,3,0,7497,7497.0,Delivered,Delivered
O53288,C10899,P20219,2025-11-04,1,15,999,849.15,Delivered,Delivered
O53289,C10336,P20257,2025-06-23,2,30,598,418.6,Delivered,Delivered
O53290,C10435,P20185,2025-08-26,1,0,1599,1599.0,Delivered,Delivered
O53291,C10196,P20145,2025-06-15,1,10,799,719.1,Cancelled,Not Applicable
O53292,C10855,P20178,2025-03-25,2,5,2598,2468.1,Delivered,Delivered
O53293,C10249,P20014,2025-02-17,2,20,1198,958.4,Delivered,Delivered
O53294,C10498,P20246,2025-05-07,2,0,998,998.0,Delivered,Delivered
O53295,C10212,P20187,2025-06-18,2,5,3998,3798.1,Delivered,Delivered
O53296,C10665,P20259,2025-12-20,3,5,7497,7122.15,Delivered,Delivered
O53297,C10670,P20040,2025-12-15,1,15,999,849.15,Delivered,Delivered
O53298,C10466,P20089,2025-03-08,3,25,1797,1347.75,Delivered,Delivered
O53299,C10874,P20125,2025-11-26,1,15,299,254.15,Delivered,Delivered
O53300,C10651,P20009,2025-12-06,2,0,998,998.0,Delivered,Delivered
O53301,C10221,P20084,2025-07-13,1,15,2499,2124.15,Delivered,Delivered
O53302,C10273,P20021,2025-06-04,3,20,2997,2397.6,Delivered,Delivered
O53303,C10154,P20281,2025-06-09,3,0,3897,3897.0,Delivered,Delivered
O53304,C10249,P20172,2025-07-03,2,0,998,998.0,Delivered,Delivered
O53305,C10279,P20025,2025-09-23,2,5,1598,1518.1,Delivered,Delivered
O53306,C10440,P20103,2025-06-17,1,20,2499,1999.2,Delivered,Delivered
O53307,C10948,P20190,2025-05-25,1,15,1299,1104.15,Delivered,Delayed
O53308,C10816,P20236,2025-07-05,2,15,4998,4248.3,Delivered,Delivered
O53309,C10276,P20037,2025-12-19,1,5,299,284.05,Delivered,Delivered
O53310,C10514,P20272,2025-09-19,1,10,999,899.1,Delivered,Delayed
O53311,C10088,P20293,2025-10-01,2,30,798,558.6,Delivered,Delivered
O53312,C10799,P20152,2025-11-24,1,5,2999,2849.05,Delivered,Delivered
O53313,C10923,P20282,2025-12-11,2,25,5998,4498.5,Delivered,Delivered
O53314,C10642,P20020,2025-08-11,3,15,1197,1017.45,Cancelled,Not Applicable
O53315,C10505,P20137,2025-02-11,2,0,3998,3998.0,Delivered,Delivered
O53316,C10590,P20029,2025-01-04,3,10,1197,1077.3,Delivered,Delivered
O53317,C10772,P20031,2025-10-03,1,25,2499,1874.25,Delivered,Delivered
O53318,C10241,P20019,2025-10-11,1,10,299,269.1,Delivered,Delivered
O53319,C10653,P20148,2025-07-12,1,25,999,749.25,Delivered,Delivered
O53320,C10740,P20283,2025-04-14,1,5,799,759.05,Delivered,Delivered
O53321,C10675,P20300,2025-09-04,1,15,299,254.15,Delivered,Delivered
O53322,C10236,P20163,2025-10-27,1,20,1599,1279.2,Delivered,Delivered
O53323,C10128,P20113,2025-01-23,1,25,1299,974.25,Delivered,Delayed
O53324,C10503,P20150,2025-10-30,2,15,798,678.3,Delivered,Delivered
O53325,C10200,P20255,2025-01-13,2,15,5998,5098.3,Delivered,Delivered
O53326,C10962,P20087,2025-05-24,2,0,3998,3998.0,Delivered,Delivered
O53327,C10902,P20098,2025-08-06,3,5,5997,5697.15,Delivered,Delayed
O53328,C10543,P20132,2025-07-02,1,10,1599,1439.1,Delivered,Delivered
O53329,C10502,P20097,2025-12-17,2,0,1598,1598.0,Delivered,Delivered
O53330,C10650,P20098,2025-08-30,1,10,1999,1799.1,Delivered,Delivered
O53331,C10492,P20290,2025-07-12,2,10,4998,4498.2,Delivered,Delivered
O53332,C10021,P20227,2025-09-29,2,30,1998,1398.6,Delivered,Delivered
O53333,C10234,P20145,2025-06-14,3,15,2397,2037.45,Delivered,Delivered
O53334,C10714,P20156,2025-06-29,1,10,499,449.1,Cancelled,Not Applicable
O53335,C10791,P20270,2025-04-27,1,30,999,699.3,Delivered,Delayed
O53336,C10643,P20162,2025-09-23,2,5,1998,1898.1,Delivered,Delivered
O53337,C10416,P20112,2025-02-07,3,15,4797,4077.45,Delivered,Delivered
O53338,C10148,P20185,2025-02-13,1,15,1599,1359.15,Delivered,Delivered
O53339,C10970,P20205,2025-12-17,1,0,2499,2499.0,Delivered,Delayed
O53340,C10029,P20097,2025-03-15,3,20,2397,1917.6,Delivered,Delivered
O53341,C10361,P20055,2025-08-14,2,0,798,798.0,Delivered,Delivered
O53342,C10308,P20117,2025-11-03,2,0,1198,1198.0,Delivered,Delivered
O53343,C10883,P20093,2025-11-04,1,5,2499,2374.05,Delivered,Delivered
O53344,C10942,P20293,2025-12-14,1,25,399,299.25,Delivered,Delivered
O53345,C10162,P20204,2025-11-11,1,15,799,679.15,Delivered,Delivered
O53346,C10869,P20282,2025-01-13,1,15,2999,2549.15,Delivered,Delivered
O53347,C10852,P20189,2025-01-12,2,15,598,508.3,Delivered,Delivered
O53348,C10061,P20084,2025-02-19,1,10,2499,2249.1,Delivered,Delayed
O53349,C10125,P20180,2025-11-09,2,15,3198,2718.3,Delivered,Delivered
O53350,C10456,P20274,2025-09-06,2,10,1998,1798.2,Processing,Not Applicable
O53351,C10071,P20181,2025-04-29,2,0,3998,3998.0,Delivered,Delivered
O53352,C10838,P20181,2025-02-26,2,15,3998,3398.3,Delivered,Delivered
O53353,C10907,P20283,2025-07-01,2,0,1598,1598.0,Processing,Not Applicable
O53354,C10876,P20287,2025-09-21,2,5,998,948.1,Delivered,Delayed
O53355,C10466,P20106,2025-04-16,1,20,299,239.2,Cancelled,Not Applicable
O53356,C10243,P20129,2025-07-10,1,15,799,679.15,Delivered,Delivered
O53357,C10490,P20262,2025-05-17,1,15,499,424.15,Delivered,Delivered
O53358,C10761,P20011,2025-07-07,2,10,3998,3598.2,Delivered,Delivered
O53359,C10221,P20162,2025-04-30,1,10,999,899.1,Delivered,Delivered
O53360,C10473,P20181,2025-08-30,1,20,1999,1599.2,Cancelled,Not Applicable
O53361,C10959,P20213,2025-11-15,3,20,1797,1437.6,Delivered,Delivered
O53362,C10533,P20274,2025-03-13,2,15,1998,1698.3,Delivered,Delivered
O53363,C10494,P20021,2025-08-31,1,30,999,699.3,Delivered,Delayed
O53364,C10899,P20275,2025-05-11,1,30,599,419.3,Delivered,Delivered
O53365,C10082,P20260,2025-09-26,2,10,3198,2878.2,Delivered,Delivered
O53366,C10856,P20116,2025-02-21,1,20,299,239.2,Delivered,Delivered
O53367,C10879,P20025,2025-03-03,2,15,1598,1358.3,Delivered,Delivered
O53368,C10998,P20254,2025-04-29,2,15,2598,2208.3,Delivered,Delivered
O53369,C10522,P20211,2025-12-31,2,0,3998,3998.0,Delivered,Delivered
O53370,C10923,P20257,2025-09-21,2,15,598,508.3,Delivered,Delivered
O53371,C10012,P20168,2025-08-27,2,25,1998,1498.5,Delivered,Delivered
O53372,C10263,P20021,2025-12-17,3,20,2997,2397.6,Cancelled,Not Applicable
O53373,C10657,P20086,2025-09-12,1,20,999,799.2,Delivered,Delivered
O53374,C10449,P20015,2025-06-22,3,5,1497,1422.15,Delivered,Delivered
O53375,C10192,P20050,2025-11-05,1,10,299,269.1,Delivered,Delivered
O53376,C10762,P20196,2025-08-25,1,5,299,284.05,Cancelled,Not Applicable
O53377,C10114,P20288,2025-11-15,2,10,798,718.2,Delivered,Delivered
O53378,C10026,P20245,2025-04-05,1,15,599,509.15,Delivered,Delivered
O53379,C10783,P20201,2025-12-03,1,10,299,269.1,Cancelled,Not Applicable
O53380,C10499,P20193,2025-02-26,1,15,799,679.15,Delivered,Delivered
O53381,C10508,P20146,2025-03-08,3,10,7497,6747.3,Delivered,Delivered
O53382,C10545,P20127,2025-02-15,1,10,599,539.1,Delivered,Delivered
O53383,C10062,P20175,2025-04-04,1,0,999,999.0,Delivered,Delivered
O53384,C10229,P20134,2025-05-18,3,25,4797,3597.75,Delivered,Delivered
O53385,C10815,P20066,2025-04-03,2,0,3998,3998.0,Delivered,Delivered
O53386,C10607,P20279,2025-08-20,1,0,1599,1599.0,Delivered,Delivered
O53387,C10035,P20246,2025-02-18,2,20,998,798.4,Delivered,Delivered
O53388,C10705,P20237,2025-01-23,2,30,3198,2238.6,Cancelled,Not Applicable
O53389,C10456,P20171,2025-03-03,1,20,799,639.2,Delivered,Delivered
O53390,C10588,P20051,2025-09-24,1,0,1999,1999.0,Delivered,Delayed
O53391,C10891,P20153,2025-11-25,1,5,1599,1519.05,Cancelled,Not Applicable
O53392,C10502,P20080,2025-04-28,1,30,399,279.3,Delivered,Delayed
O53393,C10761,P20145,2025-03-29,1,20,799,639.2,Delivered,Delivered
O53394,C10595,P20274,2025-03-30,3,15,2997,2547.45,Delivered,Delivered
O53395,C10025,P20155,2025-02-24,1,5,599,569.05,Delivered,Delivered
O53396,C10569,P20143,2025-06-02,1,0,599,599.0,Delivered,Delivered
O53397,C10032,P20298,2025-08-27,3,0,1197,1197.0,Delivered,Delivered
O53398,C10831,P20034,2025-09-22,2,15,1198,1018.3,Delivered,Delivered
O53399,C10012,P20239,2025-09-25,1,0,799,799.0,Delivered,Delivered
O53400,C10319,P20138,2025-04-23,1,30,599,419.3,Delivered,Delivered
O53401,C10845,P20254,2025-06-15,3,5,3897,3702.15,Delivered,Delivered
O53402,C10604,P20005,2025-06-05,1,20,499,399.2,Delivered,Delivered
O53403,C10001,P20176,2025-01-08,2,5,4998,4748.1,Delivered,Delivered
O53404,C10435,P20214,2025-07-21,3,15,2997,2547.45,Delivered,Delayed
O53405,C10838,P20023,2025-08-05,3,0,897,897.0,Processing,Not Applicable
O53406,C10136,P20013,2025-10-19,1,20,999,799.2,Cancelled,Not Applicable
O53407,C10196,P20241,2025-02-19,3,15,4797,4077.45,Delivered,Delivered
O53408,C10133,P20276,2025-04-17,1,0,2499,2499.0,Processing,Not Applicable
O53409,C10985,P20092,2025-01-09,3,20,1197,957.6,Processing,Not Applicable
O53410,C10086,P20108,2025-08-21,1,15,1299,1104.15,Delivered,Delivered
O53411,C10476,P20229,2025-07-07,1,25,499,374.25,Delivered,Delivered
O53412,C10807,P20152,2025-11-19,3,25,8997,6747.75,Cancelled,Not Applicable
O53413,C10791,P20108,2025-11-05,1,25,1299,974.25,Delivered,Delivered
O53414,C10324,P20289,2025-12-04,1,0,2499,2499.0,Delivered,Delivered
O53415,C10180,P20176,2025-04-20,1,0,2499,2499.0,Delivered,Delivered
O53416,C10516,P20286,2025-05-25,1,30,1999,1399.3,Delivered,Delivered
O53417,C10638,P20241,2025-08-16,3,15,4797,4077.45,Delivered,Delivered
O53418,C10175,P20145,2025-11-05,2,5,1598,1518.1,Delivered,Delivered
O53419,C10763,P20014,2025-04-24,2,20,1198,958.4,Delivered,Delivered
O53420,C10021,P20275,2025-03-04,1,5,599,569.05,Delivered,Delivered
O53421,C10997,P20071,2025-10-02,1,20,499,399.2,Cancelled,Not Applicable
O53422,C10952,P20195,2025-05-04,2,20,798,638.4,Delivered,Delivered
O53423,C10105,P20300,2025-03-27,3,20,897,717.6,Delivered,Delivered
O53424,C10578,P20011,2025-03-11,3,10,5997,5397.3,Delivered,Delivered
O53425,C10443,P20106,2025-02-16,2,10,598,538.2,Delivered,Delivered
O53426,C10775,P20258,2025-07-18,1,10,599,539.1,Processing,Not Applicable
O53427,C10049,P20196,2025-12-30,2,15,598,508.3,Delivered,Delivered
O53428,C10528,P20145,2025-07-20,1,5,799,759.05,Delivered,Delivered
O53429,C10145,P20220,2025-10-03,2,10,3198,2878.2,Delivered,Delivered
O53430,C10340,P20174,2025-02-06,2,15,798,678.3,Delivered,Delivered
O53431,C10762,P20216,2025-07-22,1,15,799,679.15,Delivered,Delivered
O53432,C10855,P20093,2025-05-10,1,20,2499,1999.2,Delivered,Delivered
O53433,C10354,P20260,2025-10-19,1,15,1599,1359.15,Delivered,Delivered
O53434,C10075,P20063,2025-03-05,1,5,799,759.05,Delivered,Delivered
O53435,C10802,P20029,2025-09-20,1,15,399,339.15,Cancelled,Not Applicable
O53436,C10929,P20275,2025-04-30,2,20,1198,958.4,Delivered,Delayed
O53437,C10794,P20285,2025-10-05,1,10,1299,1169.1,Delivered,Delayed
O53438,C10578,P20070,2025-07-21,3,15,8997,7647.45,Delivered,Delayed
O53439,C10637,P20279,2025-02-15,2,0,3198,3198.0,Delivered,Delivered
O53440,C10319,P20231,2025-06-17,1,10,399,359.1,Delivered,Delivered
O53441,C10087,P20255,2025-04-20,3,25,8997,6747.75,Processing,Not Applicable
O53442,C10553,P20172,2025-02-15,3,25,1497,1122.75,Delivered,Delivered
O53443,C10982,P20180,2025-07-31,1,15,1599,1359.15,Delivered,Delivered
O53444,C10698,P20264,2025-01-28,3,20,7497,5997.6,Delivered,Delivered
O53445,C10866,P20183,2025-03-28,1,25,999,749.25,Delivered,Delivered
O53446,C10892,P20205,2025-10-18,3,30,7497,5247.9,Delivered,Delayed
O53447,C10847,P20249,2025-06-06,3,15,4797,4077.45,Delivered,Delivered
O53448,C10778,P20213,2025-09-22,2,15,1198,1018.3,Delivered,Delivered
O53449,C10783,P20159,2025-09-22,1,10,2499,2249.1,Delivered,Delivered
O53450,C10042,P20100,2025-01-22,1,0,599,599.0,Delivered,Delivered
O53451,C10093,P20112,2025-09-13,1,10,1599,1439.1,Delivered,Delayed
O53452,C10697,P20166,2025-07-10,1,20,1999,1599.2,Delivered,Delivered
O53453,C10727,P20036,2025-08-20,1,20,499,399.2,Delivered,Delivered
O53454,C10507,P20112,2025-07-05,2,25,3198,2398.5,Delivered,Delayed
O53455,C10529,P20087,2025-11-22,3,0,5997,5997.0,Delivered,Delivered
O53456,C10956,P20183,2025-07-02,1,15,999,849.15,Delivered,Delivered
O53457,C10265,P20085,2025-07-21,1,0,499,499.0,Delivered,Delivered
O53458,C10626,P20269,2025-03-06,1,5,799,759.05,Delivered,Delivered
O53459,C10292,P20165,2025-02-12,2,25,798,598.5,Delivered,Delivered
O53460,C10969,P20090,2025-08-09,1,15,299,254.15,Delivered,Delivered
O53461,C10464,P20238,2025-01-17,1,20,1999,1599.2,Delivered,Delayed
O53462,C10804,P20022,2025-11-20,3,0,1797,1797.0,Cancelled,Not Applicable
O53463,C10560,P20167,2025-10-12,3,10,8997,8097.3,Delivered,Delivered
O53464,C10819,P20215,2025-07-02,2,15,1598,1358.3,Processing,Not Applicable
O53465,C10097,P20058,2025-02-13,1,0,299,299.0,Delivered,Delivered
O53466,C10887,P20030,2025-07-07,1,10,299,269.1,Delivered,Delayed
O53467,C10095,P20106,2025-09-20,1,0,299,299.0,Delivered,Delivered
O53468,C10326,P20167,2025-06-23,1,15,2999,2549.15,Delivered,Delivered
O53469,C10074,P20154,2025-02-23,1,30,999,699.3,Delivered,Delivered
O53470,C10336,P20007,2025-08-08,1,20,1299,1039.2,Delivered,Delivered
O53471,C10068,P20197,2025-02-15,2,30,4998,3498.6,Delivered,Delivered
O53472,C10758,P20046,2025-09-17,2,20,798,638.4,Delivered,Delivered
O53473,C10918,P20018,2025-07-14,2,25,3998,2998.5,Cancelled,Not Applicable
O53474,C10077,P20153,2025-12-13,2,15,3198,2718.3,Delivered,Delivered
O53475,C10208,P20264,2025-03-02,1,15,2499,2124.15,Delivered,Delivered
O53476,C10884,P20074,2025-06-15,1,10,499,449.1,Cancelled,Not Applicable
O53477,C10766,P20145,2025-06-09,1,20,799,639.2,Delivered,Delivered
O53478,C10221,P20102,2025-05-31,3,5,8997,8547.15,Delivered,Delayed
O53479,C10262,P20121,2025-04-21,3,0,3897,3897.0,Delivered,Delivered
O53480,C10410,P20176,2025-02-06,1,25,2499,1874.25,Delivered,Delivered
O53481,C10331,P20063,2025-01-03,1,0,799,799.0,Delivered,Delivered
O53482,C10344,P20296,2025-01-13,2,30,3198,2238.6,Delivered,Delivered
O53483,C10989,P20084,2025-06-11,1,20,2499,1999.2,Delivered,Delivered
O53484,C10771,P20015,2025-12-10,1,10,499,449.1,Delivered,Delivered
O53485,C10820,P20134,2025-11-28,1,20,1599,1279.2,Delivered,Delivered
O53486,C10074,P20121,2025-09-21,3,20,3897,3117.6,Delivered,Delivered
O53487,C10637,P20128,2025-03-24,3,5,2997,2847.15,Delivered,Delivered
O53488,C10700,P20288,2025-09-22,1,20,399,319.2,Delivered,Delivered
O53489,C10254,P20180,2025-11-30,2,20,3198,2558.4,Delivered,Delivered
O53490,C10959,P20082,2025-08-07,3,5,4797,4557.15,Delivered,Delivered
O53491,C10833,P20013,2025-05-26,1,0,999,999.0,Delivered,Delivered
O53492,C10820,P20024,2025-10-25,2,5,798,758.1,Delivered,Delivered
O53493,C10747,P20168,2025-10-24,3,5,2997,2847.15,Cancelled,Not Applicable
O53494,C10986,P20270,2025-06-10,2,0,1998,1998.0,Delivered,Delivered
O53495,C10762,P20070,2025-08-17,1,20,2999,2399.2,Delivered,Delivered
O53496,C10332,P20089,2025-08-22,1,10,599,539.1,Processing,Not Applicable
O53497,C10398,P20189,2025-03-30,2,25,598,448.5,Delivered,Delivered
O53498,C10345,P20257,2025-11-29,2,5,598,568.1,Delivered,Delivered
O53499,C10584,P20217,2025-11-06,1,10,2999,2699.1,Delivered,Delivered
O53500,C10747,P20032,2025-08-03,3,15,897,762.45,Delivered,Delivered
O53501,C10836,P20141,2025-04-07,3,25,3897,2922.75,Delivered,Delayed
O53502,C10668,P20161,2025-08-01,1,15,1299,1104.15,Delivered,Delivered
O53503,C10455,P20032,2025-12-20,1,10,299,269.1,Delivered,Delivered
O53504,C10906,P20152,2025-11-08,3,25,8997,6747.75,Delivered,Delivered
O53505,C10115,P20260,2025-04-10,2,10,3198,2878.2,Delivered,Delivered
O53506,C10313,P20216,2025-05-25,2,0,1598,1598.0,Delivered,Delivered
O53507,C10228,P20279,2025-01-10,2,10,3198,2878.2,Delivered,Delivered
O53508,C10834,P20285,2025-02-13,3,20,3897,3117.6,Delivered,Delivered
O53509,C10858,P20098,2025-09-08,1,0,1999,1999.0,Delivered,Delivered
O53510,C10245,P20030,2025-08-15,2,15,598,508.3,Processing,Not Applicable
O53511,C10818,P20090,2025-09-06,1,15,299,254.15,Delivered,Delivered
O53512,C10526,P20148,2025-06-18,1,25,999,749.25,Delivered,Delivered
O53513,C10528,P20144,2025-05-10,1,10,999,899.1,Delivered,Delivered
O53514,C10950,P20067,2025-01-19,1,10,399,359.1,Delivered,Delivered
O53515,C10427,P20058,2025-12-02,2,10,598,538.2,Delivered,Delivered
O53516,C10042,P20281,2025-08-23,1,10,1299,1169.1,Delivered,Delivered
O53517,C10465,P20279,2025-12-11,1,20,1599,1279.2,Delivered,Delivered
O53518,C10622,P20236,2025-01-01,2,15,4998,4248.3,Delivered,Delivered
O53519,C10278,P20128,2025-05-10,3,20,2997,2397.6,Cancelled,Not Applicable
O53520,C10836,P20209,2025-01-27,3,20,1797,1437.6,Delivered,Delayed
O53521,C10019,P20186,2025-01-02,2,25,798,598.5,Delivered,Delivered
O53522,C10066,P20169,2025-09-07,2,10,3998,3598.2,Delivered,Delivered
O53523,C10167,P20172,2025-08-10,3,30,1497,1047.9,Delivered,Delivered
O53524,C10585,P20260,2025-05-18,1,5,1599,1519.05,Delivered,Delivered
O53525,C10403,P20205,2025-10-02,2,20,4998,3998.4,Delivered,Delayed
O53526,C10912,P20135,2025-05-21,2,15,3998,3398.3,Delivered,Delivered
O53527,C10822,P20046,2025-09-13,2,20,798,638.4,Delivered,Delivered
O53528,C10409,P20009,2025-11-08,2,15,998,848.3,Delivered,Delivered
O53529,C10112,P20161,2025-04-05,1,20,1299,1039.2,Delivered,Delivered
O53530,C10274,P20289,2025-06-22,1,25,2499,1874.25,Delivered,Delivered
O53531,C10407,P20106,2025-02-26,2,20,598,478.4,Delivered,Delivered
O53532,C10373,P20290,2025-04-12,1,20,2499,1999.2,Cancelled,Not Applicable
O53533,C10597,P20088,2025-06-18,1,0,599,599.0,Delivered,Delivered
O53534,C10651,P20192,2025-03-11,1,5,499,474.05,Delivered,Delivered
O53535,C10039,P20153,2025-12-04,3,30,4797,3357.9,Delivered,Delivered
O53536,C10105,P20137,2025-02-18,1,20,1999,1599.2,Delivered,Delivered
O53537,C10324,P20273,2025-12-13,2,15,1598,1358.3,Delivered,Delivered
O53538,C10793,P20149,2025-01-05,3,10,1497,1347.3,Delivered,Delivered
O53539,C10959,P20188,2025-07-21,3,0,7497,7497.0,Delivered,Delivered
O53540,C10992,P20141,2025-07-21,1,10,1299,1169.1,Delivered,Delivered
O53541,C10414,P20131,2025-06-28,2,15,1598,1358.3,Cancelled,Not Applicable
O53542,C10429,P20004,2025-02-26,2,5,998,948.1,Delivered,Delivered
O53543,C10635,P20263,2025-07-05,1,5,399,379.05,Delivered,Delivered
O53544,C10730,P20026,2025-04-02,2,15,1998,1698.3,Delivered,Delivered
O53545,C10889,P20024,2025-10-19,1,15,399,339.15,Delivered,Delivered
O53546,C10061,P20266,2025-08-15,1,5,399,379.05,Delivered,Delivered
O53547,C10612,P20229,2025-04-22,2,15,998,848.3,Delivered,Delivered
O53548,C10307,P20269,2025-05-28,2,25,1598,1198.5,Delivered,Delivered
O53549,C10354,P20125,2025-09-26,2,15,598,508.3,Delivered,Delivered
O53550,C10393,P20172,2025-07-22,1,25,499,374.25,Delivered,Delivered
O53551,C10204,P20234,2025-12-31,2,25,798,598.5,Delivered,Delivered
O53552,C10258,P20295,2025-12-14,2,0,5998,5998.0,Delivered,Delivered
O53553,C10486,P20275,2025-12-24,1,0,599,599.0,Delivered,Delivered
O53554,C10517,P20076,2025-02-25,2,15,4998,4248.3,Delivered,Delivered
O53555,C10446,P20214,2025-10-28,1,15,999,849.15,Delivered,Delivered
O53556,C10709,P20158,2025-11-12,1,10,499,449.1,Delivered,Delivered
O53557,C10180,P20204,2025-07-04,2,10,1598,1438.2,Delivered,Delivered
O53558,C10342,P20149,2025-02-23,1,15,499,424.15,Delivered,Delivered
O53559,C10133,P20075,2025-02-06,2,0,1998,1998.0,Delivered,Delayed
O53560,C10443,P20229,2025-07-30,2,30,998,698.6,Delivered,Delivered
O53561,C10836,P20062,2025-10-20,3,5,4797,4557.15,Processing,Not Applicable
O53562,C10253,P20058,2025-09-27,2,25,598,448.5,Delivered,Delivered
O53563,C10265,P20274,2025-12-17,2,0,1998,1998.0,Delivered,Delivered
O53564,C10093,P20108,2025-08-08,2,5,2598,2468.1,Delivered,Delayed
O53565,C10662,P20187,2025-08-16,2,5,3998,3798.1,Delivered,Delivered
O53566,C10411,P20229,2025-12-24,1,30,499,349.3,Delivered,Delivered
O53567,C10138,P20048,2025-07-30,3,0,3897,3897.0,Delivered,Delivered
O53568,C10208,P20268,2025-10-25,1,15,299,254.15,Delivered,Delivered
O53569,C10637,P20215,2025-01-01,1,25,799,599.25,Delivered,Delivered
O53570,C10746,P20290,2025-01-23,1,15,2499,2124.15,Delivered,Delivered
O53571,C10573,P20254,2025-10-11,1,10,1299,1169.1,Cancelled,Not Applicable
O53572,C10307,P20087,2025-07-07,2,30,3998,2798.6,Delivered,Delivered
O53573,C10266,P20181,2025-01-18,1,25,1999,1499.25,Delivered,Delivered
O53574,C10646,P20025,2025-02-18,1,10,799,719.1,Delivered,Delivered
O53575,C10318,P20222,2025-02-16,1,15,499,424.15,Delivered,Delivered
O53576,C10113,P20049,2025-04-25,1,30,599,419.3,Delivered,Delivered
O53577,C10901,P20175,2025-02-08,2,30,1998,1398.6,Delivered,Delivered
O53578,C10378,P20274,2025-08-05,2,10,1998,1798.2,Delivered,Delivered
O53579,C10454,P20035,2025-07-29,2,20,3998,3198.4,Delivered,Delivered
O53580,C10191,P20217,2025-09-19,2,10,5998,5398.2,Delivered,Delivered
O53581,C10891,P20209,2025-07-30,1,10,599,539.1,Delivered,Delivered
O53582,C10440,P20160,2025-02-22,2,5,798,758.1,Delivered,Delivered
O53583,C10187,P20007,2025-10-08,2,5,2598,2468.1,Delivered,Delivered
O53584,C10831,P20269,2025-12-21,1,15,799,679.15,Delivered,Delivered
O53585,C10367,P20126,2025-11-17,1,15,299,254.15,Delivered,Delivered
O53586,C10089,P20090,2025-05-13,2,5,598,568.1,Delivered,Delivered
O53587,C10187,P20042,2025-09-21,3,10,1797,1617.3,Delivered,Delayed
O53588,C10819,P20159,2025-10-22,2,10,4998,4498.2,Delivered,Delivered
O53589,C10946,P20202,2025-04-21,1,30,2499,1749.3,Delivered,Delivered
O53590,C10132,P20282,2025-02-12,3,25,8997,6747.75,Delivered,Delivered
O53591,C10872,P20288,2025-12-04,1,10,399,359.1,Delivered,Delivered
O53592,C10635,P20091,2025-08-26,1,25,1599,1199.25,Delivered,Delivered
O53593,C10560,P20125,2025-09-04,2,10,598,538.2,Delivered,Delivered
O53594,C10800,P20126,2025-01-04,1,15,299,254.15,Processing,Not Applicable
O53595,C10376,P20052,2025-12-30,1,30,599,419.3,Delivered,Delivered
O53596,C10691,P20103,2025-12-15,1,10,2499,2249.1,Delivered,Delivered
O53597,C10692,P20187,2025-12-16,2,15,3998,3398.3,Delivered,Delivered
O53598,C10099,P20205,2025-11-08,2,10,4998,4498.2,Delivered,Delivered
O53599,C10842,P20014,2025-06-22,1,5,599,569.05,Delivered,Delivered
O53600,C10034,P20104,2025-07-12,3,15,1797,1527.45,Delivered,Delivered
O53601,C10932,P20117,2025-01-03,2,30,1198,838.6,Delivered,Delivered
O53602,C10582,P20093,2025-10-05,1,10,2499,2249.1,Delivered,Delivered
O53603,C10171,P20144,2025-02-25,2,25,1998,1498.5,Delivered,Delivered
O53604,C10366,P20110,2025-10-01,1,25,1999,1499.25,Delivered,Delivered
O53605,C10784,P20163,2025-06-25,2,5,3198,3038.1,Delivered,Delivered
O53606,C10059,P20053,2025-04-26,2,10,4998,4498.2,Delivered,Delivered
O53607,C10181,P20003,2025-03-25,2,15,998,848.3,Delivered,Delivered
O53608,C10019,P20068,2025-06-08,2,15,3198,2718.3,Delivered,Delivered
O53609,C10226,P20246,2025-10-13,1,0,499,499.0,Delivered,Delivered
O53610,C10473,P20138,2025-03-21,1,30,599,419.3,Delivered,Delivered
O53611,C10095,P20287,2025-03-07,2,20,998,798.4,Cancelled,Not Applicable
O53612,C10881,P20066,2025-07-28,3,10,5997,5397.3,Delivered,Delivered
O53613,C10297,P20155,2025-01-10,1,15,599,509.15,Delivered,Delivered
O53614,C10593,P20087,2025-07-18,1,0,1999,1999.0,Delivered,Delivered
O53615,C10175,P20033,2025-02-28,1,15,1999,1699.15,Delivered,Delivered
O53616,C10222,P20068,2025-08-22,2,25,3198,2398.5,Delivered,Delayed
O53617,C10615,P20187,2025-11-03,3,25,5997,4497.75,Delivered,Delivered
O53618,C10054,P20192,2025-09-01,2,10,998,898.2,Delivered,Delivered
O53619,C10695,P20213,2025-02-23,2,15,1198,1018.3,Delivered,Delivered
O53620,C10863,P20088,2025-12-03,2,20,1198,958.4,Delivered,Delivered
O53621,C10403,P20108,2025-01-09,2,10,2598,2338.2,Delivered,Delivered
O53622,C10318,P20240,2025-04-11,1,0,299,299.0,Delivered,Delivered
O53623,C10867,P20216,2025-10-22,2,15,1598,1358.3,Delivered,Delivered
O53624,C10349,P20177,2025-07-22,2,15,5998,5098.3,Delivered,Delivered
O53625,C10443,P20053,2025-06-02,1,0,2499,2499.0,Delivered,Delivered
O53626,C10833,P20049,2025-04-20,2,0,1198,1198.0,Delivered,Delivered
O53627,C10580,P20114,2025-11-18,1,5,1599,1519.05,Delivered,Delivered
O53628,C10540,P20095,2025-09-23,2,10,4998,4498.2,Delivered,Delayed
O53629,C10786,P20025,2025-06-01,2,15,1598,1358.3,Delivered,Delayed
O53630,C10282,P20132,2025-03-24,1,10,1599,1439.1,Delivered,Delivered
O53631,C10360,P20179,2025-05-14,1,10,999,899.1,Delivered,Delivered
O53632,C10915,P20145,2025-11-22,2,25,1598,1198.5,Delivered,Delivered
O53633,C10823,P20198,2025-06-09,2,0,1198,1198.0,Delivered,Delivered
O53634,C10631,P20084,2025-02-08,2,15,4998,4248.3,Processing,Not Applicable
O53635,C10892,P20157,2025-06-25,1,30,1999,1399.3,Delivered,Delivered
O53636,C10953,P20085,2025-01-13,3,15,1497,1272.45,Delivered,Delivered
O53637,C10646,P20253,2025-11-11,2,20,2598,2078.4,Delivered,Delivered
O53638,C10641,P20072,2025-03-08,2,10,798,718.2,Delivered,Delivered
O53639,C10008,P20223,2025-09-05,2,0,998,998.0,Delivered,Delivered
O53640,C10993,P20276,2025-02-10,3,15,7497,6372.45,Delivered,Delivered
O53641,C10563,P20283,2025-07-03,2,15,1598,1358.3,Delivered,Delivered
O53642,C10491,P20264,2025-02-04,3,0,7497,7497.0,Cancelled,Not Applicable
O53643,C10341,P20246,2025-12-03,3,10,1497,1347.3,Delivered,Delayed
O53644,C10472,P20061,2025-10-17,2,25,998,748.5,Delivered,Delivered
O53645,C10793,P20259,2025-03-17,2,5,4998,4748.1,Delivered,Delivered
O53646,C10687,P20007,2025-03-11,1,10,1299,1169.1,Delivered,Delivered
O53647,C10695,P20188,2025-08-22,3,10,7497,6747.3,Delivered,Delivered
O53648,C10704,P20004,2025-01-11,1,20,499,399.2,Delivered,Delivered
O53649,C10249,P20231,2025-10-10,3,20,1197,957.6,Delivered,Delivered
O53650,C10235,P20133,2025-10-31,1,20,499,399.2,Delivered,Delivered
O53651,C10083,P20125,2025-01-24,2,10,598,538.2,Delivered,Delivered
O53652,C10093,P20015,2025-10-01,2,0,998,998.0,Delivered,Delivered
O53653,C10885,P20013,2025-01-27,1,10,999,899.1,Delivered,Delivered
O53654,C10394,P20118,2025-02-23,2,15,1598,1358.3,Delivered,Delivered
O53655,C10824,P20240,2025-02-24,1,20,299,239.2,Delivered,Delivered
O53656,C10268,P20263,2025-08-21,1,30,399,279.3,Delivered,Delivered
O53657,C10417,P20006,2025-10-04,1,10,499,449.1,Cancelled,Not Applicable
O53658,C10632,P20231,2025-04-30,1,15,399,339.15,Delivered,Delivered
O53659,C10583,P20030,2025-08-13,2,15,598,508.3,Delivered,Delivered
O53660,C10529,P20022,2025-02-27,2,5,1198,1138.1,Delivered,Delivered
O53661,C10253,P20156,2025-09-12,3,10,1497,1347.3,Delivered,Delivered
O53662,C10957,P20118,2025-06-25,2,15,1598,1358.3,Delivered,Delivered
O53663,C10122,P20193,2025-02-23,3,30,2397,1677.9,Delivered,Delivered
O53664,C10892,P20195,2025-05-26,2,10,798,718.2,Delivered,Delivered
O53665,C10010,P20168,2025-09-16,2,30,1998,1398.6,Delivered,Delivered
O53666,C10799,P20239,2025-06-01,3,15,2397,2037.45,Delivered,Delivered
O53667,C10316,P20244,2025-09-19,1,5,2499,2374.05,Delivered,Delivered
O53668,C10838,P20069,2025-01-19,1,5,1999,1899.05,Delivered,Delivered
O53669,C10273,P20095,2025-12-08,1,0,2499,2499.0,Delivered,Delivered
O53670,C10306,P20077,2025-06-20,2,10,2598,2338.2,Delivered,Delivered
O53671,C10805,P20171,2025-07-16,3,0,2397,2397.0,Delivered,Delivered
O53672,C10210,P20001,2025-03-14,2,10,2598,2338.2,Delivered,Delivered
O53673,C10958,P20062,2025-10-30,1,30,1599,1119.3,Delivered,Delivered
O53674,C10730,P20207,2025-03-26,1,15,399,339.15,Delivered,Delivered
O53675,C10753,P20154,2025-10-11,1,20,999,799.2,Delivered,Delivered
O53676,C10886,P20274,2025-10-29,1,0,999,999.0,Delivered,Delivered
O53677,C10464,P20048,2025-05-12,1,15,1299,1104.15,Delivered,Delivered
O53678,C10712,P20137,2025-04-30,1,10,1999,1799.1,Delivered,Delivered
O53679,C10728,P20001,2025-08-04,1,25,1299,974.25,Delivered,Delivered
O53680,C10717,P20235,2025-05-16,2,5,1198,1138.1,Delivered,Delivered
O53681,C10925,P20256,2025-04-26,1,10,1599,1439.1,Delivered,Delivered
O53682,C10416,P20107,2025-03-02,2,15,998,848.3,Delivered,Delivered
O53683,C10216,P20173,2025-01-17,2,15,998,848.3,Cancelled,Not Applicable
O53684,C10080,P20130,2025-02-03,3,20,3897,3117.6,Delivered,Delivered
O53685,C10779,P20294,2025-01-20,1,5,1599,1519.05,Delivered,Delivered
O53686,C10480,P20040,2025-07-27,1,10,999,899.1,Delivered,Delivered
O53687,C10902,P20016,2025-06-11,1,20,299,239.2,Delivered,Delivered
O53688,C10891,P20127,2025-10-26,3,15,1797,1527.45,Delivered,Delayed
O53689,C10547,P20203,2025-01-10,1,10,799,719.1,Cancelled,Not Applicable
O53690,C10801,P20134,2025-04-04,3,0,4797,4797.0,Delivered,Delivered
O53691,C10018,P20259,2025-04-17,1,20,2499,1999.2,Delivered,Delivered
O53692,C10165,P20014,2025-04-15,2,30,1198,838.6,Delivered,Delivered
O53693,C10525,P20066,2025-03-12,2,15,3998,3398.3,Delivered,Delivered
O53694,C10202,P20195,2025-03-25,2,25,798,598.5,Delivered,Delivered
O53695,C10741,P20114,2025-07-28,2,15,3198,2718.3,Delivered,Delivered
O53696,C10346,P20159,2025-09-16,3,5,7497,7122.15,Processing,Not Applicable
O53697,C10366,P20161,2025-08-27,1,0,1299,1299.0,Delivered,Delivered
O53698,C10977,P20254,2025-10-29,3,15,3897,3312.45,Delivered,Delayed
O53699,C10448,P20015,2025-08-20,2,15,998,848.3,Delivered,Delivered
O53700,C10513,P20037,2025-10-09,2,20,598,478.4,Delivered,Delivered
O53701,C10319,P20155,2025-07-25,1,20,599,479.2,Delivered,Delivered
O53702,C10217,P20027,2025-09-21,2,30,598,418.6,Delivered,Delivered
O53703,C10034,P20012,2025-11-07,1,15,2999,2549.15,Processing,Not Applicable
O53704,C10871,P20067,2025-12-13,1,10,399,359.1,Delivered,Delivered
O53705,C10266,P20030,2025-07-04,1,10,299,269.1,Delivered,Delivered
O53706,C10640,P20096,2025-04-24,1,15,399,339.15,Delivered,Delivered
O53707,C10724,P20215,2025-03-20,1,25,799,599.25,Cancelled,Not Applicable
O53708,C10775,P20194,2025-12-23,1,0,399,399.0,Delivered,Delivered
O53709,C10824,P20135,2025-12-08,2,30,3998,2798.6,Delivered,Delivered
O53710,C10080,P20290,2025-10-28,2,30,4998,3498.6,Delivered,Delivered
O53711,C10677,P20032,2025-02-19,2,15,598,508.3,Delivered,Delivered
O53712,C10413,P20039,2025-11-16,2,10,598,538.2,Delivered,Delivered
O53713,C10252,P20206,2025-04-05,2,5,798,758.1,Delivered,Delivered
O53714,C10012,P20043,2025-09-15,2,10,1998,1798.2,Delivered,Delivered
O53715,C10401,P20259,2025-12-17,1,0,2499,2499.0,Delivered,Delivered
O53716,C10816,P20249,2025-03-03,2,15,3198,2718.3,Delivered,Delivered
O53717,C10724,P20074,2025-05-22,2,0,998,998.0,Delivered,Delivered
O53718,C10282,P20296,2025-11-26,2,20,3198,2558.4,Delivered,Delivered
O53719,C10112,P20274,2025-08-10,1,10,999,899.1,Delivered,Delivered
O53720,C10723,P20190,2025-12-22,3,5,3897,3702.15,Delivered,Delayed
O53721,C10378,P20138,2025-04-21,2,15,1198,1018.3,Delivered,Delivered
O53722,C10751,P20282,2025-04-14,1,30,2999,2099.3,Delivered,Delivered
O53723,C10268,P20166,2025-01-15,2,20,3998,3198.4,Delivered,Delivered
O53724,C10917,P20278,2025-09-27,2,15,2598,2208.3,Delivered,Delivered
O53725,C10298,P20026,2025-06-08,1,20,999,799.2,Delivered,Delivered
O53726,C10317,P20073,2025-06-06,3,20,1797,1437.6,Processing,Not Applicable
O53727,C10570,P20115,2025-01-27,2,25,5998,4498.5,Processing,Not Applicable
O53728,C10509,P20051,2025-03-26,3,5,5997,5697.15,Delivered,Delivered
O53729,C10950,P20171,2025-01-09,1,25,799,599.25,Delivered,Delivered
O53730,C10546,P20268,2025-10-03,2,10,598,538.2,Delivered,Delivered
O53731,C10775,P20003,2025-08-15,3,25,1497,1122.75,Delivered,Delivered
O53732,C10365,P20210,2025-07-05,3,10,1797,1617.3,Delivered,Delivered
O53733,C10547,P20115,2025-03-20,2,25,5998,4498.5,Delivered,Delivered
O53734,C10271,P20167,2025-08-04,2,30,5998,4198.6,Delivered,Delivered
O53735,C10961,P20265,2025-02-26,2,0,4998,4998.0,Delivered,Delivered
O53736,C10474,P20227,2025-05-24,1,30,999,699.3,Delivered,Delivered
O53737,C10739,P20151,2025-12-22,2,0,4998,4998.0,Delivered,Delivered
O53738,C10537,P20268,2025-11-27,1,5,299,284.05,Delivered,Delayed
O53739,C10234,P20116,2025-03-08,1,10,299,269.1,Delivered,Delivered
O53740,C10059,P20088,2025-10-02,1,30,599,419.3,Delivered,Delivered
O53741,C10251,P20242,2025-04-15,1,15,1599,1359.15,Delivered,Delivered
O53742,C10847,P20040,2025-07-07,2,15,1998,1698.3,Delivered,Delivered
O53743,C10086,P20182,2025-06-13,1,20,599,479.2,Delivered,Delivered
O53744,C10763,P20209,2025-09-24,1,30,599,419.3,Delivered,Delivered
O53745,C10390,P20273,2025-02-20,2,20,1598,1278.4,Delivered,Delivered
O53746,C10180,P20119,2025-05-06,1,5,399,379.05,Processing,Not Applicable
O53747,C10719,P20024,2025-03-21,2,10,798,718.2,Delivered,Delivered
O53748,C10856,P20258,2025-07-02,3,0,1797,1797.0,Delivered,Delivered
O53749,C10149,P20092,2025-11-06,3,15,1197,1017.45,Delivered,Delivered
O53750,C10583,P20161,2025-01-17,2,5,2598,2468.1,Delivered,Delivered
O53751,C10121,P20149,2025-06-19,1,5,499,474.05,Delivered,Delivered
O53752,C10765,P20117,2025-10-07,3,25,1797,1347.75,Delivered,Delivered
O53753,C10605,P20053,2025-10-31,3,10,7497,6747.3,Delivered,Delivered
O53754,C10256,P20045,2025-12-06,1,15,2499,2124.15,Delivered,Delayed
O53755,C10766,P20265,2025-08-02,2,10,4998,4498.2,Delivered,Delivered
O53756,C10864,P20262,2025-07-17,1,0,499,499.0,Delivered,Delivered
O53757,C10800,P20234,2025-01-07,1,10,399,359.1,Delivered,Delivered
O53758,C10309,P20035,2025-01-11,1,10,1999,1799.1,Delivered,Delivered
O53759,C10059,P20197,2025-01-12,2,25,4998,3748.5,Delivered,Delivered
O53760,C10069,P20025,2025-04-20,1,10,799,719.1,Delivered,Delivered
O53761,C10446,P20202,2025-05-13,1,10,2499,2249.1,Delivered,Delivered
O53762,C10388,P20273,2025-05-08,2,20,1598,1278.4,Delivered,Delivered
O53763,C10086,P20036,2025-05-28,1,20,499,399.2,Delivered,Delivered
O53764,C10786,P20223,2025-02-23,1,20,499,399.2,Delivered,Delivered
O53765,C10227,P20277,2025-11-07,3,30,1197,837.9,Delivered,Delivered
O53766,C10593,P20018,2025-03-20,1,20,1999,1599.2,Delivered,Delivered
O53767,C10626,P20188,2025-12-12,1,10,2499,2249.1,Delivered,Delivered
O53768,C10184,P20257,2025-04-07,1,20,299,239.2,Delivered,Delivered
O53769,C10792,P20142,2025-09-06,2,15,3198,2718.3,Delivered,Delivered
O53770,C10322,P20136,2025-05-07,1,10,399,359.1,Delivered,Delayed
O53771,C10909,P20079,2025-01-30,2,10,1998,1798.2,Delivered,Delivered
O53772,C10318,P20292,2025-01-24,2,5,798,758.1,Cancelled,Not Applicable
O53773,C10566,P20062,2025-07-20,1,0,1599,1599.0,Delivered,Delayed
O53774,C10399,P20129,2025-05-11,1,5,799,759.05,Delivered,Delivered
O53775,C10709,P20298,2025-05-02,1,0,399,399.0,Delivered,Delivered
O53776,C10899,P20257,2025-12-22,2,25,598,448.5,Delivered,Delivered
O53777,C10293,P20212,2025-11-23,1,25,499,374.25,Delivered,Delivered
O53778,C10293,P20054,2025-05-30,2,15,3998,3398.3,Delivered,Delivered
O53779,C10485,P20175,2025-01-14,1,20,999,799.2,Delivered,Delivered
O53780,C10899,P20100,2025-10-31,1,5,599,569.05,Delivered,Delivered
O53781,C10447,P20039,2025-01-29,2,25,598,448.5,Processing,Not Applicable
O53782,C10803,P20263,2025-02-19,3,15,1197,1017.45,Delivered,Delayed
O53783,C10692,P20150,2025-08-28,1,0,399,399.0,Delivered,Delivered
O53784,C10983,P20121,2025-10-10,1,0,1299,1299.0,Delivered,Delivered
O53785,C10892,P20178,2025-12-01,2,10,2598,2338.2,Delivered,Delayed
O53786,C10412,P20120,2025-12-18,1,0,799,799.0,Delivered,Delivered
O53787,C10508,P20072,2025-06-05,1,10,399,359.1,Delivered,Delivered
O53788,C10734,P20219,2025-05-17,3,0,2997,2997.0,Delivered,Delivered
O53789,C10786,P20123,2025-11-23,2,5,3998,3798.1,Delivered,Delivered
O53790,C10890,P20244,2025-12-02,1,5,2499,2374.05,Delivered,Delivered
O53791,C10244,P20075,2025-06-03,1,30,999,699.3,Cancelled,Not Applicable
O53792,C10420,P20006,2025-03-22,2,5,998,948.1,Delivered,Delivered
O53793,C10929,P20021,2025-03-28,1,5,999,949.05,Delivered,Delivered
O53794,C10960,P20190,2025-09-21,2,15,2598,2208.3,Delivered,Delivered
O53795,C10154,P20225,2025-09-15,1,25,299,224.25,Delivered,Delivered
O53796,C10816,P20103,2025-07-04,2,10,4998,4498.2,Delivered,Delivered
O53797,C10424,P20099,2025-06-29,2,25,798,598.5,Delivered,Delivered
O53798,C10273,P20083,2025-07-05,3,10,2397,2157.3,Delivered,Delivered
O53799,C10936,P20181,2025-05-03,3,5,5997,5697.15,Cancelled,Not Applicable
O53800,C10647,P20152,2025-04-06,1,10,2999,2699.1,Delivered,Delivered
O53801,C10825,P20056,2025-04-03,1,15,399,339.15,Delivered,Delivered
O53802,C10520,P20190,2025-01-03,1,10,1299,1169.1,Delivered,Delivered
O53803,C10128,P20022,2025-01-02,1,15,599,509.15,Delivered,Delivered
O53804,C10373,P20068,2025-11-01,2,5,3198,3038.1,Delivered,Delivered
O53805,C10568,P20185,2025-12-23,1,20,1599,1279.2,Delivered,Delivered
O53806,C10638,P20010,2025-05-28,2,10,3198,2878.2,Delivered,Delivered
O53807,C10159,P20066,2025-10-12,1,10,1999,1799.1,Delivered,Delivered
O53808,C10571,P20264,2025-05-25,2,15,4998,4248.3,Delivered,Delivered
O53809,C10570,P20225,2025-11-26,1,15,299,254.15,Delivered,Delayed
O53810,C10652,P20123,2025-12-27,1,5,1999,1899.05,Delivered,Delivered
O53811,C10176,P20038,2025-09-19,3,20,1197,957.6,Delivered,Delivered
O53812,C10927,P20123,2025-03-03,1,20,1999,1599.2,Delivered,Delivered
O53813,C10620,P20156,2025-08-14,1,5,499,474.05,Delivered,Delivered
O53814,C10211,P20067,2025-01-31,1,30,399,279.3,Delivered,Delivered
O53815,C10447,P20133,2025-07-09,3,15,1497,1272.45,Delivered,Delayed
O53816,C10586,P20140,2025-09-25,1,10,2999,2699.1,Cancelled,Not Applicable
O53817,C10167,P20082,2025-01-12,1,5,1599,1519.05,Delivered,Delivered
O53818,C10460,P20058,2025-07-10,1,15,299,254.15,Cancelled,Not Applicable
O53819,C10916,P20149,2025-01-25,2,5,998,948.1,Delivered,Delivered
O53820,C10357,P20131,2025-04-01,2,10,1598,1438.2,Delivered,Delivered
O53821,C10304,P20069,2025-03-29,1,10,1999,1799.1,Delivered,Delivered
O53822,C10233,P20250,2025-11-28,1,20,2499,1999.2,Delivered,Delivered
O53823,C10327,P20177,2025-10-01,1,5,2999,2849.05,Delivered,Delivered
O53824,C10884,P20072,2025-10-28,1,20,399,319.2,Delivered,Delivered
O53825,C10182,P20017,2025-04-21,1,10,999,899.1,Delivered,Delivered
O53826,C10634,P20160,2025-03-21,3,10,1197,1077.3,Processing,Not Applicable
O53827,C10334,P20070,2025-11-20,2,20,5998,4798.4,Delivered,Delivered
O53828,C10715,P20113,2025-05-20,1,15,1299,1104.15,Delivered,Delivered
O53829,C10967,P20232,2025-08-02,3,10,2997,2697.3,Delivered,Delivered
O53830,C10029,P20021,2025-01-18,2,10,1998,1798.2,Delivered,Delivered
O53831,C10714,P20135,2025-02-23,3,10,5997,5397.3,Delivered,Delivered
O53832,C10093,P20263,2025-04-07,2,15,798,678.3,Delivered,Delivered
O53833,C10841,P20111,2025-10-10,1,10,399,359.1,Cancelled,Not Applicable
O53834,C10868,P20246,2025-08-22,2,20,998,798.4,Delivered,Delivered
O53835,C10688,P20283,2025-08-28,1,15,799,679.15,Delivered,Delivered
O53836,C10330,P20008,2025-11-30,2,0,3998,3998.0,Cancelled,Not Applicable
O53837,C10723,P20284,2025-12-10,2,10,2598,2338.2,Processing,Not Applicable
O53838,C10184,P20207,2025-02-23,2,5,798,758.1,Processing,Not Applicable
O53839,C10095,P20194,2025-03-28,3,10,1197,1077.3,Delivered,Delivered
O53840,C10785,P20047,2025-09-18,1,15,2499,2124.15,Delivered,Delivered
O53841,C10649,P20242,2025-08-24,1,15,1599,1359.15,Delivered,Delivered
O53842,C10749,P20010,2025-05-03,1,20,1599,1279.2,Delivered,Delivered
O53843,C10353,P20289,2025-02-23,1,5,2499,2374.05,Delivered,Delivered
O53844,C10930,P20131,2025-08-04,3,25,2397,1797.75,Delivered,Delivered
O53845,C10941,P20270,2025-07-16,3,10,2997,2697.3,Delivered,Delivered
O53846,C10984,P20061,2025-02-08,1,10,499,449.1,Delivered,Delivered
O53847,C10265,P20164,2025-12-31,2,15,798,678.3,Delivered,Delivered
O53848,C10647,P20013,2025-08-16,2,20,1998,1598.4,Delivered,Delivered
O53849,C10656,P20272,2025-08-25,3,10,2997,2697.3,Delivered,Delivered
O53850,C10019,P20208,2025-05-12,1,20,499,399.2,Cancelled,Not Applicable
O53851,C10743,P20246,2025-11-26,1,25,499,374.25,Delivered,Delivered
O53852,C10646,P20133,2025-11-17,2,20,998,798.4,Delivered,Delivered
O53853,C10626,P20244,2025-06-17,2,0,4998,4998.0,Delivered,Delivered
O53854,C10499,P20294,2025-02-06,3,20,4797,3837.6,Delivered,Delivered
O53855,C10139,P20038,2025-03-08,1,20,399,319.2,Delivered,Delivered
O53856,C10637,P20056,2025-04-21,1,15,399,339.15,Cancelled,Not Applicable
O53857,C10716,P20048,2025-08-07,2,20,2598,2078.4,Delivered,Delivered
O53858,C10573,P20105,2025-07-28,1,30,2499,1749.3,Delivered,Delivered
O53859,C10762,P20059,2025-03-28,3,10,5997,5397.3,Delivered,Delivered
O53860,C10810,P20077,2025-10-30,1,0,1299,1299.0,Delivered,Delivered
O53861,C10525,P20218,2025-06-28,2,10,2598,2338.2,Delivered,Delivered
O53862,C10908,P20055,2025-01-13,3,0,1197,1197.0,Delivered,Delivered
O53863,C10255,P20055,2025-10-27,2,10,798,718.2,Delivered,Delivered
O53864,C10085,P20129,2025-05-05,1,15,799,679.15,Delivered,Delivered
O53865,C10458,P20085,2025-08-21,1,10,499,449.1,Delivered,Delivered
O53866,C10532,P20214,2025-09-08,1,15,999,849.15,Delivered,Delivered
O53867,C10562,P20115,2025-05-06,2,20,5998,4798.4,Delivered,Delivered
O53868,C10676,P20293,2025-08-23,3,10,1197,1077.3,Delivered,Delivered
O53869,C10092,P20049,2025-05-18,1,25,599,449.25,Delivered,Delivered
O53870,C10600,P20067,2025-02-18,2,0,798,798.0,Delivered,Delivered
O53871,C10069,P20275,2025-07-05,1,20,599,479.2,Delivered,Delivered
O53872,C10037,P20129,2025-07-24,2,20,1598,1278.4,Delivered,Delivered
O53873,C10765,P20029,2025-03-19,2,10,798,718.2,Delivered,Delivered
O53874,C10764,P20033,2025-07-13,2,10,3998,3598.2,Delivered,Delivered
O53875,C10140,P20119,2025-04-13,3,10,1197,1077.3,Cancelled,Not Applicable
O53876,C10867,P20180,2025-04-15,3,20,4797,3837.6,Delivered,Delivered
O53877,C10893,P20151,2025-10-14,2,20,4998,3998.4,Delivered,Delivered
O53878,C10680,P20133,2025-11-20,3,10,1497,1347.3,Delivered,Delayed
O53879,C10566,P20185,2025-07-30,1,15,1599,1359.15,Delivered,Delivered
O53880,C10898,P20134,2025-09-07,2,0,3198,3198.0,Delivered,Delayed
O53881,C10178,P20177,2025-10-20,2,10,5998,5398.2,Delivered,Delivered
O53882,C10809,P20022,2025-07-20,1,30,599,419.3,Delivered,Delivered
O53883,C10813,P20241,2025-01-24,2,5,3198,3038.1,Delivered,Delivered
O53884,C10871,P20077,2025-10-27,1,25,1299,974.25,Delivered,Delivered
O53885,C10618,P20204,2025-03-24,3,20,2397,1917.6,Delivered,Delivered
O53886,C10137,P20004,2025-10-24,3,30,1497,1047.9,Delivered,Delivered
O53887,C10190,P20165,2025-06-28,2,5,798,758.1,Delivered,Delivered
O53888,C10640,P20128,2025-10-25,3,5,2997,2847.15,Delivered,Delivered
O53889,C10342,P20045,2025-12-30,1,0,2499,2499.0,Delivered,Delivered
O53890,C10559,P20218,2025-07-25,1,20,1299,1039.2,Delivered,Delivered
O53891,C10005,P20235,2025-02-09,1,15,599,509.15,Delivered,Delivered
O53892,C10972,P20136,2025-10-31,2,5,798,758.1,Delivered,Delivered
O53893,C10257,P20168,2025-04-23,2,20,1998,1598.4,Delivered,Delivered
O53894,C10812,P20237,2025-12-06,1,10,1599,1439.1,Delivered,Delivered
O53895,C10662,P20093,2025-01-04,3,0,7497,7497.0,Delivered,Delivered
O53896,C10806,P20005,2025-04-18,1,10,499,449.1,Cancelled,Not Applicable
O53897,C10243,P20156,2025-11-12,1,0,499,499.0,Delivered,Delivered
O53898,C10787,P20245,2025-04-24,2,5,1198,1138.1,Processing,Not Applicable
O53899,C10720,P20081,2025-06-16,1,10,1599,1439.1,Delivered,Delivered
O53900,C10415,P20247,2025-09-18,1,25,499,374.25,Delivered,Delivered
O53901,C10627,P20137,2025-04-16,1,20,1999,1599.2,Delivered,Delivered
O53902,C10707,P20063,2025-08-12,2,10,1598,1438.2,Delivered,Delivered
O53903,C10343,P20116,2025-09-19,1,20,299,239.2,Delivered,Delivered
O53904,C10682,P20113,2025-09-08,3,15,3897,3312.45,Delivered,Delivered
O53905,C10379,P20031,2025-01-14,1,10,2499,2249.1,Delivered,Delivered
O53906,C10594,P20007,2025-07-17,2,20,2598,2078.4,Delivered,Delivered
O53907,C10666,P20003,2025-05-06,2,15,998,848.3,Delivered,Delivered
O53908,C10653,P20243,2025-07-25,2,15,5998,5098.3,Delivered,Delivered
O53909,C10826,P20056,2025-05-20,1,15,399,339.15,Delivered,Delivered
O53910,C10146,P20073,2025-03-03,1,15,599,509.15,Delivered,Delivered
O53911,C10323,P20010,2025-10-10,1,10,1599,1439.1,Delivered,Delivered
O53912,C10122,P20061,2025-02-23,2,25,998,748.5,Delivered,Delivered
O53913,C10252,P20050,2025-12-12,2,5,598,568.1,Delivered,Delivered
O53914,C10855,P20122,2025-01-12,1,25,1599,1199.25,Delivered,Delivered
O53915,C10899,P20175,2025-05-16,2,10,1998,1798.2,Cancelled,Not Applicable
O53916,C10311,P20001,2025-11-26,1,0,1299,1299.0,Delivered,Delivered
O53917,C10601,P20038,2025-05-24,1,15,399,339.15,Cancelled,Not Applicable
O53918,C10475,P20190,2025-10-09,1,10,1299,1169.1,Delivered,Delivered
O53919,C10570,P20079,2025-05-16,2,20,1998,1598.4,Delivered,Delivered
O53920,C10492,P20190,2025-10-28,1,10,1299,1169.1,Delivered,Delivered
O53921,C10575,P20184,2025-08-09,2,15,3998,3398.3,Delivered,Delivered
O53922,C10347,P20067,2025-12-06,3,10,1197,1077.3,Delivered,Delivered
O53923,C10820,P20017,2025-07-28,2,5,1998,1898.1,Delivered,Delivered
O53924,C10487,P20296,2025-12-25,2,10,3198,2878.2,Delivered,Delivered
O53925,C10473,P20209,2025-05-03,2,15,1198,1018.3,Delivered,Delivered
O53926,C10382,P20041,2025-04-26,2,15,3998,3398.3,Delivered,Delivered
O53927,C10280,P20115,2025-06-06,2,15,5998,5098.3,Delivered,Delivered
O53928,C10072,P20100,2025-09-27,3,30,1797,1257.9,Delivered,Delivered
O53929,C10521,P20139,2025-01-17,1,20,1299,1039.2,Delivered,Delivered
O53930,C10366,P20294,2025-09-26,2,25,3198,2398.5,Delivered,Delivered
O53931,C10933,P20017,2025-12-15,1,0,999,999.0,Delivered,Delayed
O53932,C10094,P20292,2025-08-07,1,0,399,399.0,Delivered,Delivered
O53933,C10373,P20074,2025-11-15,3,10,1497,1347.3,Delivered,Delivered
O53934,C10339,P20263,2025-08-26,1,0,399,399.0,Delivered,Delivered
O53935,C10437,P20016,2025-02-02,1,15,299,254.15,Processing,Not Applicable
O53936,C10336,P20014,2025-10-12,3,15,1797,1527.45,Delivered,Delivered
O53937,C10664,P20281,2025-02-06,1,15,1299,1104.15,Delivered,Delivered
O53938,C10492,P20004,2025-04-13,3,20,1497,1197.6,Delivered,Delivered
O53939,C10917,P20127,2025-07-30,1,30,599,419.3,Delivered,Delayed
O53940,C10868,P20006,2025-10-07,2,25,998,748.5,Delivered,Delivered
O53941,C10040,P20129,2025-05-22,2,0,1598,1598.0,Delivered,Delivered
O53942,C10359,P20232,2025-08-27,2,10,1998,1798.2,Delivered,Delivered
O53943,C10574,P20195,2025-08-17,2,5,798,758.1,Delivered,Delivered
O53944,C10254,P20065,2025-05-13,2,5,2598,2468.1,Delivered,Delivered
O53945,C10966,P20103,2025-05-05,2,15,4998,4248.3,Delivered,Delivered
O53946,C10581,P20277,2025-02-22,2,15,798,678.3,Delivered,Delivered
O53947,C10398,P20158,2025-03-29,1,5,499,474.05,Delivered,Delivered
O53948,C10757,P20224,2025-04-08,3,20,2397,1917.6,Delivered,Delivered
O53949,C10877,P20289,2025-04-05,1,20,2499,1999.2,Delivered,Delivered
O53950,C10170,P20278,2025-07-07,2,0,2598,2598.0,Delivered,Delivered
O53951,C10690,P20182,2025-09-13,1,10,599,539.1,Delivered,Delivered
O53952,C10701,P20004,2025-03-14,2,25,998,748.5,Delivered,Delivered
O53953,C10511,P20215,2025-12-28,3,15,2397,2037.45,Delivered,Delivered
O53954,C10260,P20217,2025-10-09,1,10,2999,2699.1,Delivered,Delivered
O53955,C10584,P20209,2025-01-18,1,5,599,569.05,Delivered,Delayed
O53956,C10984,P20074,2025-06-13,2,5,998,948.1,Delivered,Delivered
O53957,C10459,P20227,2025-05-26,1,0,999,999.0,Cancelled,Not Applicable
O53958,C10529,P20093,2025-11-10,1,20,2499,1999.2,Delivered,Delivered
O53959,C10882,P20065,2025-09-10,1,0,1299,1299.0,Delivered,Delivered
O53960,C10341,P20010,2025-06-09,3,10,4797,4317.3,Delivered,Delivered
O53961,C10057,P20278,2025-12-15,1,0,1299,1299.0,Delivered,Delayed
O53962,C10218,P20086,2025-02-18,2,20,1998,1598.4,Delivered,Delivered
O53963,C10619,P20026,2025-06-25,1,0,999,999.0,Delivered,Delivered
O53964,C10816,P20218,2025-11-23,2,10,2598,2338.2,Delivered,Delivered
O53965,C10940,P20095,2025-03-06,2,15,4998,4248.3,Delivered,Delivered
O53966,C10685,P20244,2025-10-16,1,10,2499,2249.1,Delivered,Delivered
O53967,C10731,P20107,2025-02-19,2,10,998,898.2,Delivered,Delivered
O53968,C10464,P20248,2025-01-04,1,10,999,899.1,Delivered,Delivered
O53969,C10247,P20014,2025-04-29,3,20,1797,1437.6,Delivered,Delivered
O53970,C10730,P20161,2025-12-06,2,30,2598,1818.6,Delivered,Delivered
O53971,C10373,P20071,2025-06-13,1,10,499,449.1,Delivered,Delivered
O53972,C10417,P20152,2025-08-11,1,0,2999,2999.0,Delivered,Delivered
O53973,C10031,P20075,2025-12-24,2,0,1998,1998.0,Delivered,Delivered
O53974,C10368,P20215,2025-06-05,2,20,1598,1278.4,Delivered,Delivered
O53975,C10559,P20051,2025-09-19,1,15,1999,1699.15,Delivered,Delivered
O53976,C10646,P20143,2025-06-22,1,20,599,479.2,Delivered,Delivered
O53977,C10108,P20036,2025-01-23,1,20,499,399.2,Delivered,Delivered
O53978,C10584,P20167,2025-03-02,2,25,5998,4498.5,Cancelled,Not Applicable
O53979,C10839,P20236,2025-12-22,3,25,7497,5622.75,Delivered,Delivered
O53980,C10418,P20260,2025-11-17,1,20,1599,1279.2,Delivered,Delivered
O53981,C10620,P20192,2025-05-14,2,15,998,848.3,Delivered,Delivered
O53982,C10821,P20202,2025-01-24,3,10,7497,6747.3,Delivered,Delayed
O53983,C10398,P20262,2025-10-20,3,15,1497,1272.45,Delivered,Delivered
O53984,C10272,P20185,2025-02-14,2,15,3198,2718.3,Delivered,Delivered
O53985,C10683,P20158,2025-06-28,2,15,998,848.3,Cancelled,Not Applicable
O53986,C10116,P20246,2025-12-22,1,5,499,474.05,Delivered,Delivered
O53987,C10841,P20110,2025-12-24,1,15,1999,1699.15,Delivered,Delivered
O53988,C10586,P20099,2025-03-04,2,10,798,718.2,Delivered,Delivered
O53989,C10256,P20241,2025-01-29,1,15,1599,1359.15,Delivered,Delivered
O53990,C10081,P20202,2025-12-23,2,5,4998,4748.1,Delivered,Delivered
O53991,C10780,P20122,2025-12-31,3,10,4797,4317.3,Delivered,Delivered
O53992,C10128,P20117,2025-04-06,1,5,599,569.05,Cancelled,Not Applicable
O53993,C10838,P20096,2025-09-23,1,25,399,299.25,Delivered,Delayed
O53994,C10915,P20234,2025-10-18,2,15,798,678.3,Delivered,Delivered
O53995,C10235,P20067,2025-02-24,1,5,399,379.05,Delivered,Delivered
O53996,C10553,P20218,2025-06-02,1,0,1299,1299.0,Processing,Not Applicable
O53997,C10181,P20015,2025-08-07,2,15,998,848.3,Delivered,Delivered
O53998,C10157,P20273,2025-06-22,2,5,1598,1518.1,Cancelled,Not Applicable
O53999,C10454,P20219,2025-04-06,1,30,999,699.3,Delivered,Delivered
O54000,C10571,P20274,2025-05-03,3,15,2997,2547.45,Delivered,Delivered
O54001,C10857,P20147,2025-01-12,3,10,8997,8097.3,Delivered,Delivered
O54002,C10761,P20152,2025-01-04,2,15,5998,5098.3,Delivered,Delivered
O54003,C10704,P20015,2025-12-28,1,10,499,449.1,Delivered,Delivered
O54004,C10024,P20084,2025-12-12,3,20,7497,5997.6,Delivered,Delayed
O54005,C10473,P20192,2025-03-08,1,10,499,449.1,Delivered,Delivered
O54006,C10400,P20041,2025-05-25,1,30,1999,1399.3,Delivered,Delivered
O54007,C10948,P20261,2025-03-06,1,15,999,849.15,Delivered,Delivered
O54008,C10592,P20136,2025-03-23,2,20,798,638.4,Cancelled,Not Applicable
O54009,C10134,P20278,2025-04-15,2,0,2598,2598.0,Delivered,Delayed
O54010,C10421,P20106,2025-06-30,1,10,299,269.1,Delivered,Delivered
O54011,C10213,P20007,2025-12-06,1,20,1299,1039.2,Delivered,Delivered
O54012,C10900,P20030,2025-04-15,1,15,299,254.15,Delivered,Delivered
O54013,C10482,P20126,2025-08-14,1,5,299,284.05,Delivered,Delivered
O54014,C10348,P20079,2025-01-28,1,10,999,899.1,Delivered,Delivered
O54015,C10166,P20067,2025-01-16,1,5,399,379.05,Processing,Not Applicable
O54016,C10937,P20023,2025-10-04,3,15,897,762.45,Delivered,Delayed
O54017,C10348,P20189,2025-11-29,2,10,598,538.2,Delivered,Delivered
O54018,C10849,P20074,2025-10-25,3,10,1497,1347.3,Delivered,Delivered
O54019,C10398,P20005,2025-02-23,1,5,499,474.05,Delivered,Delivered
O54020,C10583,P20082,2025-10-15,1,10,1599,1439.1,Processing,Not Applicable
O54021,C10726,P20025,2025-04-24,1,5,799,759.05,Delivered,Delivered
O54022,C10435,P20264,2025-02-07,3,30,7497,5247.9,Delivered,Delayed
O54023,C10577,P20002,2025-08-18,2,5,3998,3798.1,Delivered,Delivered
O54024,C10221,P20278,2025-06-15,2,25,2598,1948.5,Delivered,Delivered
O54025,C10308,P20224,2025-07-01,1,10,799,719.1,Delivered,Delivered
O54026,C10991,P20072,2025-07-24,2,10,798,718.2,Delivered,Delivered
O54027,C10798,P20068,2025-09-02,1,5,1599,1519.05,Delivered,Delivered
O54028,C10697,P20094,2025-12-25,1,15,299,254.15,Cancelled,Not Applicable
O54029,C10719,P20019,2025-11-29,3,15,897,762.45,Delivered,Delivered
O54030,C10466,P20128,2025-11-05,2,10,1998,1798.2,Delivered,Delivered
O54031,C10099,P20082,2025-05-01,3,0,4797,4797.0,Delivered,Delivered
O54032,C10242,P20254,2025-09-16,2,25,2598,1948.5,Delivered,Delivered
O54033,C10158,P20221,2025-07-29,1,30,799,559.3,Delivered,Delivered
O54034,C10610,P20097,2025-11-06,1,10,799,719.1,Delivered,Delivered
O54035,C10554,P20052,2025-10-23,1,15,599,509.15,Delivered,Delivered
O54036,C10651,P20175,2025-07-13,1,10,999,899.1,Delivered,Delivered
O54037,C10795,P20182,2025-03-09,3,10,1797,1617.3,Delivered,Delivered
O54038,C10920,P20115,2025-04-24,1,0,2999,2999.0,Delivered,Delivered
O54039,C10227,P20001,2025-08-08,1,10,1299,1169.1,Processing,Not Applicable
O54040,C10423,P20063,2025-08-08,2,20,1598,1278.4,Delivered,Delivered
O54041,C10072,P20248,2025-08-06,1,0,999,999.0,Delivered,Delivered
O54042,C10243,P20231,2025-08-25,3,15,1197,1017.45,Delivered,Delivered
O54043,C10530,P20226,2025-10-25,2,25,2598,1948.5,Delivered,Delivered
O54044,C10589,P20019,2025-04-04,1,5,299,284.05,Delivered,Delivered
O54045,C10045,P20031,2025-09-10,1,5,2499,2374.05,Delivered,Delivered
O54046,C10472,P20121,2025-12-23,1,20,1299,1039.2,Delivered,Delivered
O54047,C10371,P20024,2025-08-03,3,5,1197,1137.15,Delivered,Delivered
O54048,C10855,P20211,2025-09-15,1,5,1999,1899.05,Delivered,Delivered
O54049,C10652,P20161,2025-12-13,3,10,3897,3507.3,Delivered,Delivered
O54050,C10689,P20255,2025-08-28,2,10,5998,5398.2,Delivered,Delivered
O54051,C10734,P20059,2025-11-11,1,25,1999,1499.25,Delivered,Delivered
O54052,C10927,P20114,2025-08-02,2,15,3198,2718.3,Delivered,Delivered
O54053,C10092,P20160,2025-04-08,1,10,399,359.1,Delivered,Delivered
O54054,C10022,P20220,2025-01-16,1,15,1599,1359.15,Delivered,Delivered
O54055,C10172,P20169,2025-06-03,2,30,3998,2798.6,Delivered,Delivered
O54056,C10604,P20012,2025-01-16,1,0,2999,2999.0,Delivered,Delivered
O54057,C10192,P20242,2025-07-17,2,5,3198,3038.1,Delivered,Delivered
O54058,C10077,P20139,2025-04-18,1,30,1299,909.3,Delivered,Delivered
O54059,C10281,P20097,2025-01-23,2,30,1598,1118.6,Delivered,Delivered
O54060,C10364,P20147,2025-02-11,2,5,5998,5698.1,Delivered,Delivered
O54061,C10179,P20182,2025-02-06,1,0,599,599.0,Delivered,Delivered
O54062,C10238,P20057,2025-11-24,1,10,299,269.1,Delivered,Delivered
O54063,C10135,P20042,2025-06-14,1,0,599,599.0,Delivered,Delivered
O54064,C10877,P20199,2025-04-26,2,15,798,678.3,Delivered,Delivered
O54065,C10902,P20031,2025-05-30,3,0,7497,7497.0,Delivered,Delivered
O54066,C10280,P20180,2025-01-06,3,0,4797,4797.0,Delivered,Delivered
O54067,C10019,P20002,2025-02-01,1,15,1999,1699.15,Delivered,Delivered
O54068,C10595,P20288,2025-05-25,3,30,1197,837.9,Delivered,Delivered
O54069,C10740,P20138,2025-10-21,2,10,1198,1078.2,Delivered,Delivered
O54070,C10371,P20105,2025-10-20,1,10,2499,2249.1,Delivered,Delivered
O54071,C10777,P20218,2025-06-26,1,30,1299,909.3,Delivered,Delivered
O54072,C10112,P20222,2025-06-26,1,15,499,424.15,Processing,Not Applicable
O54073,C10763,P20105,2025-03-02,1,10,2499,2249.1,Delivered,Delayed
O54074,C10676,P20127,2025-03-18,3,10,1797,1617.3,Delivered,Delivered
O54075,C10870,P20265,2025-03-27,1,5,2499,2374.05,Delivered,Delivered
O54076,C10680,P20200,2025-07-10,2,15,2598,2208.3,Delivered,Delivered
O54077,C10221,P20252,2025-01-07,3,10,897,807.3,Delivered,Delivered
O54078,C10920,P20015,2025-03-26,2,10,998,898.2,Delivered,Delivered
O54079,C10304,P20226,2025-09-19,1,5,1299,1234.05,Delivered,Delivered
O54080,C10703,P20105,2025-09-16,2,10,4998,4498.2,Delivered,Delayed
O54081,C10325,P20233,2025-02-16,1,15,499,424.15,Delivered,Delivered
O54082,C10437,P20219,2025-12-07,1,0,999,999.0,Delivered,Delayed
O54083,C10438,P20277,2025-04-04,1,5,399,379.05,Delivered,Delivered
O54084,C10170,P20261,2025-08-12,2,25,1998,1498.5,Delivered,Delayed
O54085,C10375,P20190,2025-10-06,1,15,1299,1104.15,Delivered,Delivered
O54086,C10557,P20198,2025-01-03,2,0,1198,1198.0,Delivered,Delivered
O54087,C10381,P20277,2025-05-09,2,20,798,638.4,Delivered,Delivered
O54088,C10986,P20039,2025-11-19,2,0,598,598.0,Delivered,Delivered
O54089,C10014,P20162,2025-09-06,1,20,999,799.2,Delivered,Delivered
O54090,C10743,P20121,2025-08-17,2,20,2598,2078.4,Delivered,Delivered
O54091,C10669,P20262,2025-11-23,1,15,499,424.15,Delivered,Delivered
O54092,C10500,P20216,2025-05-11,1,20,799,639.2,Delivered,Delivered
O54093,C10646,P20049,2025-08-16,2,0,1198,1198.0,Delivered,Delivered
O54094,C10391,P20092,2025-06-26,3,20,1197,957.6,Delivered,Delayed
O54095,C10549,P20129,2025-11-19,1,0,799,799.0,Delivered,Delivered
O54096,C10565,P20028,2025-11-07,2,10,598,538.2,Cancelled,Not Applicable
O54097,C10530,P20148,2025-01-31,2,25,1998,1498.5,Delivered,Delivered
O54098,C10983,P20065,2025-03-07,3,15,3897,3312.45,Delivered,Delivered
O54099,C10492,P20218,2025-07-25,2,30,2598,1818.6,Delivered,Delayed
O54100,C10550,P20051,2025-04-11,1,0,1999,1999.0,Delivered,Delivered
O54101,C10699,P20074,2025-11-16,2,15,998,848.3,Delivered,Delivered
O54102,C10385,P20199,2025-01-31,1,0,399,399.0,Delivered,Delivered
O54103,C10196,P20192,2025-07-10,1,15,499,424.15,Delivered,Delivered
O54104,C10755,P20189,2025-03-07,2,0,598,598.0,Delivered,Delivered
O54105,C10300,P20012,2025-10-30,1,5,2999,2849.05,Delivered,Delivered
O54106,C10815,P20239,2025-08-23,2,5,1598,1518.1,Delivered,Delivered
O54107,C10547,P20081,2025-10-05,1,20,1599,1279.2,Delivered,Delivered
O54108,C10727,P20270,2025-07-21,1,5,999,949.05,Processing,Not Applicable
O54109,C10731,P20290,2025-12-16,1,20,2499,1999.2,Delivered,Delayed
O54110,C10828,P20048,2025-08-13,2,0,2598,2598.0,Delivered,Delivered
O54111,C10602,P20209,2025-03-24,2,0,1198,1198.0,Delivered,Delivered
O54112,C10308,P20035,2025-02-15,3,10,5997,5397.3,Delivered,Delivered
O54113,C10252,P20119,2025-03-30,2,30,798,558.6,Delivered,Delivered
O54114,C10008,P20065,2025-07-05,1,0,1299,1299.0,Delivered,Delivered
O54115,C10768,P20242,2025-07-08,2,0,3198,3198.0,Cancelled,Not Applicable
O54116,C10875,P20036,2025-09-03,1,20,499,399.2,Delivered,Delivered
O54117,C10208,P20252,2025-02-15,2,10,598,538.2,Delivered,Delivered
O54118,C10937,P20243,2025-09-14,1,20,2999,2399.2,Delivered,Delivered
O54119,C10131,P20042,2025-12-18,2,5,1198,1138.1,Delivered,Delivered
O54120,C10736,P20069,2025-03-02,1,10,1999,1799.1,Cancelled,Not Applicable
O54121,C10709,P20107,2025-04-15,1,5,499,474.05,Delivered,Delayed
O54122,C10980,P20039,2025-12-03,1,10,299,269.1,Cancelled,Not Applicable
O54123,C10654,P20069,2025-01-14,2,20,3998,3198.4,Delivered,Delivered
O54124,C10764,P20180,2025-10-28,1,20,1599,1279.2,Delivered,Delivered
O54125,C10608,P20012,2025-03-18,1,15,2999,2549.15,Cancelled,Not Applicable
O54126,C10026,P20204,2025-08-18,1,25,799,599.25,Delivered,Delivered
O54127,C10623,P20036,2025-06-16,2,5,998,948.1,Delivered,Delivered
O54128,C10454,P20126,2025-03-07,2,5,598,568.1,Delivered,Delivered
O54129,C10635,P20063,2025-02-01,1,15,799,679.15,Delivered,Delivered
O54130,C10186,P20082,2025-04-06,2,15,3198,2718.3,Delivered,Delivered
O54131,C10484,P20299,2025-02-27,3,0,4797,4797.0,Delivered,Delivered
O54132,C10680,P20034,2025-04-14,3,15,1797,1527.45,Delivered,Delivered
O54133,C10051,P20240,2025-11-08,3,10,897,807.3,Delivered,Delivered
O54134,C10891,P20097,2025-05-14,3,20,2397,1917.6,Delivered,Delivered
O54135,C10005,P20049,2025-08-05,2,20,1198,958.4,Delivered,Delayed
O54136,C10589,P20146,2025-03-08,1,15,2499,2124.15,Delivered,Delivered
O54137,C10160,P20125,2025-06-27,1,0,299,299.0,Delivered,Delivered
O54138,C10208,P20189,2025-09-04,2,15,598,508.3,Delivered,Delivered
O54139,C10257,P20057,2025-10-21,3,20,897,717.6,Delivered,Delivered
O54140,C10205,P20109,2025-08-23,1,5,2999,2849.05,Delivered,Delivered
O54141,C10767,P20005,2025-05-11,1,10,499,449.1,Delivered,Delivered
O54142,C10950,P20024,2025-04-22,2,30,798,558.6,Delivered,Delivered
O54143,C10011,P20221,2025-02-23,2,10,1598,1438.2,Delivered,Delivered
O54144,C10949,P20294,2025-10-17,1,5,1599,1519.05,Delivered,Delivered
O54145,C10008,P20010,2025-08-27,1,5,1599,1519.05,Delivered,Delayed
O54146,C10409,P20165,2025-08-28,1,15,399,339.15,Delivered,Delivered
O54147,C10936,P20215,2025-10-22,2,25,1598,1198.5,Delivered,Delivered
O54148,C10032,P20126,2025-04-22,1,15,299,254.15,Delivered,Delivered
O54149,C10984,P20267,2025-03-29,1,10,2499,2249.1,Delivered,Delivered
O54150,C10540,P20280,2025-08-16,1,15,999,849.15,Delivered,Delivered
O54151,C10718,P20088,2025-10-31,1,15,599,509.15,Delivered,Delivered
O54152,C10387,P20114,2025-11-01,2,15,3198,2718.3,Cancelled,Not Applicable
O54153,C10228,P20021,2025-10-17,3,5,2997,2847.15,Delivered,Delivered
O54154,C10640,P20148,2025-07-27,2,15,1998,1698.3,Cancelled,Not Applicable
O54155,C10767,P20245,2025-12-22,1,10,599,539.1,Delivered,Delayed
O54156,C10475,P20266,2025-10-01,1,0,399,399.0,Delivered,Delivered
O54157,C10724,P20217,2025-03-11,2,15,5998,5098.3,Delivered,Delivered
O54158,C10751,P20240,2025-08-08,1,30,299,209.3,Delivered,Delivered
O54159,C10207,P20232,2025-08-19,3,10,2997,2697.3,Cancelled,Not Applicable
O54160,C10318,P20232,2025-10-17,2,30,1998,1398.6,Processing,Not Applicable
O54161,C10795,P20242,2025-11-03,1,0,1599,1599.0,Cancelled,Not Applicable
O54162,C10757,P20190,2025-12-27,1,20,1299,1039.2,Delivered,Delayed
O54163,C10557,P20229,2025-12-15,2,0,998,998.0,Delivered,Delivered
O54164,C10617,P20066,2025-09-12,2,10,3998,3598.2,Delivered,Delivered
O54165,C10348,P20279,2025-05-22,2,15,3198,2718.3,Delivered,Delivered
O54166,C10793,P20269,2025-03-10,1,15,799,679.15,Delivered,Delivered
O54167,C10234,P20209,2025-03-30,1,20,599,479.2,Delivered,Delivered
O54168,C10701,P20016,2025-12-25,1,15,299,254.15,Delivered,Delivered
O54169,C10044,P20297,2025-05-16,3,15,2997,2547.45,Delivered,Delivered
O54170,C10737,P20220,2025-05-23,1,25,1599,1199.25,Delivered,Delivered
O54171,C10942,P20257,2025-12-05,1,10,299,269.1,Delivered,Delivered
O54172,C10142,P20268,2025-07-06,1,5,299,284.05,Delivered,Delivered
O54173,C10648,P20229,2025-01-11,1,5,499,474.05,Delivered,Delivered
O54174,C10176,P20119,2025-05-28,1,10,399,359.1,Processing,Not Applicable
O54175,C10654,P20178,2025-10-19,3,20,3897,3117.6,Delivered,Delayed
O54176,C10449,P20020,2025-12-04,2,0,798,798.0,Cancelled,Not Applicable
O54177,C10592,P20036,2025-02-07,2,0,998,998.0,Delivered,Delayed
O54178,C10082,P20108,2025-12-11,2,0,2598,2598.0,Delivered,Delivered
O54179,C10135,P20189,2025-07-27,3,15,897,762.45,Delivered,Delivered
O54180,C10719,P20178,2025-07-29,1,5,1299,1234.05,Delivered,Delivered
O54181,C10856,P20096,2025-01-01,3,5,1197,1137.15,Delivered,Delivered
O54182,C10177,P20020,2025-12-26,2,15,798,678.3,Delivered,Delivered
O54183,C10383,P20164,2025-03-06,1,20,399,319.2,Delivered,Delivered
O54184,C10243,P20097,2025-01-01,2,10,1598,1438.2,Delivered,Delivered
O54185,C10567,P20143,2025-08-31,2,15,1198,1018.3,Delivered,Delivered
O54186,C10141,P20062,2025-11-12,1,0,1599,1599.0,Cancelled,Not Applicable
O54187,C10457,P20242,2025-01-25,1,25,1599,1199.25,Delivered,Delivered
O54188,C10440,P20238,2025-12-13,1,10,1999,1799.1,Delivered,Delivered
O54189,C10056,P20131,2025-02-19,3,30,2397,1677.9,Cancelled,Not Applicable
O54190,C10527,P20093,2025-12-14,2,30,4998,3498.6,Cancelled,Not Applicable
O54191,C10697,P20091,2025-08-29,1,20,1599,1279.2,Delivered,Delivered
O54192,C10826,P20133,2025-02-01,2,0,998,998.0,Delivered,Delivered
O54193,C10419,P20123,2025-02-02,2,15,3998,3398.3,Delivered,Delivered
O54194,C10088,P20118,2025-07-19,1,0,799,799.0,Delivered,Delivered
O54195,C10609,P20198,2025-08-22,2,25,1198,898.5,Delivered,Delivered
O54196,C10656,P20282,2025-01-26,2,20,5998,4798.4,Delivered,Delivered
O54197,C10008,P20001,2025-02-11,1,30,1299,909.3,Delivered,Delivered
O54198,C10477,P20211,2025-03-02,1,15,1999,1699.15,Delivered,Delivered
O54199,C10215,P20263,2025-02-10,2,15,798,678.3,Delivered,Delivered
O54200,C10685,P20212,2025-05-10,2,15,998,848.3,Delivered,Delivered
O54201,C10735,P20087,2025-12-21,2,10,3998,3598.2,Delivered,Delivered
O54202,C10552,P20153,2025-12-20,2,10,3198,2878.2,Delivered,Delivered
O54203,C10497,P20187,2025-07-17,3,15,5997,5097.45,Delivered,Delivered
O54204,C10694,P20061,2025-10-14,1,25,499,374.25,Delivered,Delivered
O54205,C10503,P20285,2025-05-31,1,15,1299,1104.15,Delivered,Delivered
O54206,C10782,P20095,2025-07-23,1,25,2499,1874.25,Delivered,Delivered
O54207,C10699,P20274,2025-07-01,1,25,999,749.25,Delivered,Delivered
O54208,C10245,P20041,2025-07-26,3,15,5997,5097.45,Delivered,Delivered
O54209,C10478,P20147,2025-05-27,1,10,2999,2699.1,Delivered,Delivered
O54210,C10309,P20246,2025-07-23,2,15,998,848.3,Cancelled,Not Applicable
O54211,C10231,P20132,2025-02-17,1,10,1599,1439.1,Delivered,Delivered
O54212,C10383,P20297,2025-09-15,1,0,999,999.0,Delivered,Delivered
O54213,C10155,P20123,2025-05-19,1,10,1999,1799.1,Delivered,Delivered
O54214,C10175,P20143,2025-06-21,2,30,1198,838.6,Delivered,Delayed
O54215,C10848,P20182,2025-04-11,1,0,599,599.0,Delivered,Delivered
O54216,C10115,P20192,2025-07-06,1,20,499,399.2,Delivered,Delayed
O54217,C10390,P20207,2025-11-11,2,20,798,638.4,Delivered,Delivered
O54218,C10311,P20231,2025-10-21,1,15,399,339.15,Delivered,Delivered
O54219,C10993,P20022,2025-12-29,1,15,599,509.15,Delivered,Delivered
O54220,C10300,P20080,2025-01-21,1,20,399,319.2,Delivered,Delivered
O54221,C10018,P20130,2025-10-25,2,10,2598,2338.2,Delivered,Delivered
O54222,C10784,P20292,2025-01-10,1,0,399,399.0,Delivered,Delivered
O54223,C10012,P20276,2025-07-06,2,30,4998,3498.6,Delivered,Delivered
O54224,C10404,P20055,2025-05-13,2,10,798,718.2,Delivered,Delayed
O54225,C10813,P20066,2025-02-02,2,15,3998,3398.3,Delivered,Delivered
O54226,C10704,P20227,2025-03-10,1,15,999,849.15,Delivered,Delivered
O54227,C10232,P20026,2025-03-21,3,0,2997,2997.0,Delivered,Delivered
O54228,C10955,P20253,2025-07-10,1,30,1299,909.3,Delivered,Delivered
O54229,C10605,P20197,2025-04-11,2,20,4998,3998.4,Delivered,Delivered
O54230,C10990,P20130,2025-10-12,3,0,3897,3897.0,Delivered,Delivered
O54231,C10730,P20243,2025-08-09,2,30,5998,4198.6,Delivered,Delivered
O54232,C10278,P20212,2025-02-22,2,20,998,798.4,Delivered,Delivered
O54233,C10353,P20190,2025-06-09,1,15,1299,1104.15,Delivered,Delivered
O54234,C10999,P20290,2025-02-11,1,15,2499,2124.15,Delivered,Delivered
O54235,C10303,P20226,2025-02-16,2,0,2598,2598.0,Delivered,Delivered
O54236,C10541,P20246,2025-06-08,1,15,499,424.15,Delivered,Delivered
O54237,C10470,P20056,2025-07-03,1,0,399,399.0,Delivered,Delivered
O54238,C10813,P20055,2025-09-03,1,15,399,339.15,Delivered,Delivered
O54239,C10077,P20276,2025-01-11,3,15,7497,6372.45,Delivered,Delivered
O54240,C10521,P20153,2025-06-03,1,25,1599,1199.25,Cancelled,Not Applicable
O54241,C10024,P20053,2025-08-08,1,20,2499,1999.2,Cancelled,Not Applicable
O54242,C10015,P20111,2025-06-04,1,5,399,379.05,Processing,Not Applicable
O54243,C10676,P20204,2025-12-05,3,25,2397,1797.75,Delivered,Delivered
O54244,C10525,P20112,2025-12-31,1,15,1599,1359.15,Delivered,Delivered
O54245,C10347,P20258,2025-10-10,2,15,1198,1018.3,Delivered,Delivered
O54246,C10172,P20016,2025-07-06,2,5,598,568.1,Delivered,Delivered
O54247,C10869,P20166,2025-03-03,1,25,1999,1499.25,Delivered,Delivered
O54248,C10327,P20280,2025-05-28,1,25,999,749.25,Delivered,Delivered
O54249,C10712,P20158,2025-05-24,2,20,998,798.4,Delivered,Delivered
O54250,C10485,P20249,2025-04-13,2,25,3198,2398.5,Delivered,Delivered
O54251,C10489,P20181,2025-10-27,2,10,3998,3598.2,Delivered,Delivered
O54252,C10462,P20191,2025-04-03,1,25,1599,1199.25,Delivered,Delivered
O54253,C10378,P20139,2025-10-13,1,15,1299,1104.15,Delivered,Delivered
O54254,C10588,P20078,2025-04-29,1,5,499,474.05,Delivered,Delivered
O54255,C10164,P20050,2025-01-29,1,15,299,254.15,Delivered,Delivered
O54256,C10372,P20085,2025-01-30,1,15,499,424.15,Delivered,Delivered
O54257,C10573,P20183,2025-12-26,2,10,1998,1798.2,Delivered,Delivered
O54258,C11000,P20183,2025-10-15,1,0,999,999.0,Delivered,Delivered
O54259,C10977,P20004,2025-05-18,1,5,499,474.05,Delivered,Delivered
O54260,C10424,P20111,2025-02-20,1,10,399,359.1,Delivered,Delivered
O54261,C10757,P20251,2025-10-19,1,5,1599,1519.05,Delivered,Delivered
O54262,C10477,P20133,2025-08-22,2,5,998,948.1,Cancelled,Not Applicable
O54263,C10382,P20100,2025-02-24,2,10,1198,1078.2,Delivered,Delivered
O54264,C10155,P20172,2025-10-19,1,30,499,349.3,Delivered,Delivered
O54265,C10257,P20287,2025-08-28,1,20,499,399.2,Delivered,Delivered
O54266,C10756,P20119,2025-11-08,2,10,798,718.2,Delivered,Delivered
O54267,C10674,P20175,2025-02-05,1,30,999,699.3,Delivered,Delivered
O54268,C10068,P20030,2025-03-30,2,15,598,508.3,Delivered,Delivered
O54269,C10344,P20055,2025-07-31,1,10,399,359.1,Delivered,Delivered
O54270,C10277,P20196,2025-11-14,1,10,299,269.1,Delivered,Delivered
O54271,C10673,P20041,2025-12-31,1,10,1999,1799.1,Delivered,Delivered
O54272,C10391,P20173,2025-09-02,2,5,998,948.1,Delivered,Delivered
O54273,C10449,P20219,2025-03-28,2,10,1998,1798.2,Delivered,Delayed
O54274,C10259,P20208,2025-08-28,1,15,499,424.15,Cancelled,Not Applicable
O54275,C10307,P20158,2025-11-16,2,15,998,848.3,Delivered,Delivered
O54276,C10847,P20228,2025-07-07,2,20,2598,2078.4,Delivered,Delivered
O54277,C10095,P20085,2025-02-26,1,10,499,449.1,Delivered,Delivered
O54278,C10950,P20173,2025-04-23,1,20,499,399.2,Delivered,Delivered
O54279,C10464,P20245,2025-08-11,1,15,599,509.15,Delivered,Delivered
O54280,C10970,P20173,2025-03-11,1,30,499,349.3,Cancelled,Not Applicable
O54281,C10246,P20212,2025-08-15,1,10,499,449.1,Delivered,Delivered
O54282,C10733,P20084,2025-09-13,1,25,2499,1874.25,Delivered,Delivered
O54283,C10635,P20173,2025-06-29,1,20,499,399.2,Cancelled,Not Applicable
O54284,C10187,P20183,2025-07-03,1,15,999,849.15,Processing,Not Applicable
O54285,C10774,P20133,2025-07-10,2,15,998,848.3,Delivered,Delivered
O54286,C10925,P20288,2025-08-20,1,0,399,399.0,Delivered,Delivered
O54287,C10785,P20262,2025-10-03,2,30,998,698.6,Delivered,Delivered
O54288,C10373,P20282,2025-08-21,2,0,5998,5998.0,Delivered,Delivered
O54289,C10572,P20293,2025-02-23,1,15,399,339.15,Delivered,Delivered
O54290,C10406,P20269,2025-09-14,1,10,799,719.1,Delivered,Delivered
O54291,C10408,P20197,2025-03-31,2,10,4998,4498.2,Delivered,Delivered
O54292,C10125,P20025,2025-08-14,2,15,1598,1358.3,Delivered,Delivered
O54293,C10337,P20141,2025-09-04,2,25,2598,1948.5,Delivered,Delivered
O54294,C10341,P20223,2025-05-31,2,10,998,898.2,Delivered,Delivered
O54295,C10563,P20020,2025-04-23,2,30,798,558.6,Delivered,Delivered
O54296,C10178,P20247,2025-09-26,2,15,998,848.3,Delivered,Delivered
O54297,C10651,P20201,2025-06-06,1,5,299,284.05,Delivered,Delivered
O54298,C10952,P20115,2025-12-13,1,5,2999,2849.05,Delivered,Delivered
O54299,C10839,P20189,2025-12-17,1,20,299,239.2,Delivered,Delivered
O54300,C10170,P20026,2025-10-26,1,0,999,999.0,Delivered,Delivered
O54301,C10039,P20054,2025-06-08,1,15,1999,1699.15,Delivered,Delayed
O54302,C10069,P20170,2025-11-26,2,0,3198,3198.0,Delivered,Delivered
O54303,C10236,P20011,2025-08-13,2,10,3998,3598.2,Delivered,Delivered
O54304,C10560,P20027,2025-01-14,1,20,299,239.2,Delivered,Delivered
O54305,C10381,P20083,2025-12-21,2,10,1598,1438.2,Delivered,Delivered
O54306,C10057,P20290,2025-04-19,1,5,2499,2374.05,Delivered,Delivered
O54307,C10277,P20038,2025-04-06,3,5,1197,1137.15,Delivered,Delivered
O54308,C10850,P20087,2025-07-14,1,10,1999,1799.1,Delivered,Delivered
O54309,C10099,P20156,2025-02-27,2,0,998,998.0,Delivered,Delivered
O54310,C10916,P20286,2025-12-18,3,15,5997,5097.45,Delivered,Delivered
O54311,C10527,P20186,2025-10-21,1,15,399,339.15,Delivered,Delivered
O54312,C10325,P20182,2025-06-03,2,0,1198,1198.0,Delivered,Delivered
O54313,C10461,P20143,2025-03-05,1,10,599,539.1,Delivered,Delivered
O54314,C10179,P20206,2025-06-07,1,10,399,359.1,Delivered,Delivered
O54315,C10844,P20142,2025-09-22,1,10,1599,1439.1,Delivered,Delivered
O54316,C10574,P20185,2025-05-01,2,15,3198,2718.3,Delivered,Delivered
O54317,C10119,P20241,2025-10-15,3,10,4797,4317.3,Delivered,Delivered
O54318,C10469,P20008,2025-01-11,1,10,1999,1799.1,Delivered,Delivered
O54319,C10549,P20072,2025-08-02,1,20,399,319.2,Delivered,Delivered
O54320,C10646,P20288,2025-06-11,1,5,399,379.05,Delivered,Delivered
O54321,C10455,P20095,2025-04-15,3,15,7497,6372.45,Delivered,Delivered
O54322,C10026,P20157,2025-05-27,2,15,3998,3398.3,Processing,Not Applicable
O54323,C10490,P20041,2025-07-01,1,10,1999,1799.1,Delivered,Delivered
O54324,C10008,P20269,2025-12-04,1,20,799,639.2,Delivered,Delivered
O54325,C10969,P20155,2025-02-06,1,15,599,509.15,Delivered,Delivered
O54326,C10987,P20275,2025-03-23,3,15,1797,1527.45,Delivered,Delivered
O54327,C10516,P20154,2025-01-12,1,15,999,849.15,Delivered,Delivered
O54328,C10533,P20053,2025-01-04,2,20,4998,3998.4,Delivered,Delivered
O54329,C10927,P20179,2025-02-12,3,30,2997,2097.9,Delivered,Delivered
O54330,C10149,P20240,2025-02-20,1,15,299,254.15,Delivered,Delivered
O54331,C10488,P20137,2025-09-18,1,25,1999,1499.25,Delivered,Delivered
O54332,C10025,P20255,2025-05-14,3,0,8997,8997.0,Delivered,Delivered
O54333,C10999,P20224,2025-03-28,2,15,1598,1358.3,Delivered,Delivered
O54334,C10655,P20180,2025-12-28,2,5,3198,3038.1,Delivered,Delivered
O54335,C10757,P20182,2025-02-25,1,0,599,599.0,Delivered,Delivered
O54336,C10931,P20259,2025-08-05,1,15,2499,2124.15,Delivered,Delivered
O54337,C10945,P20243,2025-03-09,2,20,5998,4798.4,Delivered,Delivered
O54338,C10555,P20096,2025-12-18,2,10,798,718.2,Delivered,Delivered
O54339,C10425,P20197,2025-02-13,2,15,4998,4248.3,Delivered,Delivered
O54340,C10293,P20014,2025-05-23,1,15,599,509.15,Delivered,Delivered
O54341,C10185,P20120,2025-12-12,1,10,799,719.1,Delivered,Delivered
O54342,C10554,P20269,2025-02-11,1,10,799,719.1,Delivered,Delivered
O54343,C10431,P20171,2025-05-19,3,10,2397,2157.3,Delivered,Delivered
O54344,C10604,P20072,2025-03-14,2,10,798,718.2,Delivered,Delivered
O54345,C10317,P20179,2025-09-24,1,15,999,849.15,Delivered,Delivered
O54346,C10398,P20170,2025-07-13,2,0,3198,3198.0,Delivered,Delivered
O54347,C10324,P20159,2025-06-04,2,0,4998,4998.0,Delivered,Delivered
O54348,C10565,P20154,2025-09-03,2,15,1998,1698.3,Delivered,Delivered
O54349,C10596,P20082,2025-11-10,2,15,3198,2718.3,Delivered,Delivered
O54350,C10546,P20057,2025-08-06,2,10,598,538.2,Delivered,Delivered
O54351,C10076,P20007,2025-09-10,2,5,2598,2468.1,Delivered,Delivered
O54352,C10865,P20112,2025-10-04,1,10,1599,1439.1,Processing,Not Applicable
O54353,C10920,P20048,2025-10-04,1,20,1299,1039.2,Delivered,Delivered
O54354,C10916,P20080,2025-03-13,2,25,798,598.5,Delivered,Delivered
O54355,C10709,P20033,2025-05-09,1,20,1999,1599.2,Delivered,Delivered
O54356,C10486,P20115,2025-12-24,2,0,5998,5998.0,Delivered,Delivered
O54357,C10798,P20003,2025-07-05,2,15,998,848.3,Cancelled,Not Applicable
O54358,C10088,P20004,2025-01-13,3,5,1497,1422.15,Delivered,Delivered
O54359,C10747,P20260,2025-11-25,1,10,1599,1439.1,Delivered,Delivered
O54360,C10232,P20042,2025-08-08,2,5,1198,1138.1,Delivered,Delivered
O54361,C10007,P20009,2025-01-06,1,20,499,399.2,Delivered,Delivered
O54362,C10804,P20145,2025-08-27,3,15,2397,2037.45,Delivered,Delivered
O54363,C10550,P20097,2025-04-22,1,15,799,679.15,Delivered,Delivered
O54364,C10976,P20276,2025-08-16,1,15,2499,2124.15,Delivered,Delivered
O54365,C10052,P20142,2025-01-17,3,5,4797,4557.15,Delivered,Delivered
O54366,C10655,P20278,2025-03-14,1,10,1299,1169.1,Delivered,Delivered
O54367,C10942,P20027,2025-01-12,2,15,598,508.3,Delivered,Delivered
O54368,C10919,P20043,2025-03-27,1,15,999,849.15,Delivered,Delivered
O54369,C10396,P20131,2025-06-29,1,20,799,639.2,Delivered,Delivered
O54370,C10221,P20216,2025-05-02,2,10,1598,1438.2,Cancelled,Not Applicable
O54371,C10428,P20094,2025-07-23,2,20,598,478.4,Delivered,Delivered
O54372,C10752,P20008,2025-03-11,3,10,5997,5397.3,Delivered,Delivered
O54373,C10143,P20086,2025-04-18,1,15,999,849.15,Delivered,Delivered
O54374,C10861,P20138,2025-07-20,1,10,599,539.1,Delivered,Delivered
O54375,C10363,P20246,2025-02-21,1,25,499,374.25,Delivered,Delivered
O54376,C10382,P20021,2025-02-06,1,5,999,949.05,Delivered,Delivered
O54377,C10561,P20265,2025-04-27,1,15,2499,2124.15,Delivered,Delivered
O54378,C10277,P20148,2025-09-16,2,15,1998,1698.3,Delivered,Delivered
O54379,C10271,P20184,2025-09-21,1,5,1999,1899.05,Delivered,Delivered
O54380,C10014,P20227,2025-10-30,1,0,999,999.0,Delivered,Delivered
O54381,C10298,P20292,2025-03-05,1,20,399,319.2,Delivered,Delivered
O54382,C10464,P20036,2025-02-11,2,5,998,948.1,Delivered,Delivered
O54383,C10527,P20246,2025-02-12,1,5,499,474.05,Delivered,Delivered
O54384,C10234,P20073,2025-05-05,1,30,599,419.3,Cancelled,Not Applicable
O54385,C10575,P20150,2025-09-27,1,20,399,319.2,Delivered,Delivered
O54386,C10708,P20001,2025-12-13,1,5,1299,1234.05,Delivered,Delivered
O54387,C10027,P20069,2025-08-21,3,15,5997,5097.45,Delivered,Delivered
O54388,C10471,P20293,2025-05-12,2,15,798,678.3,Delivered,Delivered
O54389,C10093,P20230,2025-01-02,2,20,3998,3198.4,Delivered,Delivered
O54390,C10617,P20211,2025-04-25,2,20,3998,3198.4,Delivered,Delivered
O54391,C10309,P20072,2025-01-01,3,20,1197,957.6,Delivered,Delivered
O54392,C10052,P20096,2025-11-27,2,5,798,758.1,Processing,Not Applicable
O54393,C10319,P20084,2025-03-06,2,15,4998,4248.3,Delivered,Delivered
O54394,C10969,P20228,2025-05-05,1,0,1299,1299.0,Delivered,Delivered
O54395,C10181,P20299,2025-09-13,3,0,4797,4797.0,Delivered,Delivered
O54396,C10569,P20236,2025-11-18,3,20,7497,5997.6,Delivered,Delivered
O54397,C10120,P20293,2025-05-23,1,0,399,399.0,Delivered,Delivered
O54398,C10820,P20222,2025-11-24,1,15,499,424.15,Delivered,Delivered
O54399,C10875,P20223,2025-09-03,2,20,998,798.4,Cancelled,Not Applicable
O54400,C10043,P20281,2025-04-26,1,10,1299,1169.1,Delivered,Delivered
O54401,C10647,P20221,2025-10-30,1,0,799,799.0,Delivered,Delivered
O54402,C10885,P20216,2025-03-31,1,20,799,639.2,Delivered,Delivered
O54403,C10938,P20231,2025-10-23,1,25,399,299.25,Delivered,Delivered
O54404,C10260,P20169,2025-02-11,2,20,3998,3198.4,Delivered,Delivered
O54405,C10197,P20042,2025-02-04,1,15,599,509.15,Delivered,Delivered
O54406,C10645,P20258,2025-02-10,1,5,599,569.05,Delivered,Delivered
O54407,C10971,P20196,2025-12-07,1,0,299,299.0,Delivered,Delivered
O54408,C10255,P20096,2025-05-04,2,20,798,638.4,Delivered,Delivered
O54409,C10732,P20014,2025-02-26,1,5,599,569.05,Delivered,Delivered
O54410,C10336,P20113,2025-10-21,1,25,1299,974.25,Delivered,Delivered
O54411,C10553,P20077,2025-08-23,1,10,1299,1169.1,Cancelled,Not Applicable
O54412,C10502,P20277,2025-04-06,3,15,1197,1017.45,Cancelled,Not Applicable
O54413,C10990,P20160,2025-11-15,2,20,798,638.4,Delivered,Delivered
O54414,C10900,P20119,2025-12-09,2,20,798,638.4,Delivered,Delivered
O54415,C10255,P20161,2025-05-12,1,15,1299,1104.15,Delivered,Delivered
O54416,C10514,P20146,2025-06-25,2,25,4998,3748.5,Delivered,Delivered
O54417,C10707,P20163,2025-02-21,2,30,3198,2238.6,Delivered,Delivered
O54418,C10242,P20179,2025-02-07,1,25,999,749.25,Cancelled,Not Applicable
O54419,C10149,P20089,2025-12-09,1,20,599,479.2,Delivered,Delivered
O54420,C10710,P20223,2025-01-05,2,20,998,798.4,Delivered,Delivered
O54421,C10299,P20266,2025-08-01,3,15,1197,1017.45,Delivered,Delivered
O54422,C10757,P20239,2025-04-30,2,0,1598,1598.0,Delivered,Delivered
O54423,C10850,P20034,2025-11-22,2,10,1198,1078.2,Delivered,Delivered
O54424,C10620,P20167,2025-07-28,3,0,8997,8997.0,Delivered,Delivered
O54425,C10453,P20125,2025-08-05,1,0,299,299.0,Delivered,Delayed
O54426,C10393,P20224,2025-01-24,1,10,799,719.1,Delivered,Delivered
O54427,C10212,P20150,2025-12-08,1,0,399,399.0,Delivered,Delivered
O54428,C10668,P20189,2025-07-24,1,25,299,224.25,Delivered,Delivered
O54429,C10538,P20043,2025-08-14,1,20,999,799.2,Delivered,Delivered
O54430,C10594,P20029,2025-08-06,2,0,798,798.0,Delivered,Delivered
O54431,C10595,P20120,2025-07-30,1,5,799,759.05,Cancelled,Not Applicable
O54432,C10131,P20031,2025-01-26,2,20,4998,3998.4,Processing,Not Applicable
O54433,C10329,P20181,2025-09-09,1,20,1999,1599.2,Delivered,Delivered
O54434,C10612,P20162,2025-01-03,3,25,2997,2247.75,Delivered,Delivered
O54435,C10256,P20128,2025-01-02,3,30,2997,2097.9,Delivered,Delivered
O54436,C10479,P20255,2025-04-02,1,30,2999,2099.3,Processing,Not Applicable
O54437,C10561,P20294,2025-01-02,3,10,4797,4317.3,Delivered,Delivered
O54438,C10913,P20254,2025-05-30,1,5,1299,1234.05,Delivered,Delivered
O54439,C10063,P20130,2025-03-12,2,20,2598,2078.4,Delivered,Delivered
O54440,C10311,P20012,2025-01-04,3,10,8997,8097.3,Delivered,Delivered
O54441,C10407,P20035,2025-02-07,3,20,5997,4797.6,Delivered,Delivered
O54442,C10802,P20198,2025-12-25,2,15,1198,1018.3,Delivered,Delivered
O54443,C10105,P20248,2025-03-11,2,20,1998,1598.4,Delivered,Delivered
O54444,C10617,P20110,2025-07-20,1,10,1999,1799.1,Delivered,Delivered
O54445,C10837,P20245,2025-11-04,1,15,599,509.15,Delivered,Delivered
O54446,C10015,P20250,2025-09-09,3,15,7497,6372.45,Delivered,Delivered
O54447,C10687,P20163,2025-10-14,2,25,3198,2398.5,Delivered,Delivered
O54448,C10259,P20048,2025-10-19,1,5,1299,1234.05,Delivered,Delivered
O54449,C10723,P20071,2025-06-03,1,25,499,374.25,Delivered,Delivered
O54450,C10412,P20134,2025-05-13,2,20,3198,2558.4,Cancelled,Not Applicable
O54451,C10259,P20239,2025-03-15,1,20,799,639.2,Delivered,Delivered
O54452,C10614,P20068,2025-10-01,3,20,4797,3837.6,Delivered,Delivered
O54453,C10260,P20278,2025-09-28,2,15,2598,2208.3,Delivered,Delivered
O54454,C10856,P20032,2025-07-04,1,5,299,284.05,Delivered,Delivered
O54455,C10671,P20123,2025-12-19,1,5,1999,1899.05,Delivered,Delivered
O54456,C10045,P20022,2025-01-05,1,25,599,449.25,Delivered,Delivered
O54457,C10955,P20155,2025-10-20,2,20,1198,958.4,Delivered,Delivered
O54458,C10813,P20110,2025-12-26,2,5,3998,3798.1,Delivered,Delivered
O54459,C10763,P20271,2025-03-27,2,15,798,678.3,Delivered,Delivered
O54460,C10331,P20300,2025-08-02,1,10,299,269.1,Processing,Not Applicable
O54461,C10165,P20115,2025-01-15,2,5,5998,5698.1,Delivered,Delivered
O54462,C10193,P20220,2025-09-30,1,15,1599,1359.15,Cancelled,Not Applicable
O54463,C10521,P20230,2025-02-20,2,10,3998,3598.2,Delivered,Delivered
O54464,C10401,P20252,2025-09-10,2,0,598,598.0,Cancelled,Not Applicable
O54465,C10374,P20249,2025-02-14,2,10,3198,2878.2,Delivered,Delivered
O54466,C10065,P20009,2025-07-10,1,15,499,424.15,Delivered,Delivered
O54467,C10387,P20034,2025-05-02,1,0,599,599.0,Delivered,Delivered
O54468,C10495,P20228,2025-07-06,1,10,1299,1169.1,Delivered,Delivered
O54469,C10794,P20073,2025-08-02,2,5,1198,1138.1,Delivered,Delivered
O54470,C10693,P20212,2025-05-29,2,0,998,998.0,Delivered,Delivered
O54471,C10415,P20072,2025-06-19,1,0,399,399.0,Delivered,Delivered
O54472,C10794,P20058,2025-07-28,3,0,897,897.0,Delivered,Delivered
O54473,C10791,P20220,2025-03-23,3,5,4797,4557.15,Delivered,Delivered
O54474,C10030,P20275,2025-07-15,1,20,599,479.2,Delivered,Delivered
O54475,C10266,P20249,2025-09-03,2,10,3198,2878.2,Cancelled,Not Applicable
O54476,C10328,P20016,2025-12-11,1,0,299,299.0,Cancelled,Not Applicable
O54477,C10492,P20075,2025-12-23,1,0,999,999.0,Delivered,Delivered
O54478,C10217,P20106,2025-02-09,2,10,598,538.2,Delivered,Delivered
O54479,C10320,P20136,2025-06-17,2,20,798,638.4,Delivered,Delivered
O54480,C10918,P20074,2025-02-12,1,10,499,449.1,Delivered,Delivered
O54481,C10399,P20254,2025-11-25,2,5,2598,2468.1,Delivered,Delivered
O54482,C10891,P20018,2025-07-30,1,10,1999,1799.1,Delivered,Delivered
O54483,C10105,P20043,2025-06-28,2,15,1998,1698.3,Delivered,Delivered
O54484,C10696,P20050,2025-01-23,1,0,299,299.0,Delivered,Delivered
O54485,C10330,P20003,2025-04-05,3,15,1497,1272.45,Delivered,Delivered
O54486,C10660,P20232,2025-06-09,3,10,2997,2697.3,Cancelled,Not Applicable
O54487,C10617,P20219,2025-09-01,1,0,999,999.0,Delivered,Delivered
O54488,C10047,P20059,2025-01-17,1,15,1999,1699.15,Delivered,Delivered
O54489,C10599,P20284,2025-04-22,2,20,2598,2078.4,Delivered,Delivered
O54490,C10821,P20064,2025-04-13,1,15,2499,2124.15,Delivered,Delivered
O54491,C10949,P20070,2025-11-10,2,10,5998,5398.2,Delivered,Delivered
O54492,C10641,P20142,2025-03-27,2,15,3198,2718.3,Delivered,Delivered
O54493,C10770,P20202,2025-02-04,1,10,2499,2249.1,Delivered,Delivered
O54494,C10314,P20207,2025-01-30,2,20,798,638.4,Delivered,Delivered
O54495,C10147,P20221,2025-07-11,2,15,1598,1358.3,Delivered,Delivered
O54496,C10958,P20246,2025-06-28,3,0,1497,1497.0,Delivered,Delivered
O54497,C10462,P20081,2025-04-14,1,15,1599,1359.15,Delivered,Delivered
O54498,C10584,P20251,2025-06-14,1,15,1599,1359.15,Delivered,Delivered
O54499,C10486,P20051,2025-05-02,1,10,1999,1799.1,Delivered,Delivered
O54500,C10652,P20285,2025-05-14,1,25,1299,974.25,Delivered,Delivered
O54501,C10410,P20204,2025-10-17,2,20,1598,1278.4,Delivered,Delivered
O54502,C10027,P20025,2025-11-08,2,5,1598,1518.1,Delivered,Delivered
O54503,C10029,P20041,2025-08-12,1,25,1999,1499.25,Delivered,Delivered
O54504,C10271,P20069,2025-01-25,1,10,1999,1799.1,Delivered,Delivered
O54505,C10686,P20004,2025-01-13,2,20,998,798.4,Delivered,Delivered
O54506,C10501,P20240,2025-11-15,1,20,299,239.2,Delivered,Delivered
O54507,C10253,P20031,2025-08-18,3,15,7497,6372.45,Delivered,Delivered
O54508,C10385,P20117,2025-04-12,1,10,599,539.1,Delivered,Delivered
O54509,C10060,P20195,2025-07-22,1,25,399,299.25,Delivered,Delivered
O54510,C10107,P20090,2025-09-24,1,5,299,284.05,Delivered,Delivered
O54511,C10220,P20178,2025-12-31,1,5,1299,1234.05,Delivered,Delivered
O54512,C10441,P20145,2025-08-10,3,10,2397,2157.3,Delivered,Delivered
O54513,C10771,P20202,2025-04-14,2,25,4998,3748.5,Delivered,Delivered
O54514,C10883,P20203,2025-04-21,2,25,1598,1198.5,Delivered,Delivered
O54515,C10658,P20024,2025-03-10,1,5,399,379.05,Delivered,Delivered
O54516,C10564,P20105,2025-12-24,1,25,2499,1874.25,Delivered,Delivered
O54517,C10572,P20275,2025-09-15,3,5,1797,1707.15,Delivered,Delivered
O54518,C10546,P20060,2025-06-17,1,30,599,419.3,Delivered,Delivered
O54519,C10096,P20015,2025-10-20,1,15,499,424.15,Delivered,Delivered
O54520,C10989,P20085,2025-02-18,2,0,998,998.0,Delivered,Delivered
O54521,C10089,P20197,2025-09-07,1,0,2499,2499.0,Delivered,Delivered
O54522,C10828,P20235,2025-11-27,2,0,1198,1198.0,Delivered,Delivered
O54523,C10922,P20263,2025-03-16,1,5,399,379.05,Delivered,Delayed
O54524,C10231,P20006,2025-07-20,1,20,499,399.2,Delivered,Delayed
O54525,C10968,P20289,2025-02-03,1,5,2499,2374.05,Delivered,Delivered
O54526,C10275,P20058,2025-11-10,3,30,897,627.9,Delivered,Delivered
O54527,C10246,P20145,2025-04-21,1,15,799,679.15,Delivered,Delivered
O54528,C10111,P20042,2025-12-18,1,20,599,479.2,Delivered,Delivered
O54529,C10234,P20200,2025-11-12,2,5,2598,2468.1,Delivered,Delivered
O54530,C10278,P20174,2025-08-25,2,25,798,598.5,Delivered,Delivered
O54531,C10477,P20095,2025-02-01,3,15,7497,6372.45,Delivered,Delivered
O54532,C10417,P20217,2025-07-28,3,25,8997,6747.75,Delivered,Delivered
O54533,C10678,P20111,2025-05-12,1,30,399,279.3,Delivered,Delayed
O54534,C10128,P20180,2025-04-16,1,0,1599,1599.0,Delivered,Delivered
O54535,C10237,P20163,2025-02-02,1,0,1599,1599.0,Delivered,Delivered
O54536,C10803,P20119,2025-02-12,2,20,798,638.4,Delivered,Delivered
O54537,C10619,P20228,2025-04-17,2,25,2598,1948.5,Processing,Not Applicable
O54538,C10128,P20145,2025-09-22,2,15,1598,1358.3,Delivered,Delivered
O54539,C10707,P20142,2025-08-14,3,10,4797,4317.3,Delivered,Delivered
O54540,C10851,P20122,2025-06-28,2,15,3198,2718.3,Delivered,Delivered
O54541,C10394,P20285,2025-08-10,1,10,1299,1169.1,Cancelled,Not Applicable
O54542,C10475,P20226,2025-05-05,2,5,2598,2468.1,Cancelled,Not Applicable
O54543,C10655,P20257,2025-10-03,2,15,598,508.3,Delivered,Delivered
O54544,C10395,P20285,2025-06-16,3,5,3897,3702.15,Delivered,Delayed
O54545,C10111,P20165,2025-05-31,1,15,399,339.15,Delivered,Delivered
O54546,C10090,P20221,2025-02-10,3,30,2397,1677.9,Delivered,Delivered
O54547,C10763,P20069,2025-10-27,1,20,1999,1599.2,Delivered,Delivered
O54548,C10280,P20224,2025-02-04,2,25,1598,1198.5,Delivered,Delivered
O54549,C10333,P20124,2025-11-10,3,20,2997,2397.6,Delivered,Delivered
O54550,C10224,P20012,2025-10-31,3,10,8997,8097.3,Delivered,Delivered
O54551,C10101,P20052,2025-08-19,3,20,1797,1437.6,Delivered,Delivered
O54552,C10132,P20129,2025-08-03,3,25,2397,1797.75,Delivered,Delivered
O54553,C10013,P20135,2025-11-10,1,25,1999,1499.25,Delivered,Delivered
O54554,C10457,P20145,2025-04-11,1,15,799,679.15,Delivered,Delivered
O54555,C10441,P20127,2025-02-26,3,5,1797,1707.15,Processing,Not Applicable
O54556,C10098,P20226,2025-08-03,1,0,1299,1299.0,Delivered,Delivered
O54557,C10120,P20071,2025-06-05,2,0,998,998.0,Cancelled,Not Applicable
O54558,C10293,P20273,2025-03-05,3,30,2397,1677.9,Delivered,Delivered
O54559,C10816,P20187,2025-03-03,2,10,3998,3598.2,Delivered,Delivered
O54560,C10711,P20003,2025-12-05,3,25,1497,1122.75,Delivered,Delivered
O54561,C10001,P20285,2025-03-03,3,10,3897,3507.3,Delivered,Delivered
O54562,C10572,P20022,2025-04-04,1,15,599,509.15,Delivered,Delivered
O54563,C10250,P20166,2025-12-07,2,0,3998,3998.0,Delivered,Delivered
O54564,C10652,P20246,2025-01-26,3,5,1497,1422.15,Delivered,Delivered
O54565,C10149,P20234,2025-05-01,3,10,1197,1077.3,Delivered,Delivered
O54566,C10395,P20158,2025-02-19,3,15,1497,1272.45,Delivered,Delivered
O54567,C10044,P20151,2025-09-09,1,5,2499,2374.05,Delivered,Delivered
O54568,C10883,P20213,2025-02-05,2,20,1198,958.4,Delivered,Delivered
O54569,C10698,P20218,2025-10-16,1,10,1299,1169.1,Delivered,Delivered
O54570,C10620,P20246,2025-04-10,3,20,1497,1197.6,Delivered,Delivered
O54571,C10044,P20276,2025-11-20,2,0,4998,4998.0,Cancelled,Not Applicable
O54572,C10078,P20151,2025-11-25,1,15,2499,2124.15,Delivered,Delivered
O54573,C10226,P20196,2025-05-16,1,10,299,269.1,Delivered,Delivered
O54574,C10162,P20021,2025-07-13,1,20,999,799.2,Delivered,Delayed
O54575,C10793,P20257,2025-08-09,3,10,897,807.3,Delivered,Delivered
O54576,C10253,P20017,2025-10-06,1,15,999,849.15,Delivered,Delivered
O54577,C10132,P20051,2025-11-22,3,25,5997,4497.75,Delivered,Delivered
O54578,C10448,P20270,2025-02-24,3,0,2997,2997.0,Delivered,Delivered
O54579,C10884,P20083,2025-04-20,2,0,1598,1598.0,Delivered,Delivered
O54580,C10887,P20124,2025-05-29,1,20,999,799.2,Delivered,Delayed
O54581,C10474,P20290,2025-09-22,1,15,2499,2124.15,Delivered,Delayed
O54582,C10656,P20262,2025-06-11,1,10,499,449.1,Processing,Not Applicable
O54583,C10778,P20049,2025-07-06,2,15,1198,1018.3,Delivered,Delivered
O54584,C10109,P20006,2025-05-09,2,0,998,998.0,Delivered,Delivered
O54585,C10706,P20117,2025-04-18,2,5,1198,1138.1,Delivered,Delivered
O54586,C10035,P20118,2025-03-09,1,10,799,719.1,Delivered,Delivered
O54587,C10467,P20263,2025-03-07,3,20,1197,957.6,Delivered,Delivered
O54588,C10902,P20129,2025-05-24,2,15,1598,1358.3,Delivered,Delivered
O54589,C10275,P20171,2025-02-22,1,15,799,679.15,Delivered,Delivered
O54590,C10187,P20027,2025-05-08,3,25,897,672.75,Delivered,Delivered
O54591,C10949,P20199,2025-11-17,3,10,1197,1077.3,Delivered,Delivered
O54592,C10243,P20097,2025-07-26,1,20,799,639.2,Cancelled,Not Applicable
O54593,C10264,P20017,2025-11-16,2,25,1998,1498.5,Cancelled,Not Applicable
O54594,C10974,P20173,2025-08-04,1,5,499,474.05,Delivered,Delivered
O54595,C10522,P20101,2025-03-09,2,10,2598,2338.2,Delivered,Delivered
O54596,C10963,P20186,2025-03-03,3,30,1197,837.9,Delivered,Delivered
O54597,C10678,P20184,2025-07-29,1,30,1999,1399.3,Delivered,Delayed
O54598,C10541,P20215,2025-12-03,3,5,2397,2277.15,Delivered,Delivered
O54599,C10783,P20251,2025-11-23,1,0,1599,1599.0,Delivered,Delivered
O54600,C10087,P20216,2025-02-21,3,10,2397,2157.3,Processing,Not Applicable
O54601,C10535,P20029,2025-04-26,1,10,399,359.1,Delivered,Delivered
O54602,C10210,P20102,2025-03-06,2,10,5998,5398.2,Delivered,Delivered
O54603,C10046,P20123,2025-05-10,3,15,5997,5097.45,Delivered,Delivered
O54604,C10467,P20054,2025-06-26,2,25,3998,2998.5,Delivered,Delayed
O54605,C10540,P20283,2025-10-05,2,10,1598,1438.2,Cancelled,Not Applicable
O54606,C10026,P20102,2025-06-12,1,20,2999,2399.2,Delivered,Delivered
O54607,C10266,P20117,2025-11-28,1,0,599,599.0,Delivered,Delivered
O54608,C10175,P20104,2025-06-01,3,0,1797,1797.0,Delivered,Delivered
O54609,C10516,P20045,2025-12-16,2,15,4998,4248.3,Processing,Not Applicable
O54610,C10311,P20114,2025-08-24,3,0,4797,4797.0,Delivered,Delivered
O54611,C10322,P20031,2025-06-07,2,10,4998,4498.2,Delivered,Delivered
O54612,C10579,P20164,2025-11-23,3,25,1197,897.75,Delivered,Delivered
O54613,C10135,P20189,2025-04-16,2,5,598,568.1,Delivered,Delivered
O54614,C10055,P20293,2025-11-02,1,20,399,319.2,Delivered,Delivered
O54615,C10976,P20195,2025-09-12,2,10,798,718.2,Delivered,Delivered
O54616,C10543,P20292,2025-12-24,1,0,399,399.0,Delivered,Delivered
O54617,C10586,P20261,2025-04-23,2,15,1998,1698.3,Delivered,Delivered
O54618,C10531,P20207,2025-01-30,2,20,798,638.4,Processing,Not Applicable
O54619,C10156,P20052,2025-01-12,2,10,1198,1078.2,Delivered,Delivered
O54620,C10849,P20049,2025-06-26,2,15,1198,1018.3,Delivered,Delivered
O54621,C10668,P20006,2025-12-04,2,25,998,748.5,Delivered,Delivered
O54622,C10147,P20224,2025-02-15,2,20,1598,1278.4,Delivered,Delivered
O54623,C10485,P20023,2025-06-20,2,5,598,568.1,Processing,Not Applicable
O54624,C10599,P20145,2025-05-10,1,20,799,639.2,Delivered,Delayed
O54625,C10020,P20110,2025-09-02,2,15,3998,3398.3,Delivered,Delivered
O54626,C10269,P20212,2025-12-19,1,20,499,399.2,Delivered,Delayed
O54627,C10333,P20300,2025-07-22,1,15,299,254.15,Delivered,Delivered
O54628,C10555,P20041,2025-08-14,2,0,3998,3998.0,Delivered,Delivered
O54629,C10907,P20172,2025-03-21,2,15,998,848.3,Delivered,Delivered
O54630,C10944,P20186,2025-11-06,3,15,1197,1017.45,Delivered,Delivered
O54631,C10911,P20214,2025-02-04,1,15,999,849.15,Delivered,Delivered
O54632,C10401,P20052,2025-02-21,3,25,1797,1347.75,Delivered,Delivered
O54633,C10950,P20070,2025-06-10,2,25,5998,4498.5,Delivered,Delivered
O54634,C10306,P20196,2025-03-25,2,10,598,538.2,Delivered,Delivered
O54635,C10028,P20151,2025-11-24,1,10,2499,2249.1,Delivered,Delivered
O54636,C10467,P20109,2025-01-26,1,15,2999,2549.15,Delivered,Delivered
O54637,C10260,P20118,2025-08-13,1,15,799,679.15,Delivered,Delayed
O54638,C10534,P20095,2025-11-13,3,30,7497,5247.9,Delivered,Delivered
O54639,C10982,P20256,2025-06-03,2,15,3198,2718.3,Delivered,Delivered
O54640,C10887,P20044,2025-10-20,1,10,399,359.1,Delivered,Delivered
O54641,C10101,P20067,2025-04-05,1,15,399,339.15,Delivered,Delivered
O54642,C10551,P20156,2025-08-13,1,15,499,424.15,Delivered,Delivered
O54643,C10802,P20206,2025-09-24,1,15,399,339.15,Delivered,Delivered
O54644,C10353,P20274,2025-02-10,3,15,2997,2547.45,Delivered,Delivered
O54645,C10300,P20155,2025-05-13,2,5,1198,1138.1,Delivered,Delivered
O54646,C10682,P20179,2025-03-07,1,0,999,999.0,Delivered,Delivered
O54647,C10296,P20060,2025-07-29,2,10,1198,1078.2,Delivered,Delivered
O54648,C10353,P20074,2025-06-02,1,10,499,449.1,Delivered,Delayed
O54649,C10908,P20049,2025-06-21,2,0,1198,1198.0,Delivered,Delivered
O54650,C10130,P20271,2025-11-21,1,20,399,319.2,Delivered,Delivered
O54651,C10156,P20073,2025-02-28,2,10,1198,1078.2,Delivered,Delivered
O54652,C10074,P20196,2025-07-03,1,25,299,224.25,Delivered,Delivered
O54653,C10342,P20179,2025-06-29,1,5,999,949.05,Delivered,Delivered
O54654,C10465,P20048,2025-11-18,2,0,2598,2598.0,Delivered,Delivered
O54655,C10090,P20072,2025-11-20,2,15,798,678.3,Delivered,Delivered
O54656,C10579,P20113,2025-01-12,2,5,2598,2468.1,Delivered,Delivered
O54657,C10455,P20245,2025-03-09,2,25,1198,898.5,Delivered,Delivered
O54658,C10748,P20159,2025-11-25,2,0,4998,4998.0,Delivered,Delivered
O54659,C10712,P20274,2025-07-21,1,10,999,899.1,Cancelled,Not Applicable
O54660,C10980,P20268,2025-01-06,1,25,299,224.25,Delivered,Delivered
O54661,C10332,P20030,2025-01-15,2,10,598,538.2,Delivered,Delayed
O54662,C10739,P20097,2025-02-11,1,0,799,799.0,Delivered,Delivered
O54663,C10977,P20251,2025-01-31,1,10,1599,1439.1,Delivered,Delivered
O54664,C10348,P20007,2025-06-30,1,15,1299,1104.15,Processing,Not Applicable
O54665,C10233,P20092,2025-09-19,2,5,798,758.1,Delivered,Delivered
O54666,C10778,P20113,2025-10-16,2,10,2598,2338.2,Delivered,Delivered
O54667,C10598,P20259,2025-01-21,1,20,2499,1999.2,Delivered,Delivered
O54668,C10102,P20107,2025-07-01,1,25,499,374.25,Delivered,Delivered
O54669,C10953,P20063,2025-07-03,3,0,2397,2397.0,Delivered,Delayed
O54670,C10481,P20271,2025-09-01,2,5,798,758.1,Cancelled,Not Applicable
O54671,C10214,P20199,2025-12-16,1,10,399,359.1,Delivered,Delivered
O54672,C10108,P20146,2025-05-29,3,15,7497,6372.45,Delivered,Delivered
O54673,C10165,P20061,2025-09-13,1,10,499,449.1,Delivered,Delayed
O54674,C10973,P20120,2025-04-10,2,20,1598,1278.4,Delivered,Delivered
O54675,C10603,P20061,2025-02-24,2,20,998,798.4,Delivered,Delivered
O54676,C10704,P20026,2025-07-05,2,0,1998,1998.0,Delivered,Delivered
O54677,C10335,P20115,2025-11-16,3,15,8997,7647.45,Delivered,Delivered
O54678,C10086,P20040,2025-03-27,1,0,999,999.0,Cancelled,Not Applicable
O54679,C10734,P20116,2025-06-23,3,5,897,852.15,Delivered,Delivered
O54680,C10875,P20136,2025-01-22,2,5,798,758.1,Delivered,Delivered
O54681,C10424,P20277,2025-09-01,2,5,798,758.1,Delivered,Delivered
O54682,C10613,P20299,2025-03-01,1,15,1599,1359.15,Delivered,Delivered
O54683,C10738,P20021,2025-04-14,1,15,999,849.15,Delivered,Delivered
O54684,C10364,P20031,2025-05-19,2,5,4998,4748.1,Delivered,Delivered
O54685,C10060,P20247,2025-10-30,1,30,499,349.3,Cancelled,Not Applicable
O54686,C10482,P20027,2025-06-08,2,10,598,538.2,Delivered,Delivered
O54687,C10250,P20073,2025-08-20,1,0,599,599.0,Delivered,Delivered
O54688,C10560,P20097,2025-03-18,1,0,799,799.0,Delivered,Delivered
O54689,C10117,P20161,2025-01-18,1,15,1299,1104.15,Delivered,Delivered
O54690,C10739,P20300,2025-01-22,3,30,897,627.9,Delivered,Delivered
O54691,C10874,P20299,2025-07-03,1,15,1599,1359.15,Delivered,Delivered
O54692,C10915,P20287,2025-05-25,2,25,998,748.5,Delivered,Delivered
O54693,C10968,P20212,2025-02-07,1,10,499,449.1,Delivered,Delivered
O54694,C10999,P20076,2025-10-08,1,10,2499,2249.1,Delivered,Delivered
O54695,C10545,P20143,2025-10-15,3,15,1797,1527.45,Delivered,Delivered
O54696,C10044,P20034,2025-05-23,2,20,1198,958.4,Processing,Not Applicable
O54697,C10509,P20004,2025-01-13,1,10,499,449.1,Cancelled,Not Applicable
O54698,C10988,P20098,2025-07-05,1,25,1999,1499.25,Delivered,Delivered
O54699,C10165,P20217,2025-09-24,1,0,2999,2999.0,Delivered,Delivered
O54700,C10368,P20028,2025-09-26,1,10,299,269.1,Cancelled,Not Applicable
O54701,C10857,P20201,2025-04-07,1,15,299,254.15,Delivered,Delivered
O54702,C10292,P20273,2025-12-23,2,15,1598,1358.3,Delivered,Delivered
O54703,C10849,P20127,2025-10-21,1,10,599,539.1,Delivered,Delivered
O54704,C10856,P20202,2025-01-01,1,10,2499,2249.1,Delivered,Delivered
O54705,C10917,P20009,2025-10-22,1,15,499,424.15,Delivered,Delivered
O54706,C10898,P20287,2025-01-27,1,15,499,424.15,Delivered,Delivered
O54707,C10799,P20088,2025-02-05,3,20,1797,1437.6,Delivered,Delivered
O54708,C10876,P20019,2025-06-09,3,20,897,717.6,Delivered,Delivered
O54709,C10737,P20081,2025-01-31,3,10,4797,4317.3,Delivered,Delivered
O54710,C10286,P20107,2025-05-07,1,30,499,349.3,Delivered,Delivered
O54711,C10204,P20230,2025-09-19,1,20,1999,1599.2,Delivered,Delivered
O54712,C10684,P20112,2025-12-11,3,5,4797,4557.15,Delivered,Delivered
O54713,C10524,P20220,2025-07-29,2,5,3198,3038.1,Delivered,Delivered
O54714,C10819,P20123,2025-05-30,3,10,5997,5397.3,Delivered,Delivered
O54715,C10121,P20244,2025-01-31,1,10,2499,2249.1,Delivered,Delivered
O54716,C10945,P20178,2025-04-10,2,25,2598,1948.5,Cancelled,Not Applicable
O54717,C10756,P20065,2025-11-25,1,20,1299,1039.2,Delivered,Delivered
O54718,C10664,P20003,2025-10-29,2,25,998,748.5,Delivered,Delivered
O54719,C10664,P20207,2025-12-19,1,10,399,359.1,Cancelled,Not Applicable
O54720,C10188,P20021,2025-08-07,1,15,999,849.15,Delivered,Delivered
O54721,C10907,P20293,2025-09-10,2,10,798,718.2,Delivered,Delivered
O54722,C10013,P20015,2025-06-20,1,0,499,499.0,Delivered,Delivered
O54723,C10603,P20206,2025-09-14,3,15,1197,1017.45,Delivered,Delivered
O54724,C10200,P20202,2025-02-26,1,0,2499,2499.0,Delivered,Delivered
O54725,C10586,P20120,2025-01-09,1,15,799,679.15,Delivered,Delivered
O54726,C10768,P20137,2025-01-05,1,15,1999,1699.15,Delivered,Delivered
O54727,C10456,P20300,2025-12-01,2,20,598,478.4,Cancelled,Not Applicable
O54728,C10448,P20295,2025-04-24,1,0,2999,2999.0,Delivered,Delayed
O54729,C10788,P20025,2025-09-22,2,20,1598,1278.4,Delivered,Delivered
O54730,C10840,P20234,2025-06-22,1,30,399,279.3,Delivered,Delivered
O54731,C10841,P20121,2025-08-08,1,25,1299,974.25,Delivered,Delivered
O54732,C10071,P20090,2025-07-24,1,20,299,239.2,Delivered,Delivered
O54733,C10590,P20200,2025-01-24,2,15,2598,2208.3,Delivered,Delivered
O54734,C10796,P20180,2025-06-19,3,10,4797,4317.3,Cancelled,Not Applicable
O54735,C10130,P20076,2025-04-13,2,20,4998,3998.4,Delivered,Delivered
O54736,C10889,P20137,2025-03-01,2,20,3998,3198.4,Delivered,Delivered
O54737,C10043,P20138,2025-03-27,1,15,599,509.15,Processing,Not Applicable
O54738,C10520,P20010,2025-09-12,1,20,1599,1279.2,Delivered,Delivered
O54739,C10013,P20201,2025-06-14,3,10,897,807.3,Delivered,Delivered
O54740,C10725,P20219,2025-06-16,1,0,999,999.0,Delivered,Delivered
O54741,C10623,P20060,2025-03-25,1,15,599,509.15,Delivered,Delivered
O54742,C10988,P20147,2025-07-21,3,5,8997,8547.15,Delivered,Delivered
O54743,C10803,P20107,2025-03-31,1,10,499,449.1,Cancelled,Not Applicable
O54744,C10535,P20038,2025-03-30,2,0,798,798.0,Delivered,Delivered
O54745,C10302,P20134,2025-04-30,2,10,3198,2878.2,Delivered,Delivered
O54746,C10766,P20221,2025-06-05,1,20,799,639.2,Delivered,Delivered
O54747,C10527,P20133,2025-07-07,2,15,998,848.3,Delivered,Delivered
O54748,C10642,P20053,2025-07-07,1,0,2499,2499.0,Delivered,Delivered
O54749,C10573,P20062,2025-09-19,3,10,4797,4317.3,Delivered,Delivered
O54750,C10115,P20023,2025-02-21,1,10,299,269.1,Delivered,Delivered
O54751,C10460,P20044,2025-05-20,2,15,798,678.3,Delivered,Delivered
O54752,C10832,P20046,2025-01-19,2,10,798,718.2,Delivered,Delivered
O54753,C10505,P20147,2025-03-16,2,25,5998,4498.5,Delivered,Delivered
O54754,C10308,P20216,2025-08-18,2,0,1598,1598.0,Delivered,Delivered
O54755,C10932,P20047,2025-05-10,1,15,2499,2124.15,Delivered,Delivered
O54756,C10963,P20024,2025-02-24,2,25,798,598.5,Delivered,Delivered
O54757,C10325,P20145,2025-09-28,2,30,1598,1118.6,Delivered,Delivered
O54758,C10579,P20089,2025-04-10,1,5,599,569.05,Delivered,Delivered
O54759,C10761,P20174,2025-03-10,1,15,399,339.15,Processing,Not Applicable
O54760,C10175,P20064,2025-10-26,1,0,2499,2499.0,Delivered,Delivered
O54761,C10851,P20119,2025-01-17,3,15,1197,1017.45,Delivered,Delivered
O54762,C10514,P20223,2025-12-20,1,0,499,499.0,Delivered,Delayed
O54763,C10172,P20156,2025-04-26,3,20,1497,1197.6,Delivered,Delivered
O54764,C10997,P20178,2025-06-01,3,0,3897,3897.0,Delivered,Delivered
O54765,C10960,P20056,2025-11-26,2,15,798,678.3,Delivered,Delivered
O54766,C10502,P20059,2025-04-26,3,15,5997,5097.45,Delivered,Delivered
O54767,C10977,P20220,2025-01-30,1,30,1599,1119.3,Delivered,Delivered
O54768,C10334,P20185,2025-11-19,2,15,3198,2718.3,Delivered,Delivered
O54769,C10284,P20047,2025-02-20,1,10,2499,2249.1,Delivered,Delivered
O54770,C10475,P20102,2025-03-01,1,5,2999,2849.05,Delivered,Delayed
O54771,C10054,P20044,2025-08-17,2,0,798,798.0,Delivered,Delivered
O54772,C10458,P20015,2025-09-16,2,20,998,798.4,Delivered,Delivered
O54773,C10579,P20236,2025-12-26,3,20,7497,5997.6,Delivered,Delivered
O54774,C10420,P20051,2025-01-05,2,15,3998,3398.3,Cancelled,Not Applicable
O54775,C10614,P20034,2025-01-28,3,0,1797,1797.0,Delivered,Delivered
O54776,C10632,P20124,2025-09-11,1,20,999,799.2,Delivered,Delivered
O54777,C10703,P20077,2025-12-30,1,15,1299,1104.15,Delivered,Delivered
O54778,C10409,P20123,2025-08-19,2,30,3998,2798.6,Delivered,Delivered
O54779,C10982,P20205,2025-12-23,3,15,7497,6372.45,Cancelled,Not Applicable
O54780,C10304,P20228,2025-07-19,3,10,3897,3507.3,Delivered,Delivered
O54781,C10935,P20070,2025-11-28,2,10,5998,5398.2,Cancelled,Not Applicable
O54782,C10559,P20230,2025-09-28,2,5,3998,3798.1,Delivered,Delivered
O54783,C10222,P20021,2025-12-05,3,20,2997,2397.6,Delivered,Delivered
O54784,C10533,P20108,2025-10-31,1,20,1299,1039.2,Delivered,Delivered
O54785,C10158,P20241,2025-02-15,1,5,1599,1519.05,Processing,Not Applicable
O54786,C10348,P20251,2025-01-28,3,5,4797,4557.15,Delivered,Delivered
O54787,C10159,P20135,2025-01-07,2,0,3998,3998.0,Delivered,Delivered
O54788,C10889,P20090,2025-08-20,1,25,299,224.25,Delivered,Delivered
O54789,C10884,P20079,2025-07-18,2,5,1998,1898.1,Cancelled,Not Applicable
O54790,C10922,P20177,2025-04-04,3,10,8997,8097.3,Delivered,Delivered
O54791,C10235,P20298,2025-03-23,1,10,399,359.1,Delivered,Delivered
O54792,C10662,P20102,2025-03-29,1,10,2999,2699.1,Delivered,Delivered
O54793,C10405,P20112,2025-07-05,1,20,1599,1279.2,Delivered,Delivered
O54794,C10257,P20181,2025-08-31,1,25,1999,1499.25,Delivered,Delivered
O54795,C10677,P20104,2025-03-09,1,5,599,569.05,Delivered,Delivered
O54796,C10589,P20016,2025-11-07,1,15,299,254.15,Delivered,Delivered
O54797,C10597,P20096,2025-07-06,1,10,399,359.1,Delivered,Delivered
O54798,C10558,P20293,2025-08-27,2,30,798,558.6,Delivered,Delivered
O54799,C10905,P20146,2025-08-06,1,10,2499,2249.1,Delivered,Delivered
O54800,C10913,P20002,2025-04-18,2,0,3998,3998.0,Delivered,Delivered
O54801,C10047,P20119,2025-11-03,2,15,798,678.3,Delivered,Delivered
O54802,C10213,P20094,2025-02-07,2,5,598,568.1,Delivered,Delivered
O54803,C10479,P20191,2025-12-15,2,0,3198,3198.0,Delivered,Delivered
O54804,C10487,P20003,2025-10-03,1,20,499,399.2,Cancelled,Not Applicable
O54805,C10571,P20111,2025-01-10,1,20,399,319.2,Delivered,Delivered
O54806,C10566,P20177,2025-01-26,1,10,2999,2699.1,Delivered,Delivered
O54807,C10342,P20257,2025-02-17,3,15,897,762.45,Delivered,Delivered
O54808,C10524,P20022,2025-12-13,3,15,1797,1527.45,Delivered,Delivered
O54809,C10704,P20220,2025-01-14,1,15,1599,1359.15,Delivered,Delivered
O54810,C10503,P20173,2025-04-10,2,15,998,848.3,Processing,Not Applicable
O54811,C10006,P20224,2025-07-06,3,15,2397,2037.45,Delivered,Delivered
O54812,C10821,P20065,2025-01-12,2,5,2598,2468.1,Delivered,Delivered
O54813,C10144,P20277,2025-10-06,1,5,399,379.05,Delivered,Delivered
O54814,C10858,P20249,2025-12-07,1,10,1599,1439.1,Delivered,Delivered
O54815,C10261,P20260,2025-11-24,2,10,3198,2878.2,Delivered,Delivered
O54816,C10585,P20131,2025-06-16,1,20,799,639.2,Delivered,Delivered
O54817,C10686,P20113,2025-05-02,1,10,1299,1169.1,Delivered,Delivered
O54818,C10232,P20286,2025-04-05,1,5,1999,1899.05,Delivered,Delivered
O54819,C10270,P20287,2025-01-25,3,5,1497,1422.15,Cancelled,Not Applicable
O54820,C10940,P20211,2025-01-17,1,5,1999,1899.05,Delivered,Delivered
O54821,C10447,P20020,2025-01-29,1,20,399,319.2,Delivered,Delivered
O54822,C10874,P20215,2025-11-19,1,15,799,679.15,Delivered,Delivered
O54823,C10222,P20251,2025-12-07,2,20,3198,2558.4,Cancelled,Not Applicable
O54824,C10052,P20271,2025-11-09,1,10,399,359.1,Delivered,Delivered
O54825,C10116,P20180,2025-03-13,2,25,3198,2398.5,Cancelled,Not Applicable
O54826,C10538,P20194,2025-09-27,1,30,399,279.3,Delivered,Delivered
O54827,C10565,P20079,2025-09-07,1,15,999,849.15,Delivered,Delivered
O54828,C10877,P20180,2025-10-22,2,25,3198,2398.5,Delivered,Delivered
O54829,C10541,P20163,2025-05-24,1,15,1599,1359.15,Delivered,Delivered
O54830,C10019,P20202,2025-10-01,1,25,2499,1874.25,Delivered,Delivered
O54831,C10815,P20014,2025-08-11,2,20,1198,958.4,Delivered,Delivered
O54832,C10392,P20246,2025-03-16,3,30,1497,1047.9,Delivered,Delivered
O54833,C10791,P20014,2025-04-12,2,15,1198,1018.3,Delivered,Delayed
O54834,C10629,P20099,2025-01-20,2,20,798,638.4,Delivered,Delayed
O54835,C10618,P20033,2025-04-27,2,15,3998,3398.3,Delivered,Delivered
O54836,C10419,P20257,2025-06-23,1,5,299,284.05,Delivered,Delivered
O54837,C10991,P20034,2025-06-22,1,10,599,539.1,Cancelled,Not Applicable
O54838,C10309,P20019,2025-01-04,1,25,299,224.25,Delivered,Delivered
O54839,C10739,P20152,2025-12-06,1,0,2999,2999.0,Delivered,Delivered
O54840,C10864,P20260,2025-05-28,2,15,3198,2718.3,Delivered,Delivered
O54841,C10186,P20164,2025-04-24,1,10,399,359.1,Delivered,Delivered
O54842,C10261,P20077,2025-11-17,2,10,2598,2338.2,Delivered,Delayed
O54843,C10528,P20137,2025-06-16,1,25,1999,1499.25,Delivered,Delivered
O54844,C10273,P20208,2025-10-27,1,25,499,374.25,Delivered,Delivered
O54845,C10160,P20242,2025-04-28,2,15,3198,2718.3,Delivered,Delivered
O54846,C10870,P20067,2025-04-10,1,10,399,359.1,Delivered,Delivered
O54847,C10762,P20116,2025-10-01,3,15,897,762.45,Delivered,Delivered
O54848,C10224,P20202,2025-06-24,1,10,2499,2249.1,Delivered,Delivered
O54849,C10256,P20250,2025-06-08,1,10,2499,2249.1,Delivered,Delivered
O54850,C10180,P20278,2025-08-15,1,0,1299,1299.0,Delivered,Delivered
O54851,C10020,P20112,2025-02-07,2,15,3198,2718.3,Delivered,Delivered
O54852,C10624,P20234,2025-07-17,1,10,399,359.1,Delivered,Delivered
O54853,C10632,P20176,2025-05-16,3,15,7497,6372.45,Delivered,Delivered
O54854,C10706,P20143,2025-04-14,1,10,599,539.1,Delivered,Delayed
O54855,C10468,P20032,2025-07-12,2,10,598,538.2,Delivered,Delivered
O54856,C10623,P20181,2025-09-07,1,0,1999,1999.0,Delivered,Delivered
O54857,C10210,P20067,2025-01-13,1,30,399,279.3,Delivered,Delivered
O54858,C10513,P20004,2025-02-24,1,15,499,424.15,Delivered,Delayed
O54859,C10058,P20286,2025-12-10,1,0,1999,1999.0,Delivered,Delivered
O54860,C10093,P20269,2025-03-26,1,15,799,679.15,Cancelled,Not Applicable
O54861,C10221,P20236,2025-04-19,1,25,2499,1874.25,Delivered,Delivered
O54862,C10723,P20277,2025-02-12,3,20,1197,957.6,Delivered,Delivered
O54863,C10940,P20041,2025-03-12,1,20,1999,1599.2,Delivered,Delivered
O54864,C10232,P20121,2025-09-25,1,0,1299,1299.0,Delivered,Delivered
O54865,C10774,P20275,2025-02-28,3,15,1797,1527.45,Delivered,Delivered
O54866,C10364,P20231,2025-02-13,1,20,399,319.2,Delivered,Delayed
O54867,C10615,P20086,2025-09-29,1,15,999,849.15,Delivered,Delivered
O54868,C10562,P20063,2025-01-14,1,25,799,599.25,Delivered,Delivered
O54869,C10374,P20192,2025-04-22,1,10,499,449.1,Delivered,Delivered
O54870,C10622,P20293,2025-11-10,1,5,399,379.05,Delivered,Delivered
O54871,C10456,P20031,2025-08-16,1,25,2499,1874.25,Delivered,Delivered
O54872,C10088,P20146,2025-06-18,2,15,4998,4248.3,Delivered,Delivered
O54873,C10020,P20107,2025-10-18,3,0,1497,1497.0,Delivered,Delivered
O54874,C10014,P20110,2025-09-03,1,10,1999,1799.1,Delivered,Delivered
O54875,C10133,P20276,2025-09-23,2,25,4998,3748.5,Delivered,Delivered
O54876,C10937,P20210,2025-12-03,1,0,599,599.0,Delivered,Delivered
O54877,C10808,P20139,2025-08-31,2,0,2598,2598.0,Delivered,Delivered
O54878,C10034,P20086,2025-06-07,3,10,2997,2697.3,Delivered,Delivered
O54879,C10892,P20044,2025-10-27,1,25,399,299.25,Delivered,Delivered
O54880,C10208,P20082,2025-11-23,2,25,3198,2398.5,Delivered,Delivered
O54881,C10813,P20064,2025-01-18,1,15,2499,2124.15,Delivered,Delivered
O54882,C10199,P20055,2025-03-24,2,15,798,678.3,Delivered,Delivered
O54883,C10592,P20074,2025-12-01,2,10,998,898.2,Delivered,Delivered
O54884,C10583,P20129,2025-08-19,3,5,2397,2277.15,Delivered,Delivered
O54885,C10155,P20256,2025-12-08,2,20,3198,2558.4,Delivered,Delivered
O54886,C10590,P20231,2025-09-10,2,0,798,798.0,Delivered,Delivered
O54887,C10078,P20137,2025-06-16,2,15,3998,3398.3,Delivered,Delivered
O54888,C10172,P20112,2025-02-11,1,15,1599,1359.15,Delivered,Delivered
O54889,C10289,P20146,2025-09-06,3,0,7497,7497.0,Delivered,Delayed
O54890,C10545,P20033,2025-09-05,1,15,1999,1699.15,Delivered,Delayed
O54891,C10812,P20260,2025-10-13,1,15,1599,1359.15,Delivered,Delivered
O54892,C10788,P20087,2025-01-20,1,20,1999,1599.2,Delivered,Delivered
O54893,C10879,P20265,2025-12-18,1,5,2499,2374.05,Processing,Not Applicable
O54894,C10420,P20030,2025-02-11,1,10,299,269.1,Delivered,Delivered
O54895,C10007,P20232,2025-12-11,2,15,1998,1698.3,Delivered,Delivered
O54896,C10160,P20076,2025-03-28,1,30,2499,1749.3,Delivered,Delivered
O54897,C10240,P20129,2025-09-18,1,5,799,759.05,Delivered,Delivered
O54898,C10963,P20271,2025-11-02,2,30,798,558.6,Delivered,Delivered
O54899,C10423,P20089,2025-10-24,2,20,1198,958.4,Delivered,Delivered
O54900,C10989,P20170,2025-12-16,1,20,1599,1279.2,Delivered,Delivered
O54901,C10536,P20128,2025-08-28,3,0,2997,2997.0,Delivered,Delivered
O54902,C10726,P20174,2025-06-16,1,10,399,359.1,Delivered,Delivered
O54903,C10070,P20026,2025-11-09,1,0,999,999.0,Delivered,Delivered
O54904,C10880,P20061,2025-08-07,2,10,998,898.2,Processing,Not Applicable
O54905,C10216,P20067,2025-05-13,1,30,399,279.3,Delivered,Delivered
O54906,C10104,P20026,2025-07-26,1,0,999,999.0,Delivered,Delivered
O54907,C10727,P20083,2025-02-20,1,15,799,679.15,Delivered,Delivered
O54908,C10054,P20060,2025-04-16,1,0,599,599.0,Delivered,Delivered
O54909,C10806,P20039,2025-07-03,1,20,299,239.2,Delivered,Delivered
O54910,C10330,P20123,2025-07-20,2,5,3998,3798.1,Processing,Not Applicable
O54911,C10848,P20292,2025-01-11,1,0,399,399.0,Delivered,Delivered
O54912,C10203,P20277,2025-09-11,2,10,798,718.2,Processing,Not Applicable
O54913,C10288,P20282,2025-05-30,2,20,5998,4798.4,Delivered,Delivered
O54914,C10045,P20191,2025-12-20,1,0,1599,1599.0,Delivered,Delivered
O54915,C10829,P20292,2025-12-21,1,5,399,379.05,Delivered,Delayed
O54916,C10198,P20152,2025-04-06,2,0,5998,5998.0,Delivered,Delivered
O54917,C10216,P20233,2025-04-16,2,30,998,698.6,Delivered,Delivered
O54918,C10481,P20146,2025-05-23,2,15,4998,4248.3,Delivered,Delivered
O54919,C10309,P20271,2025-06-15,1,20,399,319.2,Cancelled,Not Applicable
O54920,C10896,P20134,2025-01-01,1,15,1599,1359.15,Delivered,Delivered
O54921,C10435,P20171,2025-02-15,1,0,799,799.0,Delivered,Delivered
O54922,C10332,P20028,2025-08-30,1,15,299,254.15,Delivered,Delivered
O54923,C10696,P20136,2025-12-10,1,0,399,399.0,Delivered,Delivered
O54924,C10027,P20241,2025-10-05,1,10,1599,1439.1,Delivered,Delivered
O54925,C10166,P20228,2025-01-03,2,15,2598,2208.3,Delivered,Delivered
O54926,C10318,P20287,2025-05-22,2,15,998,848.3,Delivered,Delivered
O54927,C10274,P20034,2025-03-02,2,0,1198,1198.0,Delivered,Delivered
O54928,C10383,P20002,2025-10-21,1,0,1999,1999.0,Cancelled,Not Applicable
O54929,C10365,P20195,2025-08-13,2,20,798,638.4,Delivered,Delayed
O54930,C10103,P20094,2025-10-29,3,20,897,717.6,Delivered,Delivered
O54931,C10960,P20135,2025-06-19,2,0,3998,3998.0,Delivered,Delivered
O54932,C10503,P20204,2025-05-14,1,0,799,799.0,Delivered,Delivered
O54933,C10845,P20250,2025-02-10,2,25,4998,3748.5,Delivered,Delayed
O54934,C10373,P20147,2025-08-19,1,20,2999,2399.2,Delivered,Delivered
O54935,C10616,P20254,2025-08-14,1,30,1299,909.3,Delivered,Delivered
O54936,C10926,P20176,2025-05-19,1,5,2499,2374.05,Delivered,Delivered
O54937,C10245,P20125,2025-04-20,1,15,299,254.15,Delivered,Delivered
O54938,C10817,P20251,2025-10-24,1,5,1599,1519.05,Delivered,Delivered
O54939,C10169,P20131,2025-02-26,3,15,2397,2037.45,Delivered,Delivered
O54940,C10628,P20050,2025-05-03,1,0,299,299.0,Delivered,Delivered
O54941,C10653,P20093,2025-08-28,2,0,4998,4998.0,Delivered,Delivered
O54942,C10418,P20220,2025-03-27,3,0,4797,4797.0,Delivered,Delivered
O54943,C10356,P20020,2025-06-25,1,20,399,319.2,Delivered,Delivered
O54944,C10478,P20205,2025-03-04,1,15,2499,2124.15,Delivered,Delivered
O54945,C10125,P20091,2025-02-08,3,15,4797,4077.45,Delivered,Delivered
O54946,C10537,P20173,2025-05-18,3,25,1497,1122.75,Delivered,Delivered
O54947,C10706,P20189,2025-08-29,3,20,897,717.6,Delivered,Delivered
O54948,C10896,P20002,2025-08-14,1,10,1999,1799.1,Delivered,Delayed
O54949,C10612,P20168,2025-07-25,1,30,999,699.3,Delivered,Delivered
O54950,C10402,P20024,2025-06-13,1,10,399,359.1,Delivered,Delivered
O54951,C10517,P20068,2025-01-27,2,0,3198,3198.0,Delivered,Delivered
O54952,C10531,P20194,2025-07-02,3,30,1197,837.9,Cancelled,Not Applicable
O54953,C10682,P20084,2025-07-17,1,0,2499,2499.0,Delivered,Delivered
O54954,C10786,P20207,2025-12-03,1,15,399,339.15,Delivered,Delivered
O54955,C10254,P20049,2025-04-17,2,10,1198,1078.2,Delivered,Delivered
O54956,C10121,P20032,2025-07-08,1,15,299,254.15,Cancelled,Not Applicable
O54957,C10032,P20170,2025-02-05,2,15,3198,2718.3,Delivered,Delivered
O54958,C10661,P20129,2025-03-26,1,5,799,759.05,Cancelled,Not Applicable
O54959,C10778,P20102,2025-06-04,2,15,5998,5098.3,Delivered,Delivered
O54960,C10037,P20035,2025-06-18,2,20,3998,3198.4,Cancelled,Not Applicable
O54961,C10689,P20199,2025-10-11,2,5,798,758.1,Cancelled,Not Applicable
O54962,C10342,P20077,2025-09-29,2,10,2598,2338.2,Delivered,Delivered
O54963,C10013,P20014,2025-02-04,2,5,1198,1138.1,Delivered,Delivered
O54964,C10183,P20131,2025-07-03,2,20,1598,1278.4,Delivered,Delivered
O54965,C10657,P20238,2025-04-09,1,20,1999,1599.2,Cancelled,Not Applicable
O54966,C10265,P20280,2025-08-25,1,25,999,749.25,Cancelled,Not Applicable
O54967,C10088,P20065,2025-05-02,1,5,1299,1234.05,Delivered,Delivered
O54968,C10940,P20138,2025-01-23,1,0,599,599.0,Delivered,Delivered
O54969,C10462,P20269,2025-03-04,1,0,799,799.0,Delivered,Delivered
O54970,C10046,P20228,2025-11-22,2,5,2598,2468.1,Delivered,Delivered
O54971,C10392,P20201,2025-05-30,1,15,299,254.15,Delivered,Delivered
O54972,C10119,P20142,2025-07-14,1,30,1599,1119.3,Delivered,Delivered
O54973,C10933,P20100,2025-03-21,1,10,599,539.1,Cancelled,Not Applicable
O54974,C10531,P20138,2025-11-11,1,30,599,419.3,Delivered,Delivered
O54975,C10447,P20168,2025-06-02,1,0,999,999.0,Delivered,Delivered
O54976,C10732,P20099,2025-01-17,2,25,798,598.5,Delivered,Delivered
O54977,C10942,P20066,2025-02-08,1,5,1999,1899.05,Cancelled,Not Applicable
O54978,C10745,P20047,2025-11-29,2,25,4998,3748.5,Delivered,Delivered
O54979,C10606,P20231,2025-12-14,1,0,399,399.0,Delivered,Delivered
O54980,C10967,P20146,2025-07-21,2,25,4998,3748.5,Delivered,Delivered
O54981,C10763,P20207,2025-10-07,2,5,798,758.1,Delivered,Delivered
O54982,C10762,P20146,2025-03-29,3,10,7497,6747.3,Delivered,Delivered
O54983,C10794,P20152,2025-10-27,1,15,2999,2549.15,Delivered,Delivered
O54984,C10744,P20279,2025-10-19,3,10,4797,4317.3,Delivered,Delivered
O54985,C10046,P20140,2025-12-21,3,15,8997,7647.45,Delivered,Delivered
O54986,C10886,P20151,2025-03-11,2,30,4998,3498.6,Cancelled,Not Applicable
O54987,C10508,P20021,2025-05-04,2,15,1998,1698.3,Delivered,Delivered
O54988,C10558,P20254,2025-03-21,1,20,1299,1039.2,Delivered,Delivered
O54989,C10971,P20064,2025-02-14,1,0,2499,2499.0,Delivered,Delivered
O54990,C10526,P20218,2025-08-21,1,15,1299,1104.15,Delivered,Delivered
O54991,C10597,P20072,2025-06-03,1,10,399,359.1,Delivered,Delivered
O54992,C10831,P20162,2025-06-29,2,25,1998,1498.5,Delivered,Delayed
O54993,C10840,P20130,2025-01-31,2,10,2598,2338.2,Delivered,Delayed
O54994,C10003,P20069,2025-03-26,2,15,3998,3398.3,Delivered,Delayed
O54995,C10028,P20225,2025-02-14,2,5,598,568.1,Delivered,Delivered
O54996,C10381,P20246,2025-11-19,3,5,1497,1422.15,Delivered,Delivered
O54997,C10157,P20068,2025-11-28,1,10,1599,1439.1,Delivered,Delivered
O54998,C10855,P20107,2025-08-31,2,10,998,898.2,Delivered,Delivered
O54999,C10914,P20109,2025-02-09,1,5,2999,2849.05,Delivered,Delayed
O55000,C10931,P20103,2025-07-01,1,0,2499,2499.0,Delivered,Delivered
